model,seed,epoch,train_acc,train_fwd_nfe
NODE,0,1,0.46770833333333334,43.2
NODE,0,2,0.6052083333333333,52.8
NODE,0,3,0.6854166666666667,63.2
NODE,0,4,0.66875,76.4
NODE,0,5,0.8052083333333333,92.8
NODE,0,6,0.9427083333333334,111.2
NODE,0,7,0.9635416666666666,134.0
NODE,0,8,0.9822916666666667,149.2
NODE,0,9,0.9854166666666667,162.4
NODE,0,10,0.9854166666666667,174.8
NODE,0,11,0.9885416666666667,177.6
NODE,0,12,0.9958333333333333,185.6
NODE,0,13,0.9989583333333333,192.0
NODE,0,14,0.9885416666666667,198.4
NODE,0,15,0.9958333333333333,204.0
NODE,0,16,0.9947916666666666,200.4
NODE,0,17,0.9958333333333333,198.4
NODE,0,18,0.9947916666666666,198.4
NODE,0,19,0.9989583333333333,206.8
NODE,0,20,1.0,209.2
NODE,0,21,1.0,217.2
NODE,0,22,1.0,213.6
NODE,0,23,1.0,213.2
NODE,0,24,1.0,211.6
NODE,0,25,1.0,212.4
NODE,0,26,1.0,212.4
NODE,0,27,1.0,214.4
NODE,0,28,1.0,218.8
NODE,0,29,1.0,212.8
NODE,0,30,1.0,217.2
NODE,0,31,1.0,218.0
NODE,0,32,1.0,220.4
NODE,0,33,1.0,223.2
NODE,0,34,1.0,226.0
NODE,0,35,1.0,218.0
NODE,0,36,1.0,219.2
NODE,0,37,1.0,218.4
NODE,0,38,1.0,224.0
NODE,0,39,1.0,228.4
NODE,0,40,1.0,230.0
NODE,0,41,1.0,219.2
NODE,0,42,1.0,225.2
NODE,0,43,1.0,229.2
NODE,0,44,1.0,222.0
NODE,0,45,1.0,224.4
NODE,0,46,1.0,222.4
NODE,0,47,1.0,220.8
NODE,0,48,1.0,216.4
NODE,0,49,1.0,218.0
NODE,0,50,1.0,221.2
NODE,0,51,1.0,221.6
NODE,0,52,1.0,218.4
NODE,0,53,1.0,220.0
NODE,0,54,1.0,219.2
NODE,0,55,1.0,220.4
NODE,0,56,1.0,221.6
NODE,0,57,0.9947916666666666,220.0
NODE,0,58,0.9989583333333333,213.6
NODE,0,59,0.9979166666666667,211.2
NODE,0,60,0.9989583333333333,212.8
NODE,0,61,0.9989583333333333,221.6
NODE,0,62,1.0,213.2
NODE,0,63,1.0,215.2
NODE,0,64,0.9979166666666667,217.2
NODE,0,65,0.9927083333333333,212.4
NODE,0,66,0.9958333333333333,225.6
NODE,0,67,0.9802083333333333,210.0
NODE,0,68,0.9614583333333333,198.4
NODE,0,69,0.9760416666666667,192.0
NODE,0,70,0.9885416666666667,182.8
NODE,0,71,0.9947916666666666,190.8
NODE,0,72,0.996875,189.2
NODE,0,73,0.9979166666666667,193.2
NODE,0,74,0.9979166666666667,195.6
NODE,0,75,0.9979166666666667,197.6
NODE,0,76,0.9979166666666667,194.8
NODE,0,77,0.9989583333333333,194.8
NODE,0,78,0.9989583333333333,200.4
NODE,0,79,0.9989583333333333,197.2
NODE,0,80,0.9989583333333333,200.4
NODE,0,81,0.9989583333333333,198.0
NODE,0,82,0.9989583333333333,199.6
NODE,0,83,0.9989583333333333,200.4
NODE,0,84,0.9989583333333333,207.2
NODE,0,85,0.9989583333333333,207.2
NODE,0,86,0.9989583333333333,204.4
NODE,0,87,0.9989583333333333,198.4
NODE,0,88,0.9989583333333333,206.0
NODE,0,89,0.9989583333333333,211.6
NODE,0,90,0.9989583333333333,205.6
NODE,0,91,0.9989583333333333,205.6
NODE,0,92,0.9989583333333333,206.0
NODE,0,93,0.9989583333333333,208.8
NODE,0,94,0.9989583333333333,207.6
NODE,0,95,0.9989583333333333,207.6
NODE,0,96,0.9989583333333333,210.4
NODE,0,97,0.9989583333333333,203.2
NODE,0,98,0.9989583333333333,215.6
NODE,0,99,0.9989583333333333,206.4
NODE,0,100,0.9989583333333333,208.0
NODE,0,101,0.9989583333333333,208.0
NODE,0,102,0.9989583333333333,211.2
NODE,0,103,0.9989583333333333,214.4
NODE,0,104,0.9989583333333333,209.2
NODE,0,105,0.9989583333333333,204.8
NODE,0,106,0.9989583333333333,207.6
NODE,0,107,0.9989583333333333,205.2
NODE,0,108,0.9989583333333333,214.0
NODE,0,109,0.9989583333333333,216.8
NODE,0,110,0.9989583333333333,211.2
NODE,0,111,0.9989583333333333,208.4
NODE,0,112,1.0,210.0
NODE,0,113,1.0,212.8
NODE,0,114,1.0,208.8
NODE,0,115,1.0,214.0
NODE,0,116,1.0,211.6
NODE,0,117,1.0,208.4
NODE,0,118,1.0,214.8
NODE,0,119,1.0,214.8
NODE,0,120,1.0,213.6
NODE,0,121,1.0,224.0
NODE,0,122,1.0,228.4
NODE,0,123,1.0,204.4
NODE,0,124,1.0,215.6
NODE,0,125,1.0,214.0
NODE,0,126,1.0,220.8
NODE,0,127,1.0,210.0
NODE,0,128,1.0,221.2
NODE,0,129,1.0,211.6
NODE,0,130,1.0,222.8
NODE,0,131,1.0,213.6
NODE,0,132,1.0,218.0
NODE,0,133,1.0,206.4
NODE,0,134,1.0,216.8
NODE,0,135,1.0,222.0
NODE,0,136,1.0,216.8
NODE,0,137,1.0,212.8
NODE,0,138,1.0,210.8
NODE,0,139,1.0,219.2
NODE,0,140,1.0,218.8
NODE,0,141,1.0,208.4
NODE,0,142,1.0,226.8
NODE,0,143,1.0,225.6
NODE,0,144,1.0,226.8
NODE,0,145,1.0,239.6
NODE,0,146,1.0,238.0
NODE,0,147,1.0,232.0
NODE,0,148,1.0,230.0
NODE,0,149,1.0,246.0
NODE,0,150,1.0,250.0
NODE,0,151,1.0,240.4
NODE,0,152,1.0,243.6
NODE,0,153,1.0,250.4
NODE,0,154,0.9979166666666667,248.4
NODE,0,155,0.9979166666666667,204.8
NODE,0,156,0.9989583333333333,217.6
NODE,0,157,1.0,228.0
NODE,0,158,1.0,225.2
NODE,0,159,0.9989583333333333,211.6
NODE,0,160,0.9989583333333333,216.8
NODE,0,161,1.0,222.4
NODE,0,162,1.0,222.8
NODE,0,163,1.0,222.0
NODE,0,164,1.0,220.0
NODE,0,165,1.0,222.4
NODE,0,166,1.0,225.6
NODE,0,167,1.0,223.6
NODE,0,168,1.0,227.2
NODE,0,169,1.0,225.6
NODE,0,170,1.0,226.8
NODE,0,171,1.0,220.4
NODE,0,172,1.0,232.8
NODE,0,173,1.0,230.0
NODE,0,174,1.0,227.2
NODE,0,175,1.0,224.8
NODE,0,176,1.0,225.2
NODE,0,177,1.0,232.8
NODE,0,178,1.0,225.6
NODE,0,179,1.0,224.8
NODE,0,180,1.0,226.4
NODE,0,181,1.0,230.0
NODE,0,182,1.0,232.8
NODE,0,183,1.0,226.0
NODE,0,184,1.0,224.8
NODE,0,185,1.0,226.4
NODE,0,186,1.0,224.0
NODE,0,187,1.0,228.0
NODE,0,188,1.0,223.6
NODE,0,189,1.0,224.8
NODE,0,190,1.0,228.4
NODE,0,191,1.0,231.6
NODE,0,192,1.0,229.2
NODE,0,193,1.0,220.0
NODE,0,194,1.0,230.4
NODE,0,195,1.0,228.4
NODE,0,196,1.0,226.8
NODE,0,197,1.0,225.2
NODE,0,198,1.0,224.0
NODE,0,199,1.0,230.0
NODE,0,200,1.0,222.0
NODE,0,201,1.0,231.2
NODE,0,202,1.0,226.0
NODE,0,203,1.0,232.8
NODE,0,204,1.0,228.8
NODE,0,205,1.0,230.8
NODE,0,206,1.0,224.4
NODE,0,207,1.0,234.0
NODE,0,208,1.0,234.0
NODE,0,209,1.0,227.2
NODE,0,210,1.0,225.6
NODE,0,211,1.0,228.8
NODE,0,212,1.0,231.2
NODE,0,213,1.0,231.2
NODE,0,214,1.0,221.6
NODE,0,215,1.0,230.8
NODE,0,216,1.0,226.4
NODE,0,217,1.0,230.8
NODE,0,218,1.0,228.4
NODE,0,219,1.0,231.6
NODE,0,220,1.0,234.8
NODE,0,221,1.0,224.0
NODE,0,222,1.0,230.8
NODE,0,223,1.0,228.0
NODE,0,224,1.0,232.4
NODE,0,225,1.0,231.6
NODE,0,226,1.0,225.6
NODE,0,227,1.0,228.0
NODE,0,228,1.0,222.8
NODE,0,229,1.0,224.4
NODE,0,230,1.0,234.0
NODE,0,231,1.0,229.2
NODE,0,232,1.0,225.2
NODE,0,233,1.0,228.0
NODE,0,234,1.0,228.4
NODE,0,235,1.0,223.6
NODE,0,236,1.0,222.4
NODE,0,237,1.0,219.6
NODE,0,238,1.0,225.2
NODE,0,239,1.0,226.4
NODE,0,240,1.0,230.0
NODE,0,241,1.0,233.2
NODE,0,242,1.0,225.2
NODE,0,243,1.0,228.8
NODE,0,244,1.0,220.8
NODE,0,245,1.0,225.6
NODE,0,246,1.0,226.4
NODE,0,247,1.0,220.8
NODE,0,248,1.0,225.6
NODE,0,249,1.0,229.6
NODE,0,250,1.0,226.8
NODE,0,251,1.0,222.4
NODE,0,252,1.0,220.8
NODE,0,253,1.0,230.4
NODE,0,254,1.0,233.2
NODE,0,255,1.0,220.8
NODE,0,256,1.0,227.2
NODE,0,257,1.0,220.8
NODE,0,258,1.0,223.2
NODE,0,259,1.0,224.0
NODE,0,260,1.0,227.2
NODE,0,261,1.0,224.0
NODE,0,262,1.0,224.0
NODE,0,263,1.0,224.0
NODE,0,264,1.0,222.8
NODE,0,265,1.0,220.8
NODE,0,266,1.0,225.2
NODE,0,267,1.0,229.6
NODE,0,268,1.0,221.2
NODE,0,269,1.0,222.8
NODE,0,270,1.0,220.8
NODE,0,271,1.0,226.4
NODE,0,272,1.0,225.6
NODE,0,273,1.0,224.0
NODE,0,274,1.0,229.6
NODE,0,275,1.0,220.4
NODE,0,276,1.0,223.2
NODE,0,277,1.0,224.4
NODE,0,278,1.0,223.2
NODE,0,279,1.0,234.0
NODE,0,280,1.0,226.4
NODE,0,281,1.0,228.0
NODE,0,282,1.0,229.2
NODE,0,283,1.0,224.0
NODE,0,284,1.0,224.8
NODE,0,285,1.0,221.2
NODE,0,286,1.0,223.2
NODE,0,287,1.0,226.4
NODE,0,288,1.0,224.4
NODE,0,289,1.0,221.6
NODE,0,290,1.0,224.0
NODE,0,291,1.0,225.2
NODE,0,292,1.0,220.4
NODE,0,293,1.0,227.2
NODE,0,294,1.0,222.0
NODE,0,295,1.0,223.6
NODE,0,296,1.0,216.4
NODE,0,297,1.0,221.2
NODE,0,298,1.0,222.8
NODE,0,299,1.0,217.6
NODE,0,300,1.0,228.4
NODE,0,301,1.0,225.6
NODE,0,302,1.0,224.8
NODE,0,303,1.0,217.2
NODE,0,304,1.0,224.4
NODE,0,305,1.0,228.8
NODE,0,306,1.0,225.2
NODE,0,307,1.0,228.0
NODE,0,308,1.0,226.0
NODE,0,309,1.0,228.8
NODE,0,310,1.0,229.2
NODE,0,311,1.0,217.6
NODE,0,312,1.0,231.2
NODE,0,313,1.0,224.0
NODE,0,314,1.0,223.6
NODE,0,315,1.0,223.6
NODE,0,316,1.0,226.0
NODE,0,317,1.0,226.0
NODE,0,318,1.0,223.6
NODE,0,319,1.0,221.6
NODE,0,320,1.0,225.2
NODE,0,321,1.0,223.6
NODE,0,322,1.0,221.2
NODE,0,323,1.0,227.6
NODE,0,324,1.0,225.6
NODE,0,325,1.0,225.6
NODE,0,326,1.0,218.8
NODE,0,327,1.0,226.4
NODE,0,328,1.0,224.4
NODE,0,329,1.0,218.8
NODE,0,330,1.0,223.6
NODE,0,331,1.0,220.0
NODE,0,332,1.0,226.8
NODE,0,333,1.0,223.6
NODE,0,334,1.0,225.6
NODE,0,335,1.0,228.8
NODE,0,336,1.0,216.4
NODE,0,337,1.0,221.6
NODE,0,338,1.0,223.2
NODE,0,339,1.0,224.0
NODE,0,340,1.0,224.4
NODE,0,341,1.0,223.2
NODE,0,342,1.0,223.2
NODE,0,343,1.0,222.4
NODE,0,344,1.0,218.0
NODE,0,345,1.0,222.4
NODE,0,346,1.0,226.0
NODE,0,347,1.0,222.4
NODE,0,348,1.0,226.0
NODE,0,349,1.0,216.8
NODE,0,350,1.0,218.8
NODE,0,351,1.0,222.8
NODE,0,352,1.0,224.4
NODE,0,353,1.0,224.8
NODE,0,354,1.0,227.2
NODE,0,355,1.0,222.4
NODE,0,356,1.0,221.2
NODE,0,357,1.0,221.2
NODE,0,358,1.0,224.0
NODE,0,359,1.0,219.2
NODE,0,360,1.0,224.4
NODE,0,361,1.0,218.0
NODE,0,362,1.0,219.6
NODE,0,363,1.0,220.4
NODE,0,364,1.0,220.8
NODE,0,365,1.0,220.4
NODE,0,366,1.0,221.6
NODE,0,367,1.0,222.4
NODE,0,368,1.0,225.6
NODE,0,369,1.0,224.0
NODE,0,370,1.0,225.6
NODE,0,371,1.0,220.4
NODE,0,372,1.0,218.0
NODE,0,373,1.0,223.2
NODE,0,374,1.0,226.0
NODE,0,375,1.0,221.6
NODE,0,376,1.0,224.4
NODE,0,377,1.0,217.6
NODE,0,378,1.0,223.6
NODE,0,379,1.0,221.2
NODE,0,380,1.0,223.6
NODE,0,381,1.0,226.4
NODE,0,382,1.0,220.0
NODE,0,383,1.0,222.8
NODE,0,384,1.0,220.4
NODE,0,385,1.0,218.0
NODE,0,386,1.0,226.4
NODE,0,387,1.0,222.8
NODE,0,388,1.0,223.6
NODE,0,389,1.0,224.4
NODE,0,390,1.0,222.0
NODE,0,391,1.0,223.2
NODE,0,392,1.0,224.0
NODE,0,393,1.0,222.8
NODE,0,394,1.0,218.4
NODE,0,395,1.0,219.2
NODE,0,396,1.0,226.8
NODE,0,397,1.0,226.8
NODE,0,398,1.0,223.2
NODE,0,399,1.0,222.8
NODE,0,400,1.0,226.4
NODE,0,401,1.0,225.6
NODE,0,402,1.0,225.6
NODE,0,403,1.0,222.8
NODE,0,404,1.0,224.0
NODE,0,405,1.0,226.0
NODE,0,406,1.0,228.4
NODE,0,407,1.0,224.4
NODE,0,408,1.0,227.2
NODE,0,409,1.0,224.4
NODE,0,410,1.0,222.4
NODE,0,411,1.0,221.6
NODE,0,412,1.0,226.0
NODE,0,413,1.0,221.6
NODE,0,414,1.0,225.6
NODE,0,415,1.0,227.6
NODE,0,416,1.0,218.4
NODE,0,417,1.0,226.0
NODE,0,418,1.0,221.2
NODE,0,419,1.0,222.4
NODE,0,420,1.0,225.2
NODE,0,421,1.0,229.2
NODE,0,422,1.0,227.6
NODE,0,423,1.0,222.8
NODE,0,424,1.0,221.6
NODE,0,425,1.0,227.2
NODE,0,426,1.0,222.0
NODE,0,427,1.0,221.2
NODE,0,428,1.0,221.6
NODE,0,429,1.0,223.6
NODE,0,430,1.0,228.0
NODE,0,431,1.0,222.8
NODE,0,432,1.0,222.0
NODE,0,433,1.0,224.8
NODE,0,434,1.0,223.6
NODE,0,435,1.0,220.8
NODE,0,436,1.0,224.8
NODE,0,437,1.0,220.8
NODE,0,438,1.0,223.6
NODE,0,439,1.0,222.8
NODE,0,440,1.0,221.6
NODE,0,441,1.0,222.8
NODE,0,442,1.0,221.6
NODE,0,443,1.0,220.8
NODE,0,444,1.0,223.2
NODE,0,445,1.0,219.6
NODE,0,446,1.0,229.2
NODE,0,447,1.0,218.8
NODE,0,448,1.0,220.0
NODE,0,449,1.0,226.4
NODE,0,450,1.0,221.2
NODE,0,451,1.0,223.6
NODE,0,452,1.0,220.8
NODE,0,453,1.0,223.6
NODE,0,454,1.0,223.2
NODE,0,455,1.0,219.6
NODE,0,456,1.0,228.0
NODE,0,457,1.0,222.4
NODE,0,458,1.0,225.2
NODE,0,459,1.0,219.2
NODE,0,460,1.0,222.4
NODE,0,461,1.0,220.8
NODE,0,462,1.0,226.8
NODE,0,463,1.0,223.6
NODE,0,464,1.0,226.0
NODE,0,465,1.0,221.6
NODE,0,466,1.0,225.2
NODE,0,467,1.0,225.6
NODE,0,468,1.0,221.2
NODE,0,469,1.0,222.8
NODE,0,470,1.0,222.8
NODE,0,471,0.996875,222.0
NODE,0,472,0.9979166666666667,195.6
NODE,0,473,1.0,195.6
NODE,0,474,1.0,198.8
NODE,0,475,0.9833333333333333,193.6
NODE,0,476,0.9833333333333333,190.8
NODE,0,477,0.9822916666666667,200.4
NODE,0,478,0.9947916666666666,218.4
NODE,0,479,0.9822916666666667,197.2
NODE,0,480,0.965625,211.2
NODE,0,481,0.9666666666666667,209.2
NODE,0,482,0.984375,224.8
NODE,0,483,0.9916666666666667,227.2
NODE,0,484,0.9947916666666666,236.8
NODE,0,485,0.99375,229.2
NODE,0,486,0.99375,225.2
NODE,0,487,0.9979166666666667,231.6
NODE,0,488,0.99375,227.6
NODE,0,489,0.9885416666666667,227.2
NODE,0,490,0.9947916666666666,238.4
NODE,0,491,0.996875,243.6
NODE,0,492,0.996875,243.2
NODE,0,493,0.996875,247.2
NODE,0,494,0.9770833333333333,234.0
NODE,0,495,0.9802083333333333,232.0
NODE,0,496,0.9625,246.8
NODE,0,497,0.96875,260.4
NODE,0,498,0.978125,254.8
NODE,0,499,0.915625,247.6
NODE,0,500,0.9447916666666667,253.2
NODE,0,501,0.9729166666666667,259.2
NODE,0,502,0.9760416666666667,264.4
NODE,0,503,0.9791666666666666,267.2
NODE,0,504,0.9864583333333333,281.2
NODE,0,505,0.9791666666666666,276.8
NODE,0,506,0.9520833333333333,289.6
NODE,0,507,0.975,310.4
NODE,0,508,0.9958333333333333,289.2
NODE,0,509,0.9927083333333333,298.0
NODE,0,510,0.990625,283.6
NODE,0,511,1.0,296.0
NODE,0,512,1.0,295.6
NODE,0,513,1.0,294.4
NODE,0,514,1.0,297.2
NODE,0,515,1.0,296.8
NODE,0,516,1.0,296.4
NODE,0,517,1.0,296.8
NODE,0,518,1.0,296.0
NODE,0,519,1.0,296.4
NODE,0,520,1.0,294.8
NODE,0,521,0.9989583333333333,296.8
NODE,0,522,0.9989583333333333,295.2
NODE,0,523,0.9979166666666667,296.0
NODE,0,524,1.0,294.4
NODE,0,525,1.0,292.8
NODE,0,526,1.0,292.4
NODE,0,527,0.9989583333333333,292.8
NODE,0,528,1.0,297.2
NODE,0,529,1.0,298.8
NODE,0,530,1.0,295.2
NODE,0,531,1.0,302.0
NODE,0,532,1.0,299.6
NODE,0,533,1.0,295.2
NODE,0,534,1.0,300.8
NODE,0,535,1.0,296.8
NODE,0,536,1.0,295.6
NODE,0,537,1.0,294.0
NODE,0,538,1.0,297.6
NODE,0,539,1.0,299.6
NODE,0,540,1.0,294.4
NODE,0,541,1.0,295.2
NODE,0,542,1.0,295.2
NODE,0,543,1.0,299.2
NODE,0,544,1.0,297.6
NODE,0,545,1.0,296.8
NODE,0,546,1.0,296.4
NODE,0,547,1.0,298.0
NODE,0,548,1.0,298.8
NODE,0,549,1.0,304.4
NODE,0,550,1.0,298.0
NODE,0,551,1.0,302.8
NODE,0,552,1.0,301.6
NODE,0,553,1.0,297.6
NODE,0,554,1.0,298.4
NODE,0,555,1.0,298.0
NODE,0,556,1.0,300.4
NODE,0,557,1.0,300.8
NODE,0,558,1.0,302.0
NODE,0,559,1.0,302.8
NODE,0,560,1.0,299.6
NODE,0,561,1.0,299.2
NODE,0,562,1.0,301.2
NODE,0,563,1.0,299.6
NODE,0,564,1.0,300.0
NODE,0,565,1.0,298.8
NODE,0,566,1.0,303.6
NODE,0,567,1.0,298.8
NODE,0,568,1.0,298.4
NODE,0,569,1.0,302.4
NODE,0,570,1.0,301.6
NODE,0,571,1.0,299.2
NODE,0,572,1.0,304.4
NODE,0,573,0.9916666666666667,312.8
NODE,0,574,0.9708333333333333,284.4
NODE,0,575,0.909375,293.6
NODE,0,576,0.9416666666666667,305.6
NODE,0,577,0.9427083333333334,290.0
NODE,0,578,0.9552083333333333,295.6
NODE,0,579,0.9635416666666666,297.6
NODE,0,580,0.9666666666666667,296.8
NODE,0,581,0.9729166666666667,295.2
NODE,0,582,0.9760416666666667,296.0
NODE,0,583,0.9791666666666666,295.2
NODE,0,584,0.9802083333333333,290.4
NODE,0,585,0.9822916666666667,293.2
NODE,0,586,0.9833333333333333,297.2
NODE,0,587,0.9854166666666667,291.2
NODE,0,588,0.9864583333333333,293.2
NODE,0,589,0.9864583333333333,296.8
NODE,0,590,0.9875,293.2
NODE,0,591,0.9875,293.6
NODE,0,592,0.9885416666666667,295.6
NODE,0,593,0.9885416666666667,289.2
NODE,0,594,0.9885416666666667,296.4
NODE,0,595,0.9885416666666667,295.6
NODE,0,596,0.990625,295.6
NODE,0,597,0.9885416666666667,293.2
NODE,0,598,0.9885416666666667,295.2
NODE,0,599,0.9885416666666667,295.2
NODE,0,600,0.9895833333333334,295.2
NODE,0,601,0.9895833333333334,299.2
NODE,0,602,0.9916666666666667,302.4
NODE,0,603,0.990625,304.0
NODE,0,604,0.9916666666666667,301.2
NODE,0,605,0.9927083333333333,305.2
NODE,0,606,0.9927083333333333,292.0
NODE,0,607,0.99375,305.6
NODE,0,608,0.9927083333333333,301.6
NODE,0,609,0.9927083333333333,296.4
NODE,0,610,0.99375,296.8
NODE,0,611,0.99375,300.0
NODE,0,612,0.99375,299.2
NODE,0,613,0.9947916666666666,299.6
NODE,0,614,0.9958333333333333,295.6
NODE,0,615,0.9958333333333333,299.6
NODE,0,616,0.996875,297.2
NODE,0,617,0.9958333333333333,296.4
NODE,0,618,0.996875,303.2
NODE,0,619,0.9979166666666667,298.0
NODE,0,620,0.9979166666666667,302.4
NODE,0,621,0.9979166666666667,303.2
NODE,0,622,0.9979166666666667,300.8
NODE,0,623,0.9979166666666667,300.0
NODE,0,624,0.9979166666666667,302.8
NODE,0,625,0.9989583333333333,304.4
NODE,0,626,0.9989583333333333,303.6
NODE,0,627,1.0,297.6
NODE,0,628,0.9989583333333333,303.2
NODE,0,629,1.0,298.4
NODE,0,630,1.0,300.0
NODE,0,631,1.0,303.2
NODE,0,632,1.0,296.8
NODE,0,633,1.0,300.4
NODE,0,634,1.0,301.2
NODE,0,635,1.0,298.0
NODE,0,636,1.0,302.0
NODE,0,637,1.0,302.4
NODE,0,638,1.0,304.4
NODE,0,639,1.0,305.6
NODE,0,640,1.0,308.4
NODE,0,641,1.0,302.0
NODE,0,642,1.0,302.4
NODE,0,643,1.0,304.4
NODE,0,644,1.0,307.6
NODE,0,645,1.0,307.2
NODE,0,646,1.0,302.8
NODE,0,647,1.0,302.0
NODE,0,648,1.0,297.6
NODE,0,649,1.0,300.8
NODE,0,650,1.0,304.4
NODE,0,651,1.0,303.6
NODE,0,652,1.0,302.0
NODE,0,653,1.0,304.0
NODE,0,654,1.0,299.2
NODE,0,655,1.0,297.2
NODE,0,656,1.0,299.2
NODE,0,657,1.0,302.0
NODE,0,658,1.0,298.8
NODE,0,659,1.0,304.4
NODE,0,660,1.0,302.0
NODE,0,661,1.0,300.8
NODE,0,662,1.0,306.4
NODE,0,663,1.0,307.2
NODE,0,664,1.0,304.4
NODE,0,665,1.0,302.0
NODE,0,666,1.0,302.8
NODE,0,667,1.0,308.0
NODE,0,668,1.0,309.6
NODE,0,669,1.0,303.6
NODE,0,670,1.0,304.0
NODE,0,671,1.0,308.0
NODE,0,672,1.0,309.6
NODE,0,673,1.0,307.2
NODE,0,674,1.0,304.8
NODE,0,675,1.0,304.0
NODE,0,676,1.0,304.8
NODE,0,677,1.0,302.0
NODE,0,678,1.0,306.4
NODE,0,679,1.0,303.6
NODE,0,680,1.0,299.2
NODE,0,681,1.0,304.0
NODE,0,682,1.0,307.2
NODE,0,683,1.0,302.0
NODE,0,684,1.0,309.6
NODE,0,685,1.0,308.4
NODE,0,686,1.0,303.2
NODE,0,687,1.0,310.4
NODE,0,688,1.0,306.0
NODE,0,689,1.0,312.8
NODE,0,690,1.0,317.2
NODE,0,691,1.0,306.4
NODE,0,692,1.0,314.4
NODE,0,693,1.0,316.0
NODE,0,694,1.0,306.0
NODE,0,695,1.0,304.8
NODE,0,696,1.0,311.2
NODE,0,697,1.0,303.6
NODE,0,698,1.0,302.8
NODE,0,699,1.0,303.2
NODE,0,700,1.0,304.4
NODE,0,701,1.0,302.0
NODE,0,702,1.0,309.6
NODE,0,703,1.0,309.6
NODE,0,704,1.0,311.2
NODE,0,705,1.0,301.2
NODE,0,706,1.0,301.2
NODE,0,707,1.0,308.8
NODE,0,708,1.0,311.2
NODE,0,709,1.0,306.8
NODE,0,710,1.0,310.8
NODE,0,711,1.0,308.8
NODE,0,712,1.0,301.6
NODE,0,713,1.0,305.6
NODE,0,714,1.0,308.4
NODE,0,715,1.0,306.0
NODE,0,716,1.0,305.6
NODE,0,717,1.0,306.0
NODE,0,718,1.0,308.0
NODE,0,719,1.0,302.0
NODE,0,720,1.0,299.2
NODE,0,721,1.0,303.6
NODE,0,722,1.0,296.0
NODE,0,723,1.0,302.4
NODE,0,724,1.0,307.2
NODE,0,725,1.0,306.4
NODE,0,726,1.0,305.2
NODE,0,727,1.0,301.2
NODE,0,728,1.0,302.0
NODE,0,729,1.0,303.2
NODE,0,730,1.0,302.0
NODE,0,731,1.0,298.4
NODE,0,732,1.0,299.6
NODE,0,733,1.0,309.6
NODE,0,734,1.0,308.0
NODE,0,735,1.0,302.0
NODE,0,736,1.0,306.0
NODE,0,737,1.0,298.0
NODE,0,738,1.0,308.8
NODE,0,739,1.0,302.4
NODE,0,740,1.0,298.4
NODE,0,741,1.0,303.6
NODE,0,742,1.0,302.8
NODE,0,743,1.0,305.6
NODE,0,744,1.0,300.4
NODE,0,745,1.0,300.8
NODE,0,746,1.0,302.0
NODE,0,747,1.0,298.4
NODE,0,748,1.0,299.6
NODE,0,749,1.0,300.4
NODE,0,750,1.0,300.0
NODE,0,751,1.0,301.6
NODE,0,752,1.0,304.0
NODE,0,753,1.0,295.2
NODE,0,754,1.0,299.6
NODE,0,755,1.0,297.2
NODE,0,756,1.0,303.6
NODE,0,757,1.0,304.0
NODE,0,758,1.0,302.8
NODE,0,759,1.0,304.0
NODE,0,760,1.0,298.8
NODE,0,761,1.0,302.4
NODE,0,762,1.0,298.4
NODE,0,763,1.0,296.8
NODE,0,764,1.0,300.8
NODE,0,765,1.0,301.2
NODE,0,766,1.0,299.6
NODE,0,767,1.0,300.4
NODE,0,768,1.0,302.8
NODE,0,769,1.0,298.4
NODE,0,770,1.0,300.8
NODE,0,771,1.0,304.8
NODE,0,772,1.0,303.6
NODE,0,773,1.0,298.8
NODE,0,774,1.0,301.2
NODE,0,775,1.0,306.0
NODE,0,776,1.0,304.0
NODE,0,777,1.0,305.2
NODE,0,778,1.0,300.0
NODE,0,779,1.0,304.0
NODE,0,780,1.0,303.6
NODE,0,781,1.0,308.0
NODE,0,782,1.0,303.2
NODE,0,783,1.0,307.2
NODE,0,784,1.0,305.6
NODE,0,785,1.0,306.4
NODE,0,786,1.0,308.0
NODE,0,787,1.0,301.6
NODE,0,788,1.0,308.8
NODE,0,789,1.0,302.8
NODE,0,790,1.0,308.0
NODE,0,791,1.0,311.6
NODE,0,792,1.0,308.0
NODE,0,793,1.0,309.2
NODE,0,794,1.0,315.6
NODE,0,795,1.0,310.4
NODE,0,796,1.0,314.4
NODE,0,797,1.0,314.0
NODE,0,798,1.0,311.2
NODE,0,799,1.0,314.4
NODE,0,800,1.0,321.2
NODE,0,801,1.0,317.6
NODE,0,802,1.0,322.8
NODE,0,803,1.0,322.4
NODE,0,804,1.0,319.2
NODE,0,805,1.0,325.6
NODE,0,806,1.0,322.4
NODE,0,807,1.0,323.2
NODE,0,808,1.0,332.8
NODE,0,809,1.0,328.0
NODE,0,810,1.0,319.6
NODE,0,811,1.0,335.2
NODE,0,812,1.0,336.4
NODE,0,813,1.0,332.4
NODE,0,814,1.0,331.2
NODE,0,815,1.0,334.4
NODE,0,816,1.0,336.4
NODE,0,817,1.0,343.6
NODE,0,818,1.0,340.8
NODE,0,819,1.0,336.8
NODE,0,820,1.0,349.6
NODE,0,821,1.0,342.0
NODE,0,822,1.0,358.8
NODE,0,823,1.0,353.2
NODE,0,824,1.0,356.8
NODE,0,825,1.0,356.0
NODE,0,826,1.0,361.6
NODE,0,827,1.0,363.2
NODE,0,828,1.0,364.4
NODE,0,829,1.0,369.2
NODE,0,830,1.0,368.4
NODE,0,831,1.0,376.8
NODE,0,832,1.0,379.2
NODE,0,833,1.0,379.2
NODE,0,834,1.0,371.6
NODE,0,835,1.0,384.4
NODE,0,836,1.0,381.2
NODE,0,837,1.0,383.6
NODE,0,838,1.0,388.8
NODE,0,839,1.0,400.0
NODE,0,840,1.0,399.6
NODE,0,841,1.0,395.6
NODE,0,842,1.0,404.8
NODE,0,843,1.0,402.0
NODE,0,844,1.0,410.8
NODE,0,845,1.0,418.4
NODE,0,846,1.0,420.4
NODE,0,847,1.0,414.0
NODE,0,848,1.0,420.8
NODE,0,849,1.0,435.6
NODE,0,850,1.0,432.8
NODE,0,851,1.0,433.2
NODE,0,852,1.0,424.4
NODE,0,853,1.0,429.6
NODE,0,854,1.0,435.2
NODE,0,855,1.0,444.4
NODE,0,856,1.0,449.2
NODE,0,857,1.0,449.6
NODE,0,858,1.0,448.0
NODE,0,859,1.0,448.0
NODE,0,860,1.0,446.4
NODE,0,861,1.0,442.4
NODE,0,862,1.0,456.8
NODE,0,863,1.0,454.4
NODE,0,864,1.0,454.8
NODE,0,865,1.0,466.0
NODE,0,866,1.0,466.4
NODE,0,867,1.0,480.8
NODE,0,868,1.0,486.0
NODE,0,869,1.0,464.0
NODE,0,870,1.0,491.6
NODE,0,871,1.0,496.0
NODE,0,872,1.0,489.6
NODE,0,873,1.0,502.4
NODE,0,874,1.0,499.6
NODE,0,875,1.0,476.8
NODE,0,876,1.0,479.2
NODE,0,877,1.0,474.0
NODE,0,878,1.0,471.6
NODE,0,879,1.0,488.4
NODE,0,880,1.0,484.4
NODE,0,881,1.0,467.2
NODE,0,882,1.0,470.0
NODE,0,883,1.0,478.4
NODE,0,884,1.0,456.4
NODE,0,885,1.0,461.2
NODE,0,886,1.0,466.0
NODE,0,887,1.0,480.4
NODE,0,888,1.0,461.6
NODE,0,889,1.0,480.4
NODE,0,890,1.0,471.6
NODE,0,891,1.0,474.8
NODE,0,892,1.0,481.2
NODE,0,893,1.0,486.8
NODE,0,894,1.0,488.0
NODE,0,895,1.0,509.2
NODE,0,896,1.0,492.0
NODE,0,897,1.0,510.0
NODE,0,898,1.0,505.6
NODE,0,899,1.0,485.2
NODE,0,900,1.0,496.0
NODE,0,901,1.0,496.4
NODE,0,902,1.0,496.8
NODE,0,903,1.0,490.4
NODE,0,904,1.0,496.4
NODE,0,905,1.0,488.0
NODE,0,906,1.0,490.4
NODE,0,907,1.0,512.0
NODE,0,908,1.0,477.6
NODE,0,909,1.0,492.0
NODE,0,910,1.0,495.2
NODE,0,911,1.0,481.6
NODE,0,912,1.0,476.4
NODE,0,913,1.0,494.0
NODE,0,914,1.0,478.4
NODE,0,915,1.0,477.6
NODE,0,916,1.0,483.6
NODE,0,917,1.0,473.6
NODE,0,918,1.0,487.6
NODE,0,919,1.0,470.4
NODE,0,920,1.0,477.6
NODE,0,921,1.0,470.8
NODE,0,922,1.0,484.0
NODE,0,923,1.0,486.0
NODE,0,924,1.0,487.6
NODE,0,925,1.0,476.8
NODE,0,926,1.0,480.4
NODE,0,927,1.0,467.2
NODE,0,928,1.0,474.4
NODE,0,929,1.0,492.4
NODE,0,930,1.0,492.4
NODE,0,931,1.0,478.4
NODE,0,932,1.0,490.0
NODE,0,933,1.0,486.0
NODE,0,934,1.0,474.8
NODE,0,935,1.0,486.0
NODE,0,936,1.0,479.6
NODE,0,937,1.0,481.2
NODE,0,938,1.0,478.8
NODE,0,939,1.0,482.4
NODE,0,940,1.0,483.2
NODE,0,941,1.0,496.0
NODE,0,942,1.0,493.6
NODE,0,943,1.0,476.4
NODE,0,944,1.0,480.4
NODE,0,945,1.0,475.6
NODE,0,946,1.0,487.2
NODE,0,947,1.0,481.6
NODE,0,948,1.0,481.6
NODE,0,949,1.0,478.8
NODE,0,950,1.0,470.8
NODE,0,951,1.0,473.6
NODE,0,952,1.0,494.0
NODE,0,953,1.0,460.0
NODE,0,954,1.0,476.4
NODE,0,955,1.0,492.0
NODE,0,956,1.0,472.0
NODE,0,957,1.0,486.8
NODE,0,958,1.0,471.2
NODE,0,959,1.0,475.6
NODE,0,960,1.0,468.8
NODE,0,961,1.0,472.4
NODE,0,962,1.0,471.6
NODE,0,963,1.0,486.8
NODE,0,964,1.0,468.0
NODE,0,965,1.0,472.0
NODE,0,966,1.0,475.6
NODE,0,967,1.0,473.2
NODE,0,968,1.0,480.4
NODE,0,969,1.0,467.6
NODE,0,970,1.0,474.8
NODE,0,971,1.0,461.6
NODE,0,972,1.0,476.0
NODE,0,973,1.0,480.0
NODE,0,974,1.0,476.8
NODE,0,975,1.0,476.8
NODE,0,976,1.0,472.0
NODE,0,977,1.0,496.8
NODE,0,978,1.0,473.6
NODE,0,979,1.0,487.2
NODE,0,980,1.0,472.8
NODE,0,981,1.0,486.0
NODE,0,982,1.0,488.4
NODE,0,983,1.0,469.2
NODE,0,984,1.0,473.2
NODE,0,985,1.0,496.8
NODE,0,986,1.0,474.8
NODE,0,987,1.0,475.2
NODE,0,988,1.0,483.6
NODE,0,989,1.0,494.0
NODE,0,990,1.0,466.4
NODE,0,991,1.0,472.4
NODE,0,992,1.0,487.6
NODE,0,993,1.0,493.2
NODE,0,994,1.0,474.8
NODE,0,995,1.0,486.8
NODE,0,996,1.0,470.8
NODE,0,997,1.0,486.8
NODE,0,998,1.0,472.0
NODE,0,999,1.0,490.0
NODE,0,1000,1.0,475.2
NODE,1,1,0.46145833333333336,40.4
NODE,1,2,0.621875,47.2
NODE,1,3,0.6625,58.4
NODE,1,4,0.7083333333333334,73.6
NODE,1,5,0.8864583333333333,104.4
NODE,1,6,0.93125,130.8
NODE,1,7,0.9614583333333333,153.2
NODE,1,8,0.9802083333333333,161.6
NODE,1,9,0.9854166666666667,175.2
NODE,1,10,0.984375,183.2
NODE,1,11,0.975,186.8
NODE,1,12,0.9947916666666666,170.4
NODE,1,13,0.9979166666666667,164.0
NODE,1,14,0.996875,156.8
NODE,1,15,0.9989583333333333,167.6
NODE,1,16,0.9958333333333333,164.4
NODE,1,17,0.9760416666666667,157.2
NODE,1,18,0.9833333333333333,166.0
NODE,1,19,0.975,155.2
NODE,1,20,0.99375,144.4
NODE,1,21,0.9979166666666667,148.0
NODE,1,22,1.0,161.6
NODE,1,23,0.9989583333333333,166.0
NODE,1,24,0.959375,180.4
NODE,1,25,0.9708333333333333,152.8
NODE,1,26,0.984375,168.4
NODE,1,27,0.990625,162.4
NODE,1,28,0.9916666666666667,163.2
NODE,1,29,0.996875,166.0
NODE,1,30,0.996875,157.2
NODE,1,31,1.0,170.4
NODE,1,32,0.9989583333333333,170.0
NODE,1,33,0.9989583333333333,172.0
NODE,1,34,1.0,165.2
NODE,1,35,1.0,160.4
NODE,1,36,1.0,164.0
NODE,1,37,1.0,168.8
NODE,1,38,1.0,170.0
NODE,1,39,1.0,167.2
NODE,1,40,1.0,170.4
NODE,1,41,1.0,169.6
NODE,1,42,1.0,171.2
NODE,1,43,1.0,168.0
NODE,1,44,1.0,171.2
NODE,1,45,1.0,170.8
NODE,1,46,1.0,174.8
NODE,1,47,1.0,176.8
NODE,1,48,1.0,165.6
NODE,1,49,1.0,174.0
NODE,1,50,1.0,176.4
NODE,1,51,1.0,171.6
NODE,1,52,1.0,172.8
NODE,1,53,1.0,172.8
NODE,1,54,1.0,173.2
NODE,1,55,1.0,176.0
NODE,1,56,1.0,176.4
NODE,1,57,1.0,177.2
NODE,1,58,1.0,170.8
NODE,1,59,1.0,173.6
NODE,1,60,1.0,173.2
NODE,1,61,1.0,170.8
NODE,1,62,1.0,179.6
NODE,1,63,1.0,178.8
NODE,1,64,1.0,180.0
NODE,1,65,1.0,178.0
NODE,1,66,1.0,178.8
NODE,1,67,1.0,176.8
NODE,1,68,1.0,176.0
NODE,1,69,1.0,180.4
NODE,1,70,1.0,181.2
NODE,1,71,1.0,172.0
NODE,1,72,1.0,174.8
NODE,1,73,1.0,175.2
NODE,1,74,1.0,174.8
NODE,1,75,1.0,177.2
NODE,1,76,1.0,178.4
NODE,1,77,1.0,173.6
NODE,1,78,1.0,178.8
NODE,1,79,1.0,178.0
NODE,1,80,1.0,178.0
NODE,1,81,1.0,179.2
NODE,1,82,1.0,180.4
NODE,1,83,1.0,181.2
NODE,1,84,1.0,180.4
NODE,1,85,1.0,177.2
NODE,1,86,1.0,180.8
NODE,1,87,1.0,182.4
NODE,1,88,1.0,181.6
NODE,1,89,1.0,176.0
NODE,1,90,1.0,176.8
NODE,1,91,1.0,174.4
NODE,1,92,1.0,177.6
NODE,1,93,1.0,184.0
NODE,1,94,1.0,184.0
NODE,1,95,1.0,182.0
NODE,1,96,1.0,180.0
NODE,1,97,1.0,181.6
NODE,1,98,1.0,182.4
NODE,1,99,1.0,177.2
NODE,1,100,1.0,188.8
NODE,1,101,1.0,183.6
NODE,1,102,1.0,182.0
NODE,1,103,1.0,186.4
NODE,1,104,1.0,184.4
NODE,1,105,1.0,182.4
NODE,1,106,1.0,183.6
NODE,1,107,1.0,181.2
NODE,1,108,1.0,180.4
NODE,1,109,1.0,187.6
NODE,1,110,1.0,181.6
NODE,1,111,1.0,184.4
NODE,1,112,1.0,183.2
NODE,1,113,1.0,188.0
NODE,1,114,1.0,182.8
NODE,1,115,1.0,181.2
NODE,1,116,1.0,190.8
NODE,1,117,1.0,186.4
NODE,1,118,1.0,182.4
NODE,1,119,1.0,188.4
NODE,1,120,1.0,184.4
NODE,1,121,1.0,186.8
NODE,1,122,1.0,180.0
NODE,1,123,1.0,181.6
NODE,1,124,1.0,185.6
NODE,1,125,1.0,189.6
NODE,1,126,1.0,185.6
NODE,1,127,1.0,192.0
NODE,1,128,1.0,186.0
NODE,1,129,1.0,184.8
NODE,1,130,1.0,188.4
NODE,1,131,1.0,185.2
NODE,1,132,1.0,187.2
NODE,1,133,1.0,188.8
NODE,1,134,1.0,183.2
NODE,1,135,1.0,186.4
NODE,1,136,1.0,185.2
NODE,1,137,1.0,190.0
NODE,1,138,1.0,190.0
NODE,1,139,1.0,186.4
NODE,1,140,1.0,188.8
NODE,1,141,1.0,189.6
NODE,1,142,1.0,186.8
NODE,1,143,1.0,187.2
NODE,1,144,1.0,186.4
NODE,1,145,1.0,185.2
NODE,1,146,1.0,188.8
NODE,1,147,1.0,187.2
NODE,1,148,1.0,186.8
NODE,1,149,1.0,188.0
NODE,1,150,1.0,193.2
NODE,1,151,1.0,189.2
NODE,1,152,1.0,188.4
NODE,1,153,1.0,189.2
NODE,1,154,1.0,196.4
NODE,1,155,1.0,192.4
NODE,1,156,1.0,185.2
NODE,1,157,1.0,195.6
NODE,1,158,1.0,192.0
NODE,1,159,1.0,192.0
NODE,1,160,1.0,191.6
NODE,1,161,1.0,194.0
NODE,1,162,1.0,191.2
NODE,1,163,1.0,191.2
NODE,1,164,1.0,188.8
NODE,1,165,1.0,190.0
NODE,1,166,1.0,186.0
NODE,1,167,1.0,194.8
NODE,1,168,1.0,191.6
NODE,1,169,1.0,192.4
NODE,1,170,1.0,185.6
NODE,1,171,1.0,188.8
NODE,1,172,1.0,189.2
NODE,1,173,1.0,184.8
NODE,1,174,1.0,189.6
NODE,1,175,1.0,188.8
NODE,1,176,1.0,188.0
NODE,1,177,1.0,186.4
NODE,1,178,1.0,188.8
NODE,1,179,1.0,189.6
NODE,1,180,1.0,184.8
NODE,1,181,1.0,190.8
NODE,1,182,1.0,194.0
NODE,1,183,1.0,188.0
NODE,1,184,1.0,186.8
NODE,1,185,1.0,188.8
NODE,1,186,1.0,191.6
NODE,1,187,1.0,188.8
NODE,1,188,1.0,186.8
NODE,1,189,1.0,188.8
NODE,1,190,1.0,188.4
NODE,1,191,1.0,195.6
NODE,1,192,1.0,191.2
NODE,1,193,1.0,188.0
NODE,1,194,1.0,194.8
NODE,1,195,1.0,192.4
NODE,1,196,1.0,190.8
NODE,1,197,1.0,187.2
NODE,1,198,1.0,193.2
NODE,1,199,1.0,187.6
NODE,1,200,1.0,190.4
NODE,1,201,1.0,191.2
NODE,1,202,1.0,184.8
NODE,1,203,1.0,192.0
NODE,1,204,1.0,184.8
NODE,1,205,1.0,192.8
NODE,1,206,1.0,185.2
NODE,1,207,1.0,194.4
NODE,1,208,1.0,191.2
NODE,1,209,1.0,192.0
NODE,1,210,1.0,190.8
NODE,1,211,1.0,188.8
NODE,1,212,1.0,188.8
NODE,1,213,1.0,197.6
NODE,1,214,1.0,186.0
NODE,1,215,1.0,191.6
NODE,1,216,1.0,188.8
NODE,1,217,1.0,195.2
NODE,1,218,1.0,190.0
NODE,1,219,1.0,189.2
NODE,1,220,1.0,190.0
NODE,1,221,1.0,194.4
NODE,1,222,1.0,185.2
NODE,1,223,1.0,192.4
NODE,1,224,1.0,190.0
NODE,1,225,1.0,186.8
NODE,1,226,1.0,188.8
NODE,1,227,1.0,184.8
NODE,1,228,1.0,190.8
NODE,1,229,1.0,189.6
NODE,1,230,1.0,192.4
NODE,1,231,1.0,188.8
NODE,1,232,1.0,188.8
NODE,1,233,1.0,192.4
NODE,1,234,1.0,191.2
NODE,1,235,1.0,192.0
NODE,1,236,1.0,193.2
NODE,1,237,1.0,188.0
NODE,1,238,1.0,193.2
NODE,1,239,1.0,189.2
NODE,1,240,1.0,193.2
NODE,1,241,1.0,186.8
NODE,1,242,1.0,187.6
NODE,1,243,1.0,186.8
NODE,1,244,1.0,187.2
NODE,1,245,1.0,189.2
NODE,1,246,1.0,190.0
NODE,1,247,1.0,190.4
NODE,1,248,1.0,193.2
NODE,1,249,1.0,189.6
NODE,1,250,1.0,189.6
NODE,1,251,1.0,190.0
NODE,1,252,1.0,190.4
NODE,1,253,1.0,189.6
NODE,1,254,1.0,192.8
NODE,1,255,1.0,186.0
NODE,1,256,1.0,192.0
NODE,1,257,1.0,193.2
NODE,1,258,1.0,188.0
NODE,1,259,1.0,188.0
NODE,1,260,1.0,188.4
NODE,1,261,1.0,193.6
NODE,1,262,1.0,183.2
NODE,1,263,1.0,191.6
NODE,1,264,1.0,186.4
NODE,1,265,1.0,190.0
NODE,1,266,1.0,191.2
NODE,1,267,1.0,194.0
NODE,1,268,1.0,193.2
NODE,1,269,1.0,190.4
NODE,1,270,1.0,195.2
NODE,1,271,1.0,188.8
NODE,1,272,1.0,193.2
NODE,1,273,1.0,190.0
NODE,1,274,1.0,188.8
NODE,1,275,1.0,194.0
NODE,1,276,1.0,191.6
NODE,1,277,1.0,195.2
NODE,1,278,1.0,188.8
NODE,1,279,1.0,187.2
NODE,1,280,1.0,190.8
NODE,1,281,1.0,192.8
NODE,1,282,1.0,190.8
NODE,1,283,1.0,190.0
NODE,1,284,1.0,190.0
NODE,1,285,1.0,194.0
NODE,1,286,1.0,191.6
NODE,1,287,1.0,192.8
NODE,1,288,1.0,189.6
NODE,1,289,1.0,192.0
NODE,1,290,1.0,192.4
NODE,1,291,1.0,192.4
NODE,1,292,1.0,190.4
NODE,1,293,1.0,191.2
NODE,1,294,1.0,194.8
NODE,1,295,1.0,192.8
NODE,1,296,1.0,193.2
NODE,1,297,1.0,196.8
NODE,1,298,1.0,193.6
NODE,1,299,1.0,185.6
NODE,1,300,1.0,196.4
NODE,1,301,1.0,190.8
NODE,1,302,1.0,192.0
NODE,1,303,1.0,195.2
NODE,1,304,1.0,198.4
NODE,1,305,1.0,190.4
NODE,1,306,1.0,193.2
NODE,1,307,1.0,197.2
NODE,1,308,1.0,196.0
NODE,1,309,1.0,197.6
NODE,1,310,1.0,193.6
NODE,1,311,1.0,187.6
NODE,1,312,1.0,196.4
NODE,1,313,1.0,192.8
NODE,1,314,1.0,194.4
NODE,1,315,1.0,193.6
NODE,1,316,1.0,190.4
NODE,1,317,1.0,193.2
NODE,1,318,1.0,193.2
NODE,1,319,1.0,198.4
NODE,1,320,1.0,196.4
NODE,1,321,1.0,196.0
NODE,1,322,1.0,192.4
NODE,1,323,1.0,199.2
NODE,1,324,1.0,195.2
NODE,1,325,1.0,193.6
NODE,1,326,1.0,197.2
NODE,1,327,1.0,192.0
NODE,1,328,1.0,195.2
NODE,1,329,1.0,196.8
NODE,1,330,1.0,193.6
NODE,1,331,1.0,194.8
NODE,1,332,1.0,190.8
NODE,1,333,1.0,191.2
NODE,1,334,1.0,188.0
NODE,1,335,1.0,194.8
NODE,1,336,1.0,190.8
NODE,1,337,1.0,193.2
NODE,1,338,1.0,193.2
NODE,1,339,1.0,198.8
NODE,1,340,1.0,191.2
NODE,1,341,1.0,198.0
NODE,1,342,1.0,200.0
NODE,1,343,1.0,188.8
NODE,1,344,1.0,200.0
NODE,1,345,1.0,198.4
NODE,1,346,1.0,196.0
NODE,1,347,1.0,193.6
NODE,1,348,1.0,194.0
NODE,1,349,1.0,196.0
NODE,1,350,1.0,195.2
NODE,1,351,1.0,195.2
NODE,1,352,1.0,200.4
NODE,1,353,1.0,196.0
NODE,1,354,1.0,195.6
NODE,1,355,1.0,198.8
NODE,1,356,1.0,195.6
NODE,1,357,1.0,200.8
NODE,1,358,1.0,199.2
NODE,1,359,1.0,197.2
NODE,1,360,1.0,196.4
NODE,1,361,1.0,200.8
NODE,1,362,1.0,198.8
NODE,1,363,1.0,188.8
NODE,1,364,1.0,196.8
NODE,1,365,1.0,199.2
NODE,1,366,1.0,194.4
NODE,1,367,1.0,195.6
NODE,1,368,1.0,198.8
NODE,1,369,1.0,196.8
NODE,1,370,1.0,196.4
NODE,1,371,1.0,198.8
NODE,1,372,1.0,197.2
NODE,1,373,1.0,197.6
NODE,1,374,1.0,200.0
NODE,1,375,1.0,196.4
NODE,1,376,1.0,196.8
NODE,1,377,1.0,200.8
NODE,1,378,1.0,193.2
NODE,1,379,1.0,194.4
NODE,1,380,1.0,201.2
NODE,1,381,1.0,203.6
NODE,1,382,1.0,201.2
NODE,1,383,1.0,200.4
NODE,1,384,1.0,198.4
NODE,1,385,1.0,195.2
NODE,1,386,1.0,200.8
NODE,1,387,1.0,198.0
NODE,1,388,1.0,200.0
NODE,1,389,1.0,202.8
NODE,1,390,1.0,198.0
NODE,1,391,1.0,200.8
NODE,1,392,1.0,200.4
NODE,1,393,1.0,200.8
NODE,1,394,1.0,195.2
NODE,1,395,1.0,202.4
NODE,1,396,1.0,197.2
NODE,1,397,1.0,193.2
NODE,1,398,1.0,202.0
NODE,1,399,1.0,195.6
NODE,1,400,1.0,192.0
NODE,1,401,1.0,200.0
NODE,1,402,1.0,199.2
NODE,1,403,1.0,201.6
NODE,1,404,1.0,201.6
NODE,1,405,1.0,199.2
NODE,1,406,1.0,201.6
NODE,1,407,1.0,203.6
NODE,1,408,1.0,197.6
NODE,1,409,1.0,199.6
NODE,1,410,1.0,198.8
NODE,1,411,1.0,199.6
NODE,1,412,1.0,200.8
NODE,1,413,1.0,200.0
NODE,1,414,1.0,196.8
NODE,1,415,1.0,202.8
NODE,1,416,1.0,198.4
NODE,1,417,1.0,202.0
NODE,1,418,1.0,195.2
NODE,1,419,1.0,200.0
NODE,1,420,1.0,202.4
NODE,1,421,1.0,198.0
NODE,1,422,1.0,196.8
NODE,1,423,1.0,200.4
NODE,1,424,1.0,199.6
NODE,1,425,1.0,201.2
NODE,1,426,1.0,202.8
NODE,1,427,1.0,203.2
NODE,1,428,1.0,197.2
NODE,1,429,1.0,200.0
NODE,1,430,1.0,202.8
NODE,1,431,1.0,202.8
NODE,1,432,1.0,203.6
NODE,1,433,1.0,201.2
NODE,1,434,1.0,200.4
NODE,1,435,1.0,196.8
NODE,1,436,1.0,200.0
NODE,1,437,1.0,196.0
NODE,1,438,1.0,196.0
NODE,1,439,1.0,197.6
NODE,1,440,1.0,197.2
NODE,1,441,1.0,202.4
NODE,1,442,1.0,200.4
NODE,1,443,1.0,200.4
NODE,1,444,1.0,203.6
NODE,1,445,1.0,205.6
NODE,1,446,1.0,202.0
NODE,1,447,1.0,201.6
NODE,1,448,1.0,204.0
NODE,1,449,1.0,199.2
NODE,1,450,1.0,205.6
NODE,1,451,1.0,202.0
NODE,1,452,1.0,211.2
NODE,1,453,1.0,201.6
NODE,1,454,1.0,201.2
NODE,1,455,1.0,197.6
NODE,1,456,1.0,199.2
NODE,1,457,1.0,198.0
NODE,1,458,1.0,206.8
NODE,1,459,1.0,202.8
NODE,1,460,1.0,201.6
NODE,1,461,1.0,195.2
NODE,1,462,1.0,207.6
NODE,1,463,1.0,200.0
NODE,1,464,1.0,197.6
NODE,1,465,1.0,201.6
NODE,1,466,1.0,198.4
NODE,1,467,1.0,204.0
NODE,1,468,1.0,199.6
NODE,1,469,1.0,204.8
NODE,1,470,1.0,205.6
NODE,1,471,1.0,203.2
NODE,1,472,1.0,202.0
NODE,1,473,1.0,202.8
NODE,1,474,1.0,200.0
NODE,1,475,1.0,203.2
NODE,1,476,1.0,207.2
NODE,1,477,1.0,204.0
NODE,1,478,1.0,203.6
NODE,1,479,1.0,201.6
NODE,1,480,1.0,202.8
NODE,1,481,1.0,209.2
NODE,1,482,1.0,210.0
NODE,1,483,1.0,203.2
NODE,1,484,1.0,204.8
NODE,1,485,1.0,205.6
NODE,1,486,1.0,208.0
NODE,1,487,1.0,202.4
NODE,1,488,1.0,206.0
NODE,1,489,1.0,204.4
NODE,1,490,1.0,206.0
NODE,1,491,1.0,206.0
NODE,1,492,1.0,205.6
NODE,1,493,1.0,201.2
NODE,1,494,1.0,204.4
NODE,1,495,1.0,208.0
NODE,1,496,1.0,204.4
NODE,1,497,1.0,205.6
NODE,1,498,1.0,205.6
NODE,1,499,1.0,204.8
NODE,1,500,1.0,204.4
NODE,1,501,1.0,202.0
NODE,1,502,1.0,200.4
NODE,1,503,1.0,202.4
NODE,1,504,1.0,206.0
NODE,1,505,1.0,204.4
NODE,1,506,1.0,209.6
NODE,1,507,1.0,209.2
NODE,1,508,1.0,208.8
NODE,1,509,1.0,209.6
NODE,1,510,1.0,213.2
NODE,1,511,1.0,208.4
NODE,1,512,1.0,206.4
NODE,1,513,1.0,202.4
NODE,1,514,1.0,206.0
NODE,1,515,1.0,203.6
NODE,1,516,1.0,208.0
NODE,1,517,1.0,207.2
NODE,1,518,1.0,205.2
NODE,1,519,1.0,210.8
NODE,1,520,1.0,210.8
NODE,1,521,1.0,207.6
NODE,1,522,1.0,205.2
NODE,1,523,1.0,206.8
NODE,1,524,1.0,205.2
NODE,1,525,1.0,208.4
NODE,1,526,1.0,204.0
NODE,1,527,1.0,208.0
NODE,1,528,1.0,208.8
NODE,1,529,1.0,205.2
NODE,1,530,1.0,202.0
NODE,1,531,1.0,208.4
NODE,1,532,1.0,212.8
NODE,1,533,1.0,211.2
NODE,1,534,1.0,202.4
NODE,1,535,1.0,212.0
NODE,1,536,1.0,208.8
NODE,1,537,1.0,210.0
NODE,1,538,1.0,206.0
NODE,1,539,1.0,202.0
NODE,1,540,1.0,212.4
NODE,1,541,1.0,209.2
NODE,1,542,1.0,206.0
NODE,1,543,1.0,207.6
NODE,1,544,1.0,210.0
NODE,1,545,1.0,201.6
NODE,1,546,1.0,207.2
NODE,1,547,1.0,206.4
NODE,1,548,1.0,202.4
NODE,1,549,1.0,207.6
NODE,1,550,1.0,202.4
NODE,1,551,1.0,199.2
NODE,1,552,1.0,208.0
NODE,1,553,1.0,206.8
NODE,1,554,1.0,206.8
NODE,1,555,1.0,210.8
NODE,1,556,1.0,207.2
NODE,1,557,1.0,200.0
NODE,1,558,1.0,208.0
NODE,1,559,1.0,213.2
NODE,1,560,1.0,210.0
NODE,1,561,1.0,204.0
NODE,1,562,1.0,208.8
NODE,1,563,1.0,203.6
NODE,1,564,1.0,206.8
NODE,1,565,1.0,210.4
NODE,1,566,1.0,199.6
NODE,1,567,1.0,206.0
NODE,1,568,1.0,208.0
NODE,1,569,1.0,202.8
NODE,1,570,1.0,212.4
NODE,1,571,1.0,212.0
NODE,1,572,1.0,206.4
NODE,1,573,1.0,209.2
NODE,1,574,1.0,207.2
NODE,1,575,1.0,210.0
NODE,1,576,1.0,209.2
NODE,1,577,1.0,207.2
NODE,1,578,1.0,211.6
NODE,1,579,1.0,212.8
NODE,1,580,1.0,205.2
NODE,1,581,1.0,208.4
NODE,1,582,1.0,208.0
NODE,1,583,1.0,203.2
NODE,1,584,1.0,210.4
NODE,1,585,1.0,208.0
NODE,1,586,1.0,205.6
NODE,1,587,1.0,208.8
NODE,1,588,1.0,212.0
NODE,1,589,1.0,211.6
NODE,1,590,1.0,205.2
NODE,1,591,1.0,208.0
NODE,1,592,1.0,204.4
NODE,1,593,1.0,204.0
NODE,1,594,1.0,213.2
NODE,1,595,1.0,202.4
NODE,1,596,1.0,205.6
NODE,1,597,1.0,207.6
NODE,1,598,1.0,206.4
NODE,1,599,1.0,205.2
NODE,1,600,1.0,203.6
NODE,1,601,1.0,210.4
NODE,1,602,1.0,209.6
NODE,1,603,1.0,210.0
NODE,1,604,1.0,214.0
NODE,1,605,1.0,212.8
NODE,1,606,1.0,213.6
NODE,1,607,1.0,212.8
NODE,1,608,1.0,206.0
NODE,1,609,1.0,210.8
NODE,1,610,1.0,209.6
NODE,1,611,1.0,211.6
NODE,1,612,1.0,210.0
NODE,1,613,1.0,205.6
NODE,1,614,1.0,208.8
NODE,1,615,1.0,207.2
NODE,1,616,1.0,208.8
NODE,1,617,1.0,208.8
NODE,1,618,1.0,208.8
NODE,1,619,1.0,212.0
NODE,1,620,1.0,210.8
NODE,1,621,1.0,210.8
NODE,1,622,1.0,208.8
NODE,1,623,1.0,214.8
NODE,1,624,1.0,217.2
NODE,1,625,1.0,208.4
NODE,1,626,1.0,208.8
NODE,1,627,1.0,207.2
NODE,1,628,1.0,209.2
NODE,1,629,1.0,209.2
NODE,1,630,1.0,206.0
NODE,1,631,1.0,208.4
NODE,1,632,1.0,206.0
NODE,1,633,1.0,218.8
NODE,1,634,1.0,207.2
NODE,1,635,1.0,213.2
NODE,1,636,1.0,205.2
NODE,1,637,1.0,213.6
NODE,1,638,1.0,210.4
NODE,1,639,1.0,217.2
NODE,1,640,1.0,211.2
NODE,1,641,1.0,208.8
NODE,1,642,1.0,208.0
NODE,1,643,1.0,212.8
NODE,1,644,1.0,213.2
NODE,1,645,1.0,212.4
NODE,1,646,1.0,215.6
NODE,1,647,1.0,211.2
NODE,1,648,1.0,212.0
NODE,1,649,1.0,210.0
NODE,1,650,1.0,214.0
NODE,1,651,1.0,207.6
NODE,1,652,1.0,208.8
NODE,1,653,1.0,208.8
NODE,1,654,1.0,207.6
NODE,1,655,1.0,210.0
NODE,1,656,1.0,206.4
NODE,1,657,1.0,206.0
NODE,1,658,1.0,211.2
NODE,1,659,1.0,210.8
NODE,1,660,1.0,208.8
NODE,1,661,1.0,212.0
NODE,1,662,1.0,207.2
NODE,1,663,1.0,212.4
NODE,1,664,1.0,208.8
NODE,1,665,1.0,212.0
NODE,1,666,1.0,214.4
NODE,1,667,1.0,210.8
NODE,1,668,1.0,208.8
NODE,1,669,1.0,209.6
NODE,1,670,1.0,209.6
NODE,1,671,1.0,211.6
NODE,1,672,1.0,216.0
NODE,1,673,1.0,206.4
NODE,1,674,1.0,208.4
NODE,1,675,1.0,206.8
NODE,1,676,1.0,208.4
NODE,1,677,1.0,218.4
NODE,1,678,1.0,208.0
NODE,1,679,1.0,207.6
NODE,1,680,1.0,207.2
NODE,1,681,1.0,214.0
NODE,1,682,1.0,210.8
NODE,1,683,1.0,211.6
NODE,1,684,1.0,205.2
NODE,1,685,1.0,208.8
NODE,1,686,1.0,205.2
NODE,1,687,1.0,213.6
NODE,1,688,1.0,203.6
NODE,1,689,1.0,209.2
NODE,1,690,1.0,205.2
NODE,1,691,1.0,210.0
NODE,1,692,1.0,209.6
NODE,1,693,1.0,212.0
NODE,1,694,1.0,214.0
NODE,1,695,1.0,214.0
NODE,1,696,1.0,212.0
NODE,1,697,1.0,208.8
NODE,1,698,1.0,209.2
NODE,1,699,1.0,212.0
NODE,1,700,1.0,212.4
NODE,1,701,1.0,214.4
NODE,1,702,1.0,217.6
NODE,1,703,1.0,206.8
NODE,1,704,1.0,209.2
NODE,1,705,1.0,212.0
NODE,1,706,1.0,212.0
NODE,1,707,1.0,212.0
NODE,1,708,1.0,212.4
NODE,1,709,1.0,210.0
NODE,1,710,1.0,210.8
NODE,1,711,1.0,209.6
NODE,1,712,1.0,210.8
NODE,1,713,1.0,210.8
NODE,1,714,1.0,213.6
NODE,1,715,1.0,212.8
NODE,1,716,1.0,212.8
NODE,1,717,1.0,207.6
NODE,1,718,1.0,208.4
NODE,1,719,1.0,211.2
NODE,1,720,1.0,211.6
NODE,1,721,1.0,204.0
NODE,1,722,1.0,207.2
NODE,1,723,1.0,210.4
NODE,1,724,1.0,208.8
NODE,1,725,1.0,211.6
NODE,1,726,1.0,213.2
NODE,1,727,1.0,217.2
NODE,1,728,1.0,205.6
NODE,1,729,1.0,217.6
NODE,1,730,1.0,211.6
NODE,1,731,1.0,208.4
NODE,1,732,1.0,210.8
NODE,1,733,1.0,210.8
NODE,1,734,1.0,212.4
NODE,1,735,1.0,212.0
NODE,1,736,1.0,210.4
NODE,1,737,1.0,203.6
NODE,1,738,1.0,211.6
NODE,1,739,1.0,209.2
NODE,1,740,1.0,212.0
NODE,1,741,1.0,211.6
NODE,1,742,1.0,215.2
NODE,1,743,1.0,208.8
NODE,1,744,1.0,214.4
NODE,1,745,1.0,211.2
NODE,1,746,1.0,212.8
NODE,1,747,1.0,213.2
NODE,1,748,1.0,213.2
NODE,1,749,1.0,215.6
NODE,1,750,1.0,212.8
NODE,1,751,1.0,218.0
NODE,1,752,1.0,210.4
NODE,1,753,1.0,208.4
NODE,1,754,1.0,212.0
NODE,1,755,1.0,206.8
NODE,1,756,1.0,204.8
NODE,1,757,1.0,220.0
NODE,1,758,1.0,212.4
NODE,1,759,1.0,207.6
NODE,1,760,1.0,210.8
NODE,1,761,1.0,211.2
NODE,1,762,1.0,211.6
NODE,1,763,1.0,214.4
NODE,1,764,1.0,207.2
NODE,1,765,1.0,212.8
NODE,1,766,1.0,205.6
NODE,1,767,1.0,216.0
NODE,1,768,1.0,212.0
NODE,1,769,1.0,211.6
NODE,1,770,1.0,215.2
NODE,1,771,1.0,210.4
NODE,1,772,1.0,212.4
NODE,1,773,1.0,216.8
NODE,1,774,1.0,214.4
NODE,1,775,1.0,212.8
NODE,1,776,1.0,210.4
NODE,1,777,1.0,215.2
NODE,1,778,1.0,210.4
NODE,1,779,1.0,209.6
NODE,1,780,1.0,210.4
NODE,1,781,1.0,212.0
NODE,1,782,1.0,208.8
NODE,1,783,1.0,213.6
NODE,1,784,1.0,213.6
NODE,1,785,1.0,210.0
NODE,1,786,1.0,210.4
NODE,1,787,1.0,212.4
NODE,1,788,1.0,214.4
NODE,1,789,1.0,207.6
NODE,1,790,1.0,211.2
NODE,1,791,1.0,212.0
NODE,1,792,1.0,207.2
NODE,1,793,1.0,209.2
NODE,1,794,1.0,214.4
NODE,1,795,1.0,206.4
NODE,1,796,1.0,208.8
NODE,1,797,1.0,213.2
NODE,1,798,1.0,212.0
NODE,1,799,1.0,210.4
NODE,1,800,1.0,216.4
NODE,1,801,1.0,207.2
NODE,1,802,1.0,210.8
NODE,1,803,1.0,210.8
NODE,1,804,1.0,208.4
NODE,1,805,1.0,209.6
NODE,1,806,1.0,206.0
NODE,1,807,1.0,216.8
NODE,1,808,1.0,210.0
NODE,1,809,1.0,217.2
NODE,1,810,1.0,212.8
NODE,1,811,1.0,209.2
NODE,1,812,1.0,213.2
NODE,1,813,1.0,214.0
NODE,1,814,1.0,208.4
NODE,1,815,1.0,207.6
NODE,1,816,1.0,212.0
NODE,1,817,1.0,212.8
NODE,1,818,1.0,216.8
NODE,1,819,1.0,205.6
NODE,1,820,1.0,210.0
NODE,1,821,1.0,216.8
NODE,1,822,1.0,213.6
NODE,1,823,1.0,217.6
NODE,1,824,1.0,209.2
NODE,1,825,1.0,208.8
NODE,1,826,1.0,206.4
NODE,1,827,1.0,209.6
NODE,1,828,1.0,208.8
NODE,1,829,1.0,209.6
NODE,1,830,1.0,212.8
NODE,1,831,1.0,208.8
NODE,1,832,1.0,210.8
NODE,1,833,1.0,212.0
NODE,1,834,1.0,212.4
NODE,1,835,1.0,209.2
NODE,1,836,1.0,208.8
NODE,1,837,1.0,207.6
NODE,1,838,1.0,210.4
NODE,1,839,1.0,206.0
NODE,1,840,1.0,214.0
NODE,1,841,1.0,209.2
NODE,1,842,1.0,215.6
NODE,1,843,1.0,210.4
NODE,1,844,1.0,213.2
NODE,1,845,1.0,216.0
NODE,1,846,1.0,212.4
NODE,1,847,1.0,211.2
NODE,1,848,1.0,208.8
NODE,1,849,1.0,212.4
NODE,1,850,1.0,210.0
NODE,1,851,1.0,209.6
NODE,1,852,1.0,208.4
NODE,1,853,1.0,210.0
NODE,1,854,1.0,212.4
NODE,1,855,1.0,206.0
NODE,1,856,1.0,212.4
NODE,1,857,1.0,207.6
NODE,1,858,1.0,208.0
NODE,1,859,1.0,210.8
NODE,1,860,1.0,210.0
NODE,1,861,1.0,208.0
NODE,1,862,1.0,210.8
NODE,1,863,1.0,208.4
NODE,1,864,1.0,213.2
NODE,1,865,1.0,207.6
NODE,1,866,1.0,210.8
NODE,1,867,1.0,206.0
NODE,1,868,1.0,208.0
NODE,1,869,1.0,208.4
NODE,1,870,1.0,207.2
NODE,1,871,1.0,214.4
NODE,1,872,1.0,210.0
NODE,1,873,1.0,207.2
NODE,1,874,1.0,209.2
NODE,1,875,1.0,209.6
NODE,1,876,1.0,211.2
NODE,1,877,1.0,212.8
NODE,1,878,1.0,209.6
NODE,1,879,1.0,208.0
NODE,1,880,1.0,209.2
NODE,1,881,1.0,213.2
NODE,1,882,1.0,209.6
NODE,1,883,1.0,211.6
NODE,1,884,1.0,209.6
NODE,1,885,1.0,209.2
NODE,1,886,1.0,213.2
NODE,1,887,1.0,209.6
NODE,1,888,1.0,209.6
NODE,1,889,1.0,212.8
NODE,1,890,1.0,210.8
NODE,1,891,1.0,215.6
NODE,1,892,1.0,210.8
NODE,1,893,1.0,208.0
NODE,1,894,1.0,210.8
NODE,1,895,1.0,210.0
NODE,1,896,1.0,208.4
NODE,1,897,1.0,213.6
NODE,1,898,1.0,208.4
NODE,1,899,1.0,210.4
NODE,1,900,1.0,216.0
NODE,1,901,1.0,210.4
NODE,1,902,1.0,213.2
NODE,1,903,1.0,208.8
NODE,1,904,1.0,212.0
NODE,1,905,1.0,208.4
NODE,1,906,1.0,209.6
NODE,1,907,1.0,208.4
NODE,1,908,1.0,212.0
NODE,1,909,1.0,215.2
NODE,1,910,1.0,209.2
NODE,1,911,1.0,208.0
NODE,1,912,1.0,210.0
NODE,1,913,1.0,209.2
NODE,1,914,1.0,208.0
NODE,1,915,1.0,211.6
NODE,1,916,1.0,200.0
NODE,1,917,1.0,210.4
NODE,1,918,1.0,213.2
NODE,1,919,1.0,204.8
NODE,1,920,1.0,211.6
NODE,1,921,1.0,211.6
NODE,1,922,1.0,212.0
NODE,1,923,1.0,206.4
NODE,1,924,1.0,214.0
NODE,1,925,1.0,210.4
NODE,1,926,1.0,206.8
NODE,1,927,1.0,207.2
NODE,1,928,1.0,207.2
NODE,1,929,1.0,205.6
NODE,1,930,1.0,216.0
NODE,1,931,1.0,211.2
NODE,1,932,1.0,208.8
NODE,1,933,1.0,209.2
NODE,1,934,1.0,208.8
NODE,1,935,1.0,204.8
NODE,1,936,1.0,208.8
NODE,1,937,1.0,214.0
NODE,1,938,1.0,209.2
NODE,1,939,1.0,209.2
NODE,1,940,1.0,212.4
NODE,1,941,1.0,208.4
NODE,1,942,1.0,207.6
NODE,1,943,1.0,216.0
NODE,1,944,1.0,214.8
NODE,1,945,1.0,205.6
NODE,1,946,1.0,212.0
NODE,1,947,1.0,210.4
NODE,1,948,1.0,209.2
NODE,1,949,1.0,209.6
NODE,1,950,1.0,213.2
NODE,1,951,1.0,207.2
NODE,1,952,1.0,206.4
NODE,1,953,1.0,209.2
NODE,1,954,1.0,210.4
NODE,1,955,1.0,213.6
NODE,1,956,1.0,208.4
NODE,1,957,1.0,210.0
NODE,1,958,1.0,208.0
NODE,1,959,1.0,212.4
NODE,1,960,1.0,206.4
NODE,1,961,1.0,213.2
NODE,1,962,1.0,207.6
NODE,1,963,1.0,206.8
NODE,1,964,1.0,212.8
NODE,1,965,1.0,213.2
NODE,1,966,1.0,208.8
NODE,1,967,1.0,213.6
NODE,1,968,1.0,203.2
NODE,1,969,1.0,212.4
NODE,1,970,1.0,217.2
NODE,1,971,1.0,209.6
NODE,1,972,1.0,213.6
NODE,1,973,1.0,208.4
NODE,1,974,1.0,210.4
NODE,1,975,1.0,210.0
NODE,1,976,1.0,209.6
NODE,1,977,1.0,208.4
NODE,1,978,1.0,206.8
NODE,1,979,1.0,207.2
NODE,1,980,1.0,212.8
NODE,1,981,1.0,210.8
NODE,1,982,1.0,209.2
NODE,1,983,1.0,208.4
NODE,1,984,1.0,209.6
NODE,1,985,1.0,210.8
NODE,1,986,1.0,212.4
NODE,1,987,1.0,208.0
NODE,1,988,1.0,211.2
NODE,1,989,1.0,212.4
NODE,1,990,1.0,211.6
NODE,1,991,1.0,207.2
NODE,1,992,1.0,209.6
NODE,1,993,1.0,211.2
NODE,1,994,1.0,206.4
NODE,1,995,1.0,213.6
NODE,1,996,1.0,210.8
NODE,1,997,1.0,212.4
NODE,1,998,1.0,209.2
NODE,1,999,1.0,211.2
NODE,1,1000,1.0,208.8
NODE,2,1,0.53125,43.6
NODE,2,2,0.4895833333333333,48.0
NODE,2,3,0.6229166666666667,60.0
NODE,2,4,0.61875,70.4
NODE,2,5,0.6833333333333333,83.6
NODE,2,6,0.8041666666666667,100.4
NODE,2,7,0.896875,115.2
NODE,2,8,0.9364583333333333,129.6
NODE,2,9,0.9645833333333333,144.8
NODE,2,10,0.9770833333333333,162.0
NODE,2,11,0.978125,180.4
NODE,2,12,0.9895833333333334,201.2
NODE,2,13,0.9802083333333333,214.0
NODE,2,14,0.9697916666666667,205.6
NODE,2,15,0.984375,213.2
NODE,2,16,0.9958333333333333,214.0
NODE,2,17,0.9854166666666667,218.8
NODE,2,18,0.9802083333333333,222.8
NODE,2,19,0.9791666666666666,223.2
NODE,2,20,0.984375,226.8
NODE,2,21,0.9947916666666666,235.2
NODE,2,22,0.99375,244.4
NODE,2,23,0.996875,256.0
NODE,2,24,0.9958333333333333,265.2
NODE,2,25,0.9958333333333333,258.4
NODE,2,26,0.9927083333333333,260.8
NODE,2,27,0.9885416666666667,263.2
NODE,2,28,0.996875,265.2
NODE,2,29,1.0,273.6
NODE,2,30,0.9989583333333333,278.8
NODE,2,31,1.0,286.4
NODE,2,32,0.9989583333333333,275.6
NODE,2,33,0.9979166666666667,269.6
NODE,2,34,0.9895833333333334,276.4
NODE,2,35,0.9854166666666667,309.2
NODE,2,36,0.990625,312.8
NODE,2,37,0.9958333333333333,304.8
NODE,2,38,0.9979166666666667,288.8
NODE,2,39,0.9989583333333333,294.8
NODE,2,40,1.0,290.8
NODE,2,41,1.0,294.0
NODE,2,42,1.0,305.6
NODE,2,43,1.0,307.6
NODE,2,44,1.0,306.8
NODE,2,45,1.0,296.8
NODE,2,46,1.0,301.2
NODE,2,47,1.0,300.4
NODE,2,48,0.9979166666666667,301.2
NODE,2,49,0.9958333333333333,312.0
NODE,2,50,0.9989583333333333,311.2
NODE,2,51,0.99375,316.0
NODE,2,52,0.996875,310.4
NODE,2,53,0.9979166666666667,311.6
NODE,2,54,0.9958333333333333,316.4
NODE,2,55,0.9802083333333333,293.6
NODE,2,56,0.978125,291.2
NODE,2,57,0.975,300.8
NODE,2,58,0.9875,299.6
NODE,2,59,0.9875,295.6
NODE,2,60,0.9958333333333333,307.2
NODE,2,61,0.9958333333333333,298.4
NODE,2,62,0.940625,274.0
NODE,2,63,0.9489583333333333,259.6
NODE,2,64,0.99375,288.8
NODE,2,65,0.9916666666666667,284.8
NODE,2,66,0.99375,282.8
NODE,2,67,0.99375,284.0
NODE,2,68,0.9979166666666667,290.0
NODE,2,69,0.9989583333333333,285.2
NODE,2,70,0.9979166666666667,298.4
NODE,2,71,0.9989583333333333,291.6
NODE,2,72,0.9989583333333333,287.2
NODE,2,73,0.9979166666666667,290.0
NODE,2,74,1.0,288.4
NODE,2,75,1.0,296.0
NODE,2,76,1.0,303.2
NODE,2,77,1.0,296.4
NODE,2,78,1.0,297.6
NODE,2,79,1.0,300.4
NODE,2,80,1.0,306.0
NODE,2,81,1.0,303.2
NODE,2,82,1.0,306.8
NODE,2,83,1.0,299.6
NODE,2,84,1.0,305.2
NODE,2,85,1.0,304.0
NODE,2,86,1.0,301.6
NODE,2,87,1.0,298.0
NODE,2,88,1.0,314.4
NODE,2,89,1.0,315.6
NODE,2,90,1.0,312.8
NODE,2,91,1.0,316.8
NODE,2,92,1.0,311.2
NODE,2,93,1.0,320.0
NODE,2,94,1.0,314.0
NODE,2,95,1.0,313.2
NODE,2,96,1.0,312.8
NODE,2,97,1.0,322.4
NODE,2,98,1.0,316.0
NODE,2,99,0.9927083333333333,310.4
NODE,2,100,0.9916666666666667,350.4
NODE,2,101,0.9854166666666667,345.6
NODE,2,102,0.990625,342.8
NODE,2,103,0.9916666666666667,326.8
NODE,2,104,0.9895833333333334,323.6
NODE,2,105,0.99375,316.0
NODE,2,106,0.996875,319.6
NODE,2,107,0.996875,322.8
NODE,2,108,0.996875,321.6
NODE,2,109,0.9979166666666667,318.8
NODE,2,110,0.9979166666666667,329.2
NODE,2,111,0.9979166666666667,329.6
NODE,2,112,0.9989583333333333,330.8
NODE,2,113,1.0,331.6
NODE,2,114,1.0,324.0
NODE,2,115,0.9989583333333333,333.2
NODE,2,116,0.996875,328.8
NODE,2,117,1.0,325.2
NODE,2,118,0.9979166666666667,330.4
NODE,2,119,1.0,332.0
NODE,2,120,1.0,331.2
NODE,2,121,1.0,329.6
NODE,2,122,1.0,330.0
NODE,2,123,1.0,328.0
NODE,2,124,1.0,339.2
NODE,2,125,1.0,342.4
NODE,2,126,1.0,334.0
NODE,2,127,1.0,334.8
NODE,2,128,1.0,341.2
NODE,2,129,1.0,346.0
NODE,2,130,1.0,337.6
NODE,2,131,1.0,341.6
NODE,2,132,1.0,342.4
NODE,2,133,1.0,332.8
NODE,2,134,1.0,345.2
NODE,2,135,1.0,339.2
NODE,2,136,1.0,338.0
NODE,2,137,1.0,344.0
NODE,2,138,1.0,340.8
NODE,2,139,1.0,347.2
NODE,2,140,1.0,342.0
NODE,2,141,1.0,346.8
NODE,2,142,1.0,351.2
NODE,2,143,1.0,350.4
NODE,2,144,1.0,348.0
NODE,2,145,1.0,346.8
NODE,2,146,1.0,351.6
NODE,2,147,1.0,342.8
NODE,2,148,1.0,348.4
NODE,2,149,1.0,350.0
NODE,2,150,1.0,351.2
NODE,2,151,1.0,348.0
NODE,2,152,1.0,353.2
NODE,2,153,1.0,347.2
NODE,2,154,1.0,357.6
NODE,2,155,1.0,350.8
NODE,2,156,1.0,344.8
NODE,2,157,1.0,359.6
NODE,2,158,1.0,356.4
NODE,2,159,1.0,358.4
NODE,2,160,1.0,360.4
NODE,2,161,1.0,350.4
NODE,2,162,1.0,348.8
NODE,2,163,1.0,359.2
NODE,2,164,1.0,350.4
NODE,2,165,1.0,355.6
NODE,2,166,1.0,355.6
NODE,2,167,1.0,362.0
NODE,2,168,1.0,349.6
NODE,2,169,1.0,363.6
NODE,2,170,1.0,360.8
NODE,2,171,1.0,361.6
NODE,2,172,1.0,356.0
NODE,2,173,1.0,367.6
NODE,2,174,0.9989583333333333,361.6
NODE,2,175,0.9802083333333333,352.0
NODE,2,176,0.9364583333333333,340.8
NODE,2,177,0.8666666666666667,305.6
NODE,2,178,0.9072916666666667,306.8
NODE,2,179,0.9416666666666667,297.2
NODE,2,180,0.9510416666666667,309.2
NODE,2,181,0.9572916666666667,316.0
NODE,2,182,0.9645833333333333,313.6
NODE,2,183,0.9739583333333334,323.6
NODE,2,184,0.9822916666666667,320.0
NODE,2,185,0.9822916666666667,324.4
NODE,2,186,0.9875,330.4
NODE,2,187,0.990625,326.8
NODE,2,188,0.9885416666666667,334.0
NODE,2,189,0.9895833333333334,330.8
NODE,2,190,0.9791666666666666,332.0
NODE,2,191,0.9177083333333333,319.2
NODE,2,192,0.9822916666666667,338.8
NODE,2,193,0.9739583333333334,334.0
NODE,2,194,0.9875,344.4
NODE,2,195,0.9864583333333333,334.4
NODE,2,196,0.9875,344.0
NODE,2,197,0.9875,342.0
NODE,2,198,0.9854166666666667,349.2
NODE,2,199,0.9885416666666667,348.8
NODE,2,200,0.9875,358.8
NODE,2,201,0.9895833333333334,355.6
NODE,2,202,0.9916666666666667,357.2
NODE,2,203,0.9947916666666666,344.8
NODE,2,204,0.9958333333333333,346.8
NODE,2,205,0.9958333333333333,366.0
NODE,2,206,0.9947916666666666,368.0
NODE,2,207,0.9927083333333333,377.2
NODE,2,208,0.99375,373.2
NODE,2,209,0.99375,370.4
NODE,2,210,0.9958333333333333,370.0
NODE,2,211,0.996875,369.2
NODE,2,212,0.9958333333333333,382.4
NODE,2,213,0.9958333333333333,378.0
NODE,2,214,0.996875,364.4
NODE,2,215,0.996875,390.4
NODE,2,216,0.996875,379.2
NODE,2,217,0.996875,374.4
NODE,2,218,0.9979166666666667,378.4
NODE,2,219,0.996875,387.6
NODE,2,220,0.9958333333333333,392.0
NODE,2,221,0.9947916666666666,376.0
NODE,2,222,0.9947916666666666,380.8
NODE,2,223,0.9958333333333333,396.0
NODE,2,224,0.9927083333333333,398.8
NODE,2,225,0.9989583333333333,395.2
NODE,2,226,0.9989583333333333,407.2
NODE,2,227,0.9989583333333333,394.8
NODE,2,228,0.9989583333333333,408.4
NODE,2,229,0.9947916666666666,397.6
NODE,2,230,0.9916666666666667,403.6
NODE,2,231,0.99375,397.6
NODE,2,232,0.9916666666666667,412.4
NODE,2,233,0.996875,404.8
NODE,2,234,0.996875,408.0
NODE,2,235,0.9989583333333333,399.6
NODE,2,236,0.9958333333333333,404.4
NODE,2,237,0.9958333333333333,406.0
NODE,2,238,0.9958333333333333,400.0
NODE,2,239,0.9979166666666667,391.6
NODE,2,240,0.9958333333333333,405.2
NODE,2,241,0.9979166666666667,399.6
NODE,2,242,0.9979166666666667,396.8
NODE,2,243,0.9166666666666666,374.4
NODE,2,244,0.803125,360.8
NODE,2,245,0.9895833333333334,400.4
NODE,2,246,0.9979166666666667,389.6
NODE,2,247,0.9979166666666667,382.4
NODE,2,248,1.0,376.4
NODE,2,249,1.0,379.6
NODE,2,250,1.0,385.6
NODE,2,251,1.0,380.4
NODE,2,252,1.0,376.8
NODE,2,253,1.0,379.2
NODE,2,254,1.0,383.6
NODE,2,255,1.0,383.6
NODE,2,256,1.0,378.4
NODE,2,257,1.0,376.8
NODE,2,258,0.99375,380.4
NODE,2,259,0.9979166666666667,380.0
NODE,2,260,0.9989583333333333,371.6
NODE,2,261,0.9989583333333333,380.0
NODE,2,262,0.9989583333333333,372.8
NODE,2,263,0.9947916666666666,385.2
NODE,2,264,0.9989583333333333,400.8
NODE,2,265,1.0,393.2
NODE,2,266,0.9958333333333333,393.6
NODE,2,267,0.996875,395.6
NODE,2,268,1.0,392.4
NODE,2,269,0.9989583333333333,394.8
NODE,2,270,1.0,388.8
NODE,2,271,1.0,393.6
NODE,2,272,1.0,387.6
NODE,2,273,1.0,393.2
NODE,2,274,1.0,389.2
NODE,2,275,1.0,398.8
NODE,2,276,1.0,393.2
NODE,2,277,1.0,398.8
NODE,2,278,1.0,391.6
NODE,2,279,1.0,392.4
NODE,2,280,1.0,392.0
NODE,2,281,1.0,388.0
NODE,2,282,1.0,385.6
NODE,2,283,1.0,390.4
NODE,2,284,1.0,390.4
NODE,2,285,1.0,391.6
NODE,2,286,1.0,388.4
NODE,2,287,1.0,400.0
NODE,2,288,1.0,393.6
NODE,2,289,1.0,398.0
NODE,2,290,1.0,387.2
NODE,2,291,1.0,395.6
NODE,2,292,1.0,390.0
NODE,2,293,1.0,390.0
NODE,2,294,1.0,388.0
NODE,2,295,1.0,394.0
NODE,2,296,1.0,392.0
NODE,2,297,1.0,400.0
NODE,2,298,1.0,391.2
NODE,2,299,1.0,392.4
NODE,2,300,1.0,397.2
NODE,2,301,1.0,398.4
NODE,2,302,1.0,397.2
NODE,2,303,1.0,387.6
NODE,2,304,1.0,390.4
NODE,2,305,1.0,388.8
NODE,2,306,1.0,394.8
NODE,2,307,1.0,384.4
NODE,2,308,1.0,391.2
NODE,2,309,1.0,386.4
NODE,2,310,1.0,393.2
NODE,2,311,1.0,384.8
NODE,2,312,1.0,392.8
NODE,2,313,1.0,384.8
NODE,2,314,1.0,385.6
NODE,2,315,1.0,390.4
NODE,2,316,1.0,389.2
NODE,2,317,1.0,394.0
NODE,2,318,1.0,398.4
NODE,2,319,1.0,387.2
NODE,2,320,1.0,394.4
NODE,2,321,1.0,387.2
NODE,2,322,1.0,388.4
NODE,2,323,1.0,391.2
NODE,2,324,1.0,394.0
NODE,2,325,1.0,392.8
NODE,2,326,1.0,391.6
NODE,2,327,1.0,386.8
NODE,2,328,1.0,393.2
NODE,2,329,1.0,384.4
NODE,2,330,1.0,385.2
NODE,2,331,1.0,391.2
NODE,2,332,1.0,392.4
NODE,2,333,1.0,379.6
NODE,2,334,1.0,392.8
NODE,2,335,1.0,393.6
NODE,2,336,1.0,390.0
NODE,2,337,1.0,388.8
NODE,2,338,1.0,388.8
NODE,2,339,1.0,388.0
NODE,2,340,1.0,388.0
NODE,2,341,1.0,386.8
NODE,2,342,1.0,395.2
NODE,2,343,1.0,392.4
NODE,2,344,1.0,386.4
NODE,2,345,1.0,394.8
NODE,2,346,1.0,388.8
NODE,2,347,1.0,385.2
NODE,2,348,1.0,396.4
NODE,2,349,1.0,387.2
NODE,2,350,1.0,386.4
NODE,2,351,1.0,390.4
NODE,2,352,1.0,390.8
NODE,2,353,1.0,394.0
NODE,2,354,1.0,389.2
NODE,2,355,1.0,385.2
NODE,2,356,1.0,388.8
NODE,2,357,1.0,385.2
NODE,2,358,1.0,390.4
NODE,2,359,1.0,384.8
NODE,2,360,1.0,386.0
NODE,2,361,1.0,383.6
NODE,2,362,1.0,399.2
NODE,2,363,1.0,398.4
NODE,2,364,1.0,390.4
NODE,2,365,1.0,387.6
NODE,2,366,1.0,392.0
NODE,2,367,1.0,389.2
NODE,2,368,1.0,384.4
NODE,2,369,1.0,394.8
NODE,2,370,1.0,384.0
NODE,2,371,1.0,395.2
NODE,2,372,1.0,390.0
NODE,2,373,1.0,387.6
NODE,2,374,1.0,390.8
NODE,2,375,1.0,398.0
NODE,2,376,1.0,394.4
NODE,2,377,1.0,395.2
NODE,2,378,1.0,389.6
NODE,2,379,1.0,384.4
NODE,2,380,1.0,383.2
NODE,2,381,1.0,393.6
NODE,2,382,1.0,388.8
NODE,2,383,1.0,393.6
NODE,2,384,1.0,387.6
NODE,2,385,1.0,394.4
NODE,2,386,1.0,384.0
NODE,2,387,1.0,387.2
NODE,2,388,1.0,384.0
NODE,2,389,1.0,386.8
NODE,2,390,1.0,389.2
NODE,2,391,1.0,384.8
NODE,2,392,1.0,390.0
NODE,2,393,1.0,385.6
NODE,2,394,1.0,393.2
NODE,2,395,1.0,389.6
NODE,2,396,1.0,392.4
NODE,2,397,1.0,386.4
NODE,2,398,1.0,388.4
NODE,2,399,1.0,390.4
NODE,2,400,1.0,396.0
NODE,2,401,1.0,393.6
NODE,2,402,1.0,386.0
NODE,2,403,1.0,384.0
NODE,2,404,1.0,393.6
NODE,2,405,1.0,394.4
NODE,2,406,1.0,391.6
NODE,2,407,1.0,389.2
NODE,2,408,1.0,392.8
NODE,2,409,1.0,386.8
NODE,2,410,1.0,388.0
NODE,2,411,1.0,389.2
NODE,2,412,1.0,388.0
NODE,2,413,1.0,395.6
NODE,2,414,1.0,383.2
NODE,2,415,1.0,389.2
NODE,2,416,1.0,388.0
NODE,2,417,1.0,390.0
NODE,2,418,1.0,388.4
NODE,2,419,1.0,389.2
NODE,2,420,1.0,386.4
NODE,2,421,1.0,398.4
NODE,2,422,1.0,392.8
NODE,2,423,1.0,394.8
NODE,2,424,1.0,394.0
NODE,2,425,1.0,392.4
NODE,2,426,1.0,393.6
NODE,2,427,1.0,389.2
NODE,2,428,1.0,394.8
NODE,2,429,1.0,400.0
NODE,2,430,1.0,390.0
NODE,2,431,1.0,386.4
NODE,2,432,1.0,391.2
NODE,2,433,1.0,388.8
NODE,2,434,1.0,391.6
NODE,2,435,1.0,388.8
NODE,2,436,1.0,385.6
NODE,2,437,1.0,393.2
NODE,2,438,1.0,393.2
NODE,2,439,1.0,393.2
NODE,2,440,1.0,389.6
NODE,2,441,1.0,394.4
NODE,2,442,1.0,394.8
NODE,2,443,1.0,395.6
NODE,2,444,1.0,384.4
NODE,2,445,1.0,387.6
NODE,2,446,1.0,390.4
NODE,2,447,1.0,386.0
NODE,2,448,1.0,390.8
NODE,2,449,1.0,389.2
NODE,2,450,1.0,378.4
NODE,2,451,1.0,383.2
NODE,2,452,1.0,394.4
NODE,2,453,1.0,389.6
NODE,2,454,1.0,393.2
NODE,2,455,1.0,385.6
NODE,2,456,1.0,388.4
NODE,2,457,1.0,392.4
NODE,2,458,1.0,390.4
NODE,2,459,1.0,395.2
NODE,2,460,1.0,385.6
NODE,2,461,1.0,394.0
NODE,2,462,1.0,392.4
NODE,2,463,1.0,390.4
NODE,2,464,1.0,390.8
NODE,2,465,1.0,398.0
NODE,2,466,1.0,392.8
NODE,2,467,1.0,387.6
NODE,2,468,1.0,394.8
NODE,2,469,1.0,392.8
NODE,2,470,1.0,398.0
NODE,2,471,1.0,388.0
NODE,2,472,1.0,387.6
NODE,2,473,1.0,390.8
NODE,2,474,1.0,386.8
NODE,2,475,1.0,389.6
NODE,2,476,1.0,385.2
NODE,2,477,1.0,390.8
NODE,2,478,1.0,394.4
NODE,2,479,1.0,383.2
NODE,2,480,1.0,382.8
NODE,2,481,1.0,387.6
NODE,2,482,1.0,393.2
NODE,2,483,1.0,388.4
NODE,2,484,1.0,394.4
NODE,2,485,1.0,388.8
NODE,2,486,1.0,398.4
NODE,2,487,1.0,388.4
NODE,2,488,1.0,378.0
NODE,2,489,1.0,391.6
NODE,2,490,1.0,391.2
NODE,2,491,1.0,394.8
NODE,2,492,1.0,400.4
NODE,2,493,1.0,377.6
NODE,2,494,1.0,390.0
NODE,2,495,1.0,395.6
NODE,2,496,1.0,392.0
NODE,2,497,1.0,387.2
NODE,2,498,1.0,387.2
NODE,2,499,1.0,394.8
NODE,2,500,1.0,389.2
NODE,2,501,1.0,379.2
NODE,2,502,1.0,383.6
NODE,2,503,1.0,390.8
NODE,2,504,1.0,394.8
NODE,2,505,1.0,391.6
NODE,2,506,1.0,394.8
NODE,2,507,1.0,396.4
NODE,2,508,1.0,391.6
NODE,2,509,1.0,380.4
NODE,2,510,1.0,385.2
NODE,2,511,1.0,378.8
NODE,2,512,1.0,388.0
NODE,2,513,1.0,388.8
NODE,2,514,1.0,383.2
NODE,2,515,1.0,388.8
NODE,2,516,1.0,387.2
NODE,2,517,1.0,388.8
NODE,2,518,1.0,392.0
NODE,2,519,1.0,385.6
NODE,2,520,1.0,401.2
NODE,2,521,1.0,393.6
NODE,2,522,1.0,393.6
NODE,2,523,1.0,385.6
NODE,2,524,1.0,386.4
NODE,2,525,1.0,396.4
NODE,2,526,1.0,390.8
NODE,2,527,1.0,389.6
NODE,2,528,1.0,393.2
NODE,2,529,1.0,400.0
NODE,2,530,1.0,388.8
NODE,2,531,1.0,387.6
NODE,2,532,1.0,395.2
NODE,2,533,1.0,400.0
NODE,2,534,1.0,386.0
NODE,2,535,1.0,388.0
NODE,2,536,1.0,398.0
NODE,2,537,1.0,391.6
NODE,2,538,1.0,389.6
NODE,2,539,1.0,388.0
NODE,2,540,1.0,396.4
NODE,2,541,1.0,390.4
NODE,2,542,1.0,389.2
NODE,2,543,1.0,390.8
NODE,2,544,1.0,393.6
NODE,2,545,1.0,394.8
NODE,2,546,1.0,394.8
NODE,2,547,1.0,387.6
NODE,2,548,1.0,405.2
NODE,2,549,1.0,399.6
NODE,2,550,1.0,383.6
NODE,2,551,1.0,388.8
NODE,2,552,1.0,400.0
NODE,2,553,1.0,398.0
NODE,2,554,1.0,392.4
NODE,2,555,1.0,390.8
NODE,2,556,1.0,397.2
NODE,2,557,1.0,386.0
NODE,2,558,1.0,388.8
NODE,2,559,1.0,402.8
NODE,2,560,1.0,390.4
NODE,2,561,1.0,392.4
NODE,2,562,1.0,395.2
NODE,2,563,1.0,393.2
NODE,2,564,1.0,390.8
NODE,2,565,1.0,396.0
NODE,2,566,1.0,387.2
NODE,2,567,1.0,388.8
NODE,2,568,1.0,388.8
NODE,2,569,1.0,398.0
NODE,2,570,1.0,391.2
NODE,2,571,1.0,383.6
NODE,2,572,1.0,387.6
NODE,2,573,1.0,399.6
NODE,2,574,1.0,398.8
NODE,2,575,1.0,390.8
NODE,2,576,1.0,398.0
NODE,2,577,1.0,392.4
NODE,2,578,1.0,393.2
NODE,2,579,1.0,398.4
NODE,2,580,1.0,386.0
NODE,2,581,1.0,398.8
NODE,2,582,1.0,392.0
NODE,2,583,1.0,388.8
NODE,2,584,1.0,386.8
NODE,2,585,1.0,392.8
NODE,2,586,1.0,390.4
NODE,2,587,1.0,383.6
NODE,2,588,1.0,394.0
NODE,2,589,1.0,396.8
NODE,2,590,1.0,398.8
NODE,2,591,1.0,390.0
NODE,2,592,1.0,389.2
NODE,2,593,1.0,396.4
NODE,2,594,1.0,389.2
NODE,2,595,1.0,388.0
NODE,2,596,1.0,398.4
NODE,2,597,1.0,392.4
NODE,2,598,1.0,404.0
NODE,2,599,1.0,384.8
NODE,2,600,1.0,393.6
NODE,2,601,1.0,392.8
NODE,2,602,1.0,394.0
NODE,2,603,1.0,387.6
NODE,2,604,1.0,383.6
NODE,2,605,1.0,394.0
NODE,2,606,1.0,389.6
NODE,2,607,1.0,397.6
NODE,2,608,1.0,389.6
NODE,2,609,1.0,380.4
NODE,2,610,1.0,389.6
NODE,2,611,1.0,385.2
NODE,2,612,1.0,395.2
NODE,2,613,1.0,395.6
NODE,2,614,1.0,392.0
NODE,2,615,1.0,387.2
NODE,2,616,1.0,401.6
NODE,2,617,1.0,394.0
NODE,2,618,1.0,388.8
NODE,2,619,1.0,389.2
NODE,2,620,1.0,395.6
NODE,2,621,1.0,398.0
NODE,2,622,1.0,390.0
NODE,2,623,1.0,396.0
NODE,2,624,1.0,390.8
NODE,2,625,1.0,387.2
NODE,2,626,1.0,397.6
NODE,2,627,1.0,394.0
NODE,2,628,1.0,396.0
NODE,2,629,1.0,392.0
NODE,2,630,1.0,397.2
NODE,2,631,1.0,399.6
NODE,2,632,1.0,394.8
NODE,2,633,1.0,396.0
NODE,2,634,1.0,387.6
NODE,2,635,1.0,392.4
NODE,2,636,1.0,391.6
NODE,2,637,1.0,396.0
NODE,2,638,1.0,390.0
NODE,2,639,1.0,396.8
NODE,2,640,1.0,396.0
NODE,2,641,1.0,384.8
NODE,2,642,1.0,383.2
NODE,2,643,1.0,394.0
NODE,2,644,1.0,389.6
NODE,2,645,1.0,395.2
NODE,2,646,1.0,378.8
NODE,2,647,1.0,400.8
NODE,2,648,1.0,391.2
NODE,2,649,1.0,391.2
NODE,2,650,1.0,392.8
NODE,2,651,1.0,389.6
NODE,2,652,1.0,389.6
NODE,2,653,1.0,394.8
NODE,2,654,1.0,392.8
NODE,2,655,1.0,392.4
NODE,2,656,1.0,384.8
NODE,2,657,1.0,403.2
NODE,2,658,1.0,405.2
NODE,2,659,1.0,398.8
NODE,2,660,1.0,391.6
NODE,2,661,1.0,392.4
NODE,2,662,1.0,397.6
NODE,2,663,1.0,395.6
NODE,2,664,1.0,390.8
NODE,2,665,1.0,390.4
NODE,2,666,1.0,395.2
NODE,2,667,1.0,396.0
NODE,2,668,1.0,390.8
NODE,2,669,1.0,390.8
NODE,2,670,1.0,392.4
NODE,2,671,1.0,393.6
NODE,2,672,1.0,389.2
NODE,2,673,1.0,396.0
NODE,2,674,1.0,388.8
NODE,2,675,1.0,400.4
NODE,2,676,1.0,387.6
NODE,2,677,1.0,392.8
NODE,2,678,1.0,390.4
NODE,2,679,1.0,391.6
NODE,2,680,1.0,388.0
NODE,2,681,1.0,393.2
NODE,2,682,1.0,393.6
NODE,2,683,1.0,392.8
NODE,2,684,1.0,392.8
NODE,2,685,1.0,396.4
NODE,2,686,1.0,385.6
NODE,2,687,1.0,388.8
NODE,2,688,1.0,392.8
NODE,2,689,1.0,381.2
NODE,2,690,1.0,396.4
NODE,2,691,1.0,397.6
NODE,2,692,1.0,391.6
NODE,2,693,1.0,387.2
NODE,2,694,1.0,394.8
NODE,2,695,1.0,382.0
NODE,2,696,1.0,388.0
NODE,2,697,1.0,397.6
NODE,2,698,1.0,401.6
NODE,2,699,1.0,394.8
NODE,2,700,1.0,386.4
NODE,2,701,1.0,399.2
NODE,2,702,1.0,393.6
NODE,2,703,1.0,400.4
NODE,2,704,1.0,398.0
NODE,2,705,1.0,393.6
NODE,2,706,1.0,395.2
NODE,2,707,1.0,392.4
NODE,2,708,1.0,393.6
NODE,2,709,1.0,393.2
NODE,2,710,1.0,400.8
NODE,2,711,1.0,392.0
NODE,2,712,1.0,385.2
NODE,2,713,1.0,386.0
NODE,2,714,1.0,386.4
NODE,2,715,1.0,401.2
NODE,2,716,1.0,397.6
NODE,2,717,1.0,395.2
NODE,2,718,1.0,400.4
NODE,2,719,1.0,392.4
NODE,2,720,1.0,391.2
NODE,2,721,1.0,383.2
NODE,2,722,1.0,390.8
NODE,2,723,1.0,394.0
NODE,2,724,1.0,397.6
NODE,2,725,1.0,393.2
NODE,2,726,1.0,404.4
NODE,2,727,1.0,403.2
NODE,2,728,1.0,394.8
NODE,2,729,1.0,381.6
NODE,2,730,1.0,387.6
NODE,2,731,1.0,400.8
NODE,2,732,1.0,393.2
NODE,2,733,1.0,400.8
NODE,2,734,1.0,388.0
NODE,2,735,1.0,403.6
NODE,2,736,1.0,390.4
NODE,2,737,1.0,388.8
NODE,2,738,1.0,395.6
NODE,2,739,1.0,398.0
NODE,2,740,1.0,391.6
NODE,2,741,1.0,398.0
NODE,2,742,1.0,394.8
NODE,2,743,1.0,391.2
NODE,2,744,1.0,392.4
NODE,2,745,1.0,396.0
NODE,2,746,1.0,389.6
NODE,2,747,1.0,398.4
NODE,2,748,1.0,394.4
NODE,2,749,1.0,390.0
NODE,2,750,1.0,390.8
NODE,2,751,1.0,390.8
NODE,2,752,1.0,380.0
NODE,2,753,1.0,392.4
NODE,2,754,1.0,406.0
NODE,2,755,1.0,393.6
NODE,2,756,1.0,395.2
NODE,2,757,1.0,395.2
NODE,2,758,1.0,398.8
NODE,2,759,1.0,385.6
NODE,2,760,1.0,399.2
NODE,2,761,1.0,396.0
NODE,2,762,1.0,400.8
NODE,2,763,1.0,393.6
NODE,2,764,1.0,398.8
NODE,2,765,1.0,396.0
NODE,2,766,1.0,388.8
NODE,2,767,1.0,387.2
NODE,2,768,1.0,395.6
NODE,2,769,1.0,397.6
NODE,2,770,1.0,389.6
NODE,2,771,1.0,397.2
NODE,2,772,1.0,390.0
NODE,2,773,1.0,389.6
NODE,2,774,1.0,386.4
NODE,2,775,1.0,388.8
NODE,2,776,1.0,390.8
NODE,2,777,1.0,398.4
NODE,2,778,1.0,394.8
NODE,2,779,1.0,402.0
NODE,2,780,1.0,394.8
NODE,2,781,1.0,391.2
NODE,2,782,1.0,386.8
NODE,2,783,1.0,393.2
NODE,2,784,1.0,391.6
NODE,2,785,1.0,386.4
NODE,2,786,1.0,393.6
NODE,2,787,1.0,388.4
NODE,2,788,1.0,390.8
NODE,2,789,1.0,397.6
NODE,2,790,1.0,393.2
NODE,2,791,1.0,393.2
NODE,2,792,1.0,397.6
NODE,2,793,1.0,402.4
NODE,2,794,1.0,397.6
NODE,2,795,1.0,393.6
NODE,2,796,1.0,389.2
NODE,2,797,1.0,398.8
NODE,2,798,1.0,399.2
NODE,2,799,1.0,394.0
NODE,2,800,1.0,396.0
NODE,2,801,1.0,405.2
NODE,2,802,1.0,397.6
NODE,2,803,1.0,397.2
NODE,2,804,1.0,401.2
NODE,2,805,1.0,402.0
NODE,2,806,1.0,395.2
NODE,2,807,1.0,396.4
NODE,2,808,1.0,400.8
NODE,2,809,1.0,391.2
NODE,2,810,1.0,400.4
NODE,2,811,1.0,393.2
NODE,2,812,1.0,380.0
NODE,2,813,1.0,388.8
NODE,2,814,1.0,389.2
NODE,2,815,1.0,395.6
NODE,2,816,1.0,397.6
NODE,2,817,1.0,406.4
NODE,2,818,1.0,402.0
NODE,2,819,1.0,389.2
NODE,2,820,1.0,385.6
NODE,2,821,1.0,392.4
NODE,2,822,1.0,398.8
NODE,2,823,1.0,398.0
NODE,2,824,1.0,390.4
NODE,2,825,1.0,393.2
NODE,2,826,1.0,403.2
NODE,2,827,1.0,400.8
NODE,2,828,1.0,393.2
NODE,2,829,1.0,387.6
NODE,2,830,1.0,397.2
NODE,2,831,1.0,395.6
NODE,2,832,1.0,393.6
NODE,2,833,1.0,391.6
NODE,2,834,1.0,403.6
NODE,2,835,1.0,398.0
NODE,2,836,1.0,395.6
NODE,2,837,1.0,398.8
NODE,2,838,1.0,389.2
NODE,2,839,1.0,388.8
NODE,2,840,1.0,401.2
NODE,2,841,1.0,402.4
NODE,2,842,1.0,390.0
NODE,2,843,1.0,392.4
NODE,2,844,1.0,390.8
NODE,2,845,1.0,405.2
NODE,2,846,1.0,385.6
NODE,2,847,1.0,392.4
NODE,2,848,1.0,391.6
NODE,2,849,1.0,398.0
NODE,2,850,1.0,398.4
NODE,2,851,1.0,393.2
NODE,2,852,1.0,389.6
NODE,2,853,1.0,400.8
NODE,2,854,1.0,391.6
NODE,2,855,1.0,392.4
NODE,2,856,1.0,394.4
NODE,2,857,1.0,392.0
NODE,2,858,1.0,394.8
NODE,2,859,1.0,401.2
NODE,2,860,1.0,393.2
NODE,2,861,1.0,394.4
NODE,2,862,1.0,392.0
NODE,2,863,1.0,395.6
NODE,2,864,1.0,396.8
NODE,2,865,1.0,400.8
NODE,2,866,1.0,392.8
NODE,2,867,1.0,399.6
NODE,2,868,1.0,390.4
NODE,2,869,1.0,396.4
NODE,2,870,1.0,390.0
NODE,2,871,1.0,394.4
NODE,2,872,1.0,398.0
NODE,2,873,1.0,398.8
NODE,2,874,1.0,400.4
NODE,2,875,1.0,398.4
NODE,2,876,1.0,398.0
NODE,2,877,1.0,386.8
NODE,2,878,1.0,390.8
NODE,2,879,1.0,392.0
NODE,2,880,1.0,398.4
NODE,2,881,1.0,389.2
NODE,2,882,1.0,392.0
NODE,2,883,1.0,398.0
NODE,2,884,1.0,396.0
NODE,2,885,1.0,400.0
NODE,2,886,1.0,384.8
NODE,2,887,1.0,390.4
NODE,2,888,1.0,399.6
NODE,2,889,1.0,392.8
NODE,2,890,1.0,387.6
NODE,2,891,1.0,398.8
NODE,2,892,1.0,394.4
NODE,2,893,1.0,398.0
NODE,2,894,1.0,393.2
NODE,2,895,1.0,401.6
NODE,2,896,1.0,394.8
NODE,2,897,1.0,393.6
NODE,2,898,1.0,389.2
NODE,2,899,1.0,392.4
NODE,2,900,1.0,389.6
NODE,2,901,1.0,394.0
NODE,2,902,1.0,401.2
NODE,2,903,1.0,386.8
NODE,2,904,1.0,394.4
NODE,2,905,1.0,384.8
NODE,2,906,1.0,395.2
NODE,2,907,1.0,397.2
NODE,2,908,1.0,398.0
NODE,2,909,1.0,392.8
NODE,2,910,1.0,396.4
NODE,2,911,1.0,400.4
NODE,2,912,1.0,398.0
NODE,2,913,1.0,399.6
NODE,2,914,1.0,395.2
NODE,2,915,1.0,395.2
NODE,2,916,1.0,396.8
NODE,2,917,1.0,388.0
NODE,2,918,1.0,400.8
NODE,2,919,1.0,398.0
NODE,2,920,1.0,390.0
NODE,2,921,1.0,402.0
NODE,2,922,1.0,392.8
NODE,2,923,1.0,394.4
NODE,2,924,1.0,398.8
NODE,2,925,1.0,395.6
NODE,2,926,1.0,400.4
NODE,2,927,1.0,394.4
NODE,2,928,1.0,396.0
NODE,2,929,1.0,393.6
NODE,2,930,1.0,395.2
NODE,2,931,1.0,394.8
NODE,2,932,1.0,398.4
NODE,2,933,1.0,395.6
NODE,2,934,1.0,393.2
NODE,2,935,1.0,398.4
NODE,2,936,1.0,398.8
NODE,2,937,1.0,398.0
NODE,2,938,1.0,386.8
NODE,2,939,1.0,401.2
NODE,2,940,1.0,393.2
NODE,2,941,1.0,394.8
NODE,2,942,1.0,396.0
NODE,2,943,1.0,396.8
NODE,2,944,1.0,387.6
NODE,2,945,1.0,400.0
NODE,2,946,1.0,398.0
NODE,2,947,1.0,398.8
NODE,2,948,1.0,390.8
NODE,2,949,1.0,398.8
NODE,2,950,1.0,392.0
NODE,2,951,1.0,401.2
NODE,2,952,1.0,397.6
NODE,2,953,1.0,400.0
NODE,2,954,1.0,389.6
NODE,2,955,1.0,401.6
NODE,2,956,1.0,392.0
NODE,2,957,1.0,400.4
NODE,2,958,1.0,394.0
NODE,2,959,1.0,392.4
NODE,2,960,1.0,387.6
NODE,2,961,1.0,397.2
NODE,2,962,1.0,398.4
NODE,2,963,1.0,394.4
NODE,2,964,1.0,396.0
NODE,2,965,1.0,403.2
NODE,2,966,1.0,404.0
NODE,2,967,1.0,390.4
NODE,2,968,1.0,393.2
NODE,2,969,1.0,383.2
NODE,2,970,1.0,390.0
NODE,2,971,1.0,396.8
NODE,2,972,1.0,392.8
NODE,2,973,1.0,382.0
NODE,2,974,1.0,389.6
NODE,2,975,1.0,398.0
NODE,2,976,1.0,389.6
NODE,2,977,1.0,400.8
NODE,2,978,1.0,402.0
NODE,2,979,1.0,394.4
NODE,2,980,1.0,392.0
NODE,2,981,1.0,392.8
NODE,2,982,1.0,392.8
NODE,2,983,1.0,393.2
NODE,2,984,1.0,393.2
NODE,2,985,1.0,388.8
NODE,2,986,1.0,390.4
NODE,2,987,1.0,395.6
NODE,2,988,1.0,397.2
NODE,2,989,1.0,390.4
NODE,2,990,1.0,387.6
NODE,2,991,1.0,392.8
NODE,2,992,1.0,388.8
NODE,2,993,1.0,390.4
NODE,2,994,1.0,400.8
NODE,2,995,1.0,400.0
NODE,2,996,1.0,389.6
NODE,2,997,1.0,391.2
NODE,2,998,1.0,397.6
NODE,2,999,1.0,396.0
NODE,2,1000,1.0,398.0
NODE,3,1,0.4510416666666667,42.0
NODE,3,2,0.525,47.2
NODE,3,3,0.6447916666666667,59.6
NODE,3,4,0.6385416666666667,80.4
NODE,3,5,0.7708333333333334,105.2
NODE,3,6,0.8875,136.0
NODE,3,7,0.9229166666666667,155.6
NODE,3,8,0.9489583333333333,176.4
NODE,3,9,0.965625,182.8
NODE,3,10,0.9770833333333333,197.6
NODE,3,11,0.9791666666666666,202.0
NODE,3,12,0.9895833333333334,207.2
NODE,3,13,0.9895833333333334,220.4
NODE,3,14,0.9895833333333334,205.2
NODE,3,15,0.99375,214.4
NODE,3,16,0.9927083333333333,219.2
NODE,3,17,0.9822916666666667,215.2
NODE,3,18,0.9895833333333334,224.0
NODE,3,19,0.9927083333333333,227.2
NODE,3,20,0.9927083333333333,235.6
NODE,3,21,0.99375,224.0
NODE,3,22,0.984375,218.0
NODE,3,23,0.9708333333333333,219.2
NODE,3,24,0.98125,226.8
NODE,3,25,0.9916666666666667,243.2
NODE,3,26,0.9760416666666667,242.8
NODE,3,27,0.9885416666666667,250.8
NODE,3,28,0.9979166666666667,264.0
NODE,3,29,0.996875,260.8
NODE,3,30,0.9958333333333333,253.2
NODE,3,31,0.9885416666666667,243.2
NODE,3,32,0.9864583333333333,242.0
NODE,3,33,0.9885416666666667,245.2
NODE,3,34,0.9885416666666667,238.8
NODE,3,35,0.9895833333333334,236.4
NODE,3,36,0.9854166666666667,234.8
NODE,3,37,0.990625,236.4
NODE,3,38,0.984375,240.8
NODE,3,39,0.9791666666666666,231.2
NODE,3,40,0.9833333333333333,242.4
NODE,3,41,0.984375,242.8
NODE,3,42,0.9802083333333333,242.0
NODE,3,43,0.9916666666666667,248.0
NODE,3,44,0.9729166666666667,248.0
NODE,3,45,0.96875,243.2
NODE,3,46,0.9916666666666667,258.0
NODE,3,47,0.9947916666666666,258.4
NODE,3,48,0.99375,263.2
NODE,3,49,0.9916666666666667,265.6
NODE,3,50,0.9895833333333334,265.2
NODE,3,51,0.9875,267.6
NODE,3,52,0.9854166666666667,269.6
NODE,3,53,0.9791666666666666,264.8
NODE,3,54,0.9833333333333333,274.4
NODE,3,55,0.978125,266.4
NODE,3,56,0.9385416666666667,264.0
NODE,3,57,0.9020833333333333,260.4
NODE,3,58,0.9229166666666667,256.4
NODE,3,59,0.925,258.0
NODE,3,60,0.9302083333333333,265.6
NODE,3,61,0.9385416666666667,272.4
NODE,3,62,0.9427083333333334,277.2
NODE,3,63,0.946875,287.2
NODE,3,64,0.9479166666666666,288.4
NODE,3,65,0.95,290.0
NODE,3,66,0.9510416666666667,296.8
NODE,3,67,0.9479166666666666,300.8
NODE,3,68,0.9489583333333333,308.4
NODE,3,69,0.9447916666666667,314.8
NODE,3,70,0.95,325.6
NODE,3,71,0.9541666666666667,330.0
NODE,3,72,0.9572916666666667,310.4
NODE,3,73,0.9552083333333333,306.8
NODE,3,74,0.9572916666666667,310.8
NODE,3,75,0.9583333333333334,317.2
NODE,3,76,0.959375,318.8
NODE,3,77,0.9635416666666666,320.8
NODE,3,78,0.9677083333333333,318.0
NODE,3,79,0.96875,322.8
NODE,3,80,0.96875,314.4
NODE,3,81,0.9697916666666667,314.4
NODE,3,82,0.9697916666666667,315.6
NODE,3,83,0.9729166666666667,326.4
NODE,3,84,0.9739583333333334,327.6
NODE,3,85,0.9739583333333334,321.2
NODE,3,86,0.9708333333333333,340.4
NODE,3,87,0.9739583333333334,319.2
NODE,3,88,0.9833333333333333,300.0
NODE,3,89,0.9864583333333333,302.8
NODE,3,90,0.990625,311.2
NODE,3,91,0.9916666666666667,309.6
NODE,3,92,0.9927083333333333,315.6
NODE,3,93,0.9927083333333333,321.6
NODE,3,94,0.9927083333333333,318.8
NODE,3,95,0.9927083333333333,322.8
NODE,3,96,0.9927083333333333,320.0
NODE,3,97,0.9916666666666667,321.6
NODE,3,98,0.9947916666666666,323.6
NODE,3,99,0.99375,324.4
NODE,3,100,0.99375,340.4
NODE,3,101,0.9885416666666667,348.8
NODE,3,102,0.9916666666666667,348.4
NODE,3,103,0.9979166666666667,339.2
NODE,3,104,0.9989583333333333,323.2
NODE,3,105,0.9989583333333333,331.2
NODE,3,106,0.9989583333333333,331.6
NODE,3,107,0.9989583333333333,334.4
NODE,3,108,0.9989583333333333,326.8
NODE,3,109,0.9989583333333333,341.6
NODE,3,110,0.9989583333333333,335.6
NODE,3,111,0.9989583333333333,334.0
NODE,3,112,0.9989583333333333,337.2
NODE,3,113,0.9989583333333333,340.0
NODE,3,114,0.9989583333333333,330.8
NODE,3,115,0.9989583333333333,332.8
NODE,3,116,0.9979166666666667,339.6
NODE,3,117,0.9958333333333333,340.0
NODE,3,118,0.9989583333333333,332.0
NODE,3,119,0.9989583333333333,339.2
NODE,3,120,0.9989583333333333,329.2
NODE,3,121,0.9916666666666667,329.2
NODE,3,122,0.9895833333333334,322.4
NODE,3,123,0.9947916666666666,337.2
NODE,3,124,1.0,350.4
NODE,3,125,0.996875,368.4
NODE,3,126,0.9927083333333333,373.6
NODE,3,127,0.9927083333333333,365.6
NODE,3,128,0.9947916666666666,358.0
NODE,3,129,1.0,352.8
NODE,3,130,0.9989583333333333,354.4
NODE,3,131,1.0,358.4
NODE,3,132,1.0,352.0
NODE,3,133,1.0,353.2
NODE,3,134,1.0,355.2
NODE,3,135,1.0,352.4
NODE,3,136,1.0,352.0
NODE,3,137,1.0,361.2
NODE,3,138,1.0,363.6
NODE,3,139,1.0,365.6
NODE,3,140,1.0,359.6
NODE,3,141,1.0,353.6
NODE,3,142,1.0,358.4
NODE,3,143,1.0,349.6
NODE,3,144,1.0,354.4
NODE,3,145,1.0,365.6
NODE,3,146,1.0,372.0
NODE,3,147,1.0,358.4
NODE,3,148,1.0,367.2
NODE,3,149,1.0,355.6
NODE,3,150,1.0,356.4
NODE,3,151,1.0,363.6
NODE,3,152,1.0,356.4
NODE,3,153,1.0,356.4
NODE,3,154,1.0,362.4
NODE,3,155,1.0,360.8
NODE,3,156,1.0,364.8
NODE,3,157,1.0,364.8
NODE,3,158,1.0,358.8
NODE,3,159,1.0,362.4
NODE,3,160,1.0,362.4
NODE,3,161,1.0,363.2
NODE,3,162,1.0,365.6
NODE,3,163,1.0,360.0
NODE,3,164,1.0,363.6
NODE,3,165,1.0,363.6
NODE,3,166,1.0,362.0
NODE,3,167,1.0,359.6
NODE,3,168,1.0,370.0
NODE,3,169,1.0,360.0
NODE,3,170,1.0,364.8
NODE,3,171,1.0,362.8
NODE,3,172,1.0,361.2
NODE,3,173,1.0,356.4
NODE,3,174,1.0,364.4
NODE,3,175,1.0,351.2
NODE,3,176,1.0,358.0
NODE,3,177,1.0,358.4
NODE,3,178,1.0,365.2
NODE,3,179,1.0,364.0
NODE,3,180,1.0,360.8
NODE,3,181,1.0,362.4
NODE,3,182,1.0,360.8
NODE,3,183,1.0,359.2
NODE,3,184,1.0,374.0
NODE,3,185,1.0,361.2
NODE,3,186,1.0,360.4
NODE,3,187,1.0,362.0
NODE,3,188,1.0,357.6
NODE,3,189,1.0,362.4
NODE,3,190,1.0,357.2
NODE,3,191,1.0,361.6
NODE,3,192,1.0,364.4
NODE,3,193,1.0,362.4
NODE,3,194,1.0,360.8
NODE,3,195,1.0,361.2
NODE,3,196,1.0,364.4
NODE,3,197,1.0,363.2
NODE,3,198,1.0,366.4
NODE,3,199,1.0,363.2
NODE,3,200,1.0,363.2
NODE,3,201,1.0,365.6
NODE,3,202,1.0,367.6
NODE,3,203,1.0,368.0
NODE,3,204,1.0,366.4
NODE,3,205,1.0,362.4
NODE,3,206,1.0,365.2
NODE,3,207,1.0,371.2
NODE,3,208,1.0,369.6
NODE,3,209,1.0,372.0
NODE,3,210,1.0,360.0
NODE,3,211,1.0,355.2
NODE,3,212,1.0,362.8
NODE,3,213,1.0,369.2
NODE,3,214,1.0,364.8
NODE,3,215,1.0,361.2
NODE,3,216,1.0,365.6
NODE,3,217,1.0,365.6
NODE,3,218,1.0,356.8
NODE,3,219,1.0,364.4
NODE,3,220,1.0,367.6
NODE,3,221,1.0,362.8
NODE,3,222,1.0,364.4
NODE,3,223,1.0,376.8
NODE,3,224,1.0,356.8
NODE,3,225,1.0,362.8
NODE,3,226,1.0,367.2
NODE,3,227,1.0,367.2
NODE,3,228,1.0,377.6
NODE,3,229,1.0,368.8
NODE,3,230,1.0,364.0
NODE,3,231,1.0,371.6
NODE,3,232,1.0,371.6
NODE,3,233,1.0,375.2
NODE,3,234,1.0,374.8
NODE,3,235,1.0,373.2
NODE,3,236,1.0,368.8
NODE,3,237,1.0,372.4
NODE,3,238,1.0,377.2
NODE,3,239,1.0,368.8
NODE,3,240,1.0,373.2
NODE,3,241,1.0,368.4
NODE,3,242,1.0,374.4
NODE,3,243,1.0,368.4
NODE,3,244,1.0,373.2
NODE,3,245,1.0,372.0
NODE,3,246,1.0,366.0
NODE,3,247,1.0,374.0
NODE,3,248,1.0,382.4
NODE,3,249,1.0,374.8
NODE,3,250,1.0,368.8
NODE,3,251,1.0,374.0
NODE,3,252,1.0,375.6
NODE,3,253,1.0,362.0
NODE,3,254,1.0,370.0
NODE,3,255,1.0,373.2
NODE,3,256,1.0,378.8
NODE,3,257,1.0,373.6
NODE,3,258,1.0,369.6
NODE,3,259,1.0,367.2
NODE,3,260,1.0,374.4
NODE,3,261,1.0,370.8
NODE,3,262,1.0,359.6
NODE,3,263,1.0,369.6
NODE,3,264,1.0,370.8
NODE,3,265,1.0,370.4
NODE,3,266,1.0,371.2
NODE,3,267,1.0,364.8
NODE,3,268,1.0,359.6
NODE,3,269,1.0,373.6
NODE,3,270,1.0,367.2
NODE,3,271,1.0,367.6
NODE,3,272,1.0,356.8
NODE,3,273,1.0,357.2
NODE,3,274,1.0,369.2
NODE,3,275,1.0,361.2
NODE,3,276,1.0,359.2
NODE,3,277,1.0,358.0
NODE,3,278,1.0,359.2
NODE,3,279,1.0,365.2
NODE,3,280,1.0,355.2
NODE,3,281,1.0,353.2
NODE,3,282,1.0,364.8
NODE,3,283,1.0,362.8
NODE,3,284,1.0,360.0
NODE,3,285,1.0,358.0
NODE,3,286,1.0,357.2
NODE,3,287,1.0,361.2
NODE,3,288,1.0,358.8
NODE,3,289,1.0,359.6
NODE,3,290,1.0,358.4
NODE,3,291,1.0,353.6
NODE,3,292,1.0,365.6
NODE,3,293,1.0,355.2
NODE,3,294,1.0,358.8
NODE,3,295,1.0,358.4
NODE,3,296,1.0,367.6
NODE,3,297,1.0,359.6
NODE,3,298,1.0,363.6
NODE,3,299,1.0,355.2
NODE,3,300,1.0,353.6
NODE,3,301,1.0,356.0
NODE,3,302,1.0,360.8
NODE,3,303,1.0,356.0
NODE,3,304,1.0,359.6
NODE,3,305,1.0,358.0
NODE,3,306,1.0,365.6
NODE,3,307,1.0,358.0
NODE,3,308,1.0,354.0
NODE,3,309,1.0,364.4
NODE,3,310,1.0,367.2
NODE,3,311,1.0,365.6
NODE,3,312,1.0,361.6
NODE,3,313,1.0,362.8
NODE,3,314,1.0,356.8
NODE,3,315,1.0,364.0
NODE,3,316,1.0,362.0
NODE,3,317,1.0,362.0
NODE,3,318,1.0,369.2
NODE,3,319,1.0,369.2
NODE,3,320,1.0,363.2
NODE,3,321,1.0,366.0
NODE,3,322,1.0,360.8
NODE,3,323,1.0,368.0
NODE,3,324,1.0,367.6
NODE,3,325,1.0,363.6
NODE,3,326,1.0,368.4
NODE,3,327,1.0,364.0
NODE,3,328,1.0,363.2
NODE,3,329,1.0,363.6
NODE,3,330,1.0,363.2
NODE,3,331,1.0,368.8
NODE,3,332,1.0,368.0
NODE,3,333,1.0,369.2
NODE,3,334,1.0,362.4
NODE,3,335,1.0,370.0
NODE,3,336,1.0,364.4
NODE,3,337,1.0,358.4
NODE,3,338,1.0,364.8
NODE,3,339,1.0,361.6
NODE,3,340,1.0,360.4
NODE,3,341,1.0,360.0
NODE,3,342,1.0,368.0
NODE,3,343,1.0,369.2
NODE,3,344,1.0,361.6
NODE,3,345,1.0,366.4
NODE,3,346,1.0,366.0
NODE,3,347,1.0,362.8
NODE,3,348,1.0,363.6
NODE,3,349,1.0,362.8
NODE,3,350,1.0,362.4
NODE,3,351,1.0,360.8
NODE,3,352,1.0,366.8
NODE,3,353,1.0,362.0
NODE,3,354,1.0,358.8
NODE,3,355,1.0,369.2
NODE,3,356,1.0,366.4
NODE,3,357,1.0,363.6
NODE,3,358,1.0,366.0
NODE,3,359,1.0,369.2
NODE,3,360,1.0,361.6
NODE,3,361,1.0,362.4
NODE,3,362,1.0,355.2
NODE,3,363,1.0,360.4
NODE,3,364,1.0,361.2
NODE,3,365,1.0,363.2
NODE,3,366,1.0,362.0
NODE,3,367,1.0,364.4
NODE,3,368,1.0,366.0
NODE,3,369,1.0,366.0
NODE,3,370,1.0,361.2
NODE,3,371,1.0,367.2
NODE,3,372,1.0,358.0
NODE,3,373,1.0,360.4
NODE,3,374,1.0,365.6
NODE,3,375,1.0,359.6
NODE,3,376,1.0,357.2
NODE,3,377,1.0,360.0
NODE,3,378,1.0,363.2
NODE,3,379,1.0,357.2
NODE,3,380,1.0,362.4
NODE,3,381,1.0,360.0
NODE,3,382,1.0,364.4
NODE,3,383,1.0,367.2
NODE,3,384,1.0,363.6
NODE,3,385,1.0,366.8
NODE,3,386,1.0,358.8
NODE,3,387,1.0,360.8
NODE,3,388,1.0,358.0
NODE,3,389,1.0,367.2
NODE,3,390,1.0,360.8
NODE,3,391,1.0,365.2
NODE,3,392,1.0,358.8
NODE,3,393,1.0,360.8
NODE,3,394,1.0,362.4
NODE,3,395,1.0,361.2
NODE,3,396,1.0,366.0
NODE,3,397,1.0,361.2
NODE,3,398,1.0,363.6
NODE,3,399,1.0,361.2
NODE,3,400,1.0,372.8
NODE,3,401,1.0,357.6
NODE,3,402,1.0,364.4
NODE,3,403,1.0,356.0
NODE,3,404,1.0,363.6
NODE,3,405,1.0,370.4
NODE,3,406,1.0,368.0
NODE,3,407,1.0,356.0
NODE,3,408,1.0,366.4
NODE,3,409,1.0,361.6
NODE,3,410,1.0,361.2
NODE,3,411,1.0,357.2
NODE,3,412,1.0,357.2
NODE,3,413,1.0,362.4
NODE,3,414,1.0,355.2
NODE,3,415,1.0,362.4
NODE,3,416,1.0,369.2
NODE,3,417,1.0,353.6
NODE,3,418,1.0,357.6
NODE,3,419,1.0,357.6
NODE,3,420,1.0,368.0
NODE,3,421,1.0,359.6
NODE,3,422,1.0,368.0
NODE,3,423,1.0,362.8
NODE,3,424,1.0,357.6
NODE,3,425,1.0,359.2
NODE,3,426,1.0,362.0
NODE,3,427,1.0,369.6
NODE,3,428,1.0,354.8
NODE,3,429,1.0,358.0
NODE,3,430,1.0,358.4
NODE,3,431,1.0,364.0
NODE,3,432,1.0,361.6
NODE,3,433,1.0,366.8
NODE,3,434,1.0,363.6
NODE,3,435,1.0,367.6
NODE,3,436,1.0,362.4
NODE,3,437,1.0,355.2
NODE,3,438,1.0,354.4
NODE,3,439,1.0,364.4
NODE,3,440,1.0,360.4
NODE,3,441,1.0,362.4
NODE,3,442,1.0,361.6
NODE,3,443,1.0,356.4
NODE,3,444,1.0,353.2
NODE,3,445,1.0,357.6
NODE,3,446,1.0,362.4
NODE,3,447,1.0,358.0
NODE,3,448,1.0,358.8
NODE,3,449,1.0,365.6
NODE,3,450,1.0,368.0
NODE,3,451,1.0,361.2
NODE,3,452,1.0,370.0
NODE,3,453,1.0,364.8
NODE,3,454,1.0,358.4
NODE,3,455,1.0,366.4
NODE,3,456,1.0,358.0
NODE,3,457,1.0,357.6
NODE,3,458,1.0,359.2
NODE,3,459,1.0,368.8
NODE,3,460,1.0,359.6
NODE,3,461,1.0,362.8
NODE,3,462,1.0,369.2
NODE,3,463,1.0,366.0
NODE,3,464,1.0,365.2
NODE,3,465,1.0,361.2
NODE,3,466,1.0,361.6
NODE,3,467,1.0,366.8
NODE,3,468,1.0,371.2
NODE,3,469,1.0,366.4
NODE,3,470,1.0,365.6
NODE,3,471,1.0,369.6
NODE,3,472,1.0,365.2
NODE,3,473,1.0,364.0
NODE,3,474,1.0,362.8
NODE,3,475,1.0,366.4
NODE,3,476,1.0,364.4
NODE,3,477,1.0,369.6
NODE,3,478,1.0,366.8
NODE,3,479,1.0,359.6
NODE,3,480,1.0,360.8
NODE,3,481,1.0,359.2
NODE,3,482,1.0,362.4
NODE,3,483,1.0,358.4
NODE,3,484,1.0,365.6
NODE,3,485,1.0,361.6
NODE,3,486,1.0,364.4
NODE,3,487,1.0,359.6
NODE,3,488,1.0,371.6
NODE,3,489,1.0,362.4
NODE,3,490,1.0,364.8
NODE,3,491,1.0,369.6
NODE,3,492,1.0,362.8
NODE,3,493,1.0,365.6
NODE,3,494,1.0,356.8
NODE,3,495,1.0,361.2
NODE,3,496,1.0,363.2
NODE,3,497,1.0,360.8
NODE,3,498,1.0,366.8
NODE,3,499,1.0,360.0
NODE,3,500,1.0,362.0
NODE,3,501,1.0,372.4
NODE,3,502,1.0,377.6
NODE,3,503,1.0,372.4
NODE,3,504,1.0,370.4
NODE,3,505,1.0,363.6
NODE,3,506,1.0,368.0
NODE,3,507,1.0,367.2
NODE,3,508,1.0,359.2
NODE,3,509,1.0,371.6
NODE,3,510,1.0,367.6
NODE,3,511,1.0,363.6
NODE,3,512,1.0,363.2
NODE,3,513,1.0,360.4
NODE,3,514,1.0,364.4
NODE,3,515,1.0,364.8
NODE,3,516,1.0,364.8
NODE,3,517,1.0,361.6
NODE,3,518,1.0,365.6
NODE,3,519,1.0,364.8
NODE,3,520,1.0,359.6
NODE,3,521,1.0,362.0
NODE,3,522,1.0,361.2
NODE,3,523,1.0,362.8
NODE,3,524,1.0,367.6
NODE,3,525,1.0,365.2
NODE,3,526,1.0,356.4
NODE,3,527,1.0,364.0
NODE,3,528,1.0,364.0
NODE,3,529,1.0,370.0
NODE,3,530,1.0,364.0
NODE,3,531,1.0,360.8
NODE,3,532,1.0,363.2
NODE,3,533,1.0,368.8
NODE,3,534,1.0,369.6
NODE,3,535,1.0,362.8
NODE,3,536,1.0,374.0
NODE,3,537,1.0,372.8
NODE,3,538,1.0,367.2
NODE,3,539,1.0,374.0
NODE,3,540,1.0,366.8
NODE,3,541,1.0,365.2
NODE,3,542,1.0,368.4
NODE,3,543,1.0,365.2
NODE,3,544,1.0,361.2
NODE,3,545,1.0,368.0
NODE,3,546,1.0,368.8
NODE,3,547,1.0,376.8
NODE,3,548,1.0,369.6
NODE,3,549,1.0,366.0
NODE,3,550,1.0,365.6
NODE,3,551,1.0,368.4
NODE,3,552,1.0,366.0
NODE,3,553,1.0,360.8
NODE,3,554,1.0,366.4
NODE,3,555,1.0,367.2
NODE,3,556,1.0,361.6
NODE,3,557,1.0,365.6
NODE,3,558,1.0,371.6
NODE,3,559,1.0,375.2
NODE,3,560,1.0,368.0
NODE,3,561,1.0,371.2
NODE,3,562,1.0,380.0
NODE,3,563,1.0,362.0
NODE,3,564,1.0,364.8
NODE,3,565,1.0,365.2
NODE,3,566,1.0,362.8
NODE,3,567,1.0,372.0
NODE,3,568,1.0,372.8
NODE,3,569,1.0,368.4
NODE,3,570,1.0,374.4
NODE,3,571,1.0,373.6
NODE,3,572,1.0,371.2
NODE,3,573,1.0,368.0
NODE,3,574,1.0,368.0
NODE,3,575,1.0,368.4
NODE,3,576,1.0,375.6
NODE,3,577,1.0,373.2
NODE,3,578,1.0,368.0
NODE,3,579,1.0,370.8
NODE,3,580,1.0,372.0
NODE,3,581,1.0,374.4
NODE,3,582,1.0,368.4
NODE,3,583,1.0,367.6
NODE,3,584,1.0,369.6
NODE,3,585,1.0,367.6
NODE,3,586,1.0,374.0
NODE,3,587,1.0,368.0
NODE,3,588,1.0,370.4
NODE,3,589,1.0,367.6
NODE,3,590,1.0,366.8
NODE,3,591,1.0,370.8
NODE,3,592,1.0,371.2
NODE,3,593,1.0,369.2
NODE,3,594,1.0,374.0
NODE,3,595,1.0,371.2
NODE,3,596,1.0,372.8
NODE,3,597,1.0,366.0
NODE,3,598,1.0,367.2
NODE,3,599,1.0,362.8
NODE,3,600,1.0,383.6
NODE,3,601,1.0,366.4
NODE,3,602,1.0,379.2
NODE,3,603,1.0,366.4
NODE,3,604,1.0,378.8
NODE,3,605,1.0,370.8
NODE,3,606,1.0,371.2
NODE,3,607,1.0,364.8
NODE,3,608,1.0,365.6
NODE,3,609,1.0,378.0
NODE,3,610,1.0,368.8
NODE,3,611,1.0,372.0
NODE,3,612,1.0,369.6
NODE,3,613,1.0,365.6
NODE,3,614,1.0,378.8
NODE,3,615,1.0,372.8
NODE,3,616,1.0,373.2
NODE,3,617,1.0,376.4
NODE,3,618,1.0,374.4
NODE,3,619,1.0,366.8
NODE,3,620,1.0,375.2
NODE,3,621,1.0,371.6
NODE,3,622,1.0,377.6
NODE,3,623,1.0,381.2
NODE,3,624,1.0,380.8
NODE,3,625,1.0,371.2
NODE,3,626,1.0,366.0
NODE,3,627,1.0,376.4
NODE,3,628,1.0,377.2
NODE,3,629,1.0,368.4
NODE,3,630,1.0,370.4
NODE,3,631,1.0,384.0
NODE,3,632,1.0,374.8
NODE,3,633,1.0,366.8
NODE,3,634,1.0,376.8
NODE,3,635,1.0,374.0
NODE,3,636,1.0,373.6
NODE,3,637,1.0,372.4
NODE,3,638,1.0,372.4
NODE,3,639,1.0,369.2
NODE,3,640,1.0,374.8
NODE,3,641,1.0,365.6
NODE,3,642,1.0,370.0
NODE,3,643,1.0,375.6
NODE,3,644,1.0,372.8
NODE,3,645,1.0,370.0
NODE,3,646,1.0,372.4
NODE,3,647,1.0,375.6
NODE,3,648,1.0,368.8
NODE,3,649,1.0,367.6
NODE,3,650,1.0,368.4
NODE,3,651,1.0,376.8
NODE,3,652,1.0,374.8
NODE,3,653,1.0,381.6
NODE,3,654,1.0,378.8
NODE,3,655,1.0,379.2
NODE,3,656,1.0,374.8
NODE,3,657,1.0,374.0
NODE,3,658,1.0,376.0
NODE,3,659,1.0,375.6
NODE,3,660,1.0,370.0
NODE,3,661,1.0,375.6
NODE,3,662,1.0,374.4
NODE,3,663,1.0,374.8
NODE,3,664,1.0,373.2
NODE,3,665,1.0,375.2
NODE,3,666,1.0,375.6
NODE,3,667,1.0,377.2
NODE,3,668,1.0,374.4
NODE,3,669,1.0,372.8
NODE,3,670,1.0,384.8
NODE,3,671,1.0,374.0
NODE,3,672,1.0,381.6
NODE,3,673,1.0,374.0
NODE,3,674,1.0,373.2
NODE,3,675,1.0,381.2
NODE,3,676,1.0,381.2
NODE,3,677,1.0,375.2
NODE,3,678,1.0,373.2
NODE,3,679,1.0,380.0
NODE,3,680,1.0,381.6
NODE,3,681,1.0,385.6
NODE,3,682,1.0,374.8
NODE,3,683,1.0,379.2
NODE,3,684,1.0,388.4
NODE,3,685,1.0,375.6
NODE,3,686,1.0,387.6
NODE,3,687,1.0,378.4
NODE,3,688,1.0,380.0
NODE,3,689,1.0,379.6
NODE,3,690,1.0,378.0
NODE,3,691,1.0,376.8
NODE,3,692,1.0,377.6
NODE,3,693,1.0,383.6
NODE,3,694,1.0,380.8
NODE,3,695,1.0,375.2
NODE,3,696,1.0,368.4
NODE,3,697,1.0,376.8
NODE,3,698,1.0,374.4
NODE,3,699,1.0,376.4
NODE,3,700,1.0,375.2
NODE,3,701,1.0,382.0
NODE,3,702,1.0,382.0
NODE,3,703,1.0,376.8
NODE,3,704,1.0,376.4
NODE,3,705,1.0,383.6
NODE,3,706,1.0,378.0
NODE,3,707,1.0,384.8
NODE,3,708,1.0,380.4
NODE,3,709,1.0,375.2
NODE,3,710,1.0,384.8
NODE,3,711,1.0,375.6
NODE,3,712,1.0,374.0
NODE,3,713,1.0,379.6
NODE,3,714,1.0,378.8
NODE,3,715,1.0,380.0
NODE,3,716,1.0,385.2
NODE,3,717,1.0,379.6
NODE,3,718,1.0,382.4
NODE,3,719,1.0,382.0
NODE,3,720,1.0,380.0
NODE,3,721,1.0,384.4
NODE,3,722,1.0,378.8
NODE,3,723,1.0,380.8
NODE,3,724,1.0,384.0
NODE,3,725,1.0,381.6
NODE,3,726,1.0,374.0
NODE,3,727,1.0,381.2
NODE,3,728,1.0,376.0
NODE,3,729,1.0,379.6
NODE,3,730,1.0,377.6
NODE,3,731,1.0,378.4
NODE,3,732,1.0,382.0
NODE,3,733,1.0,375.6
NODE,3,734,1.0,379.2
NODE,3,735,1.0,383.2
NODE,3,736,1.0,379.2
NODE,3,737,1.0,385.2
NODE,3,738,1.0,382.8
NODE,3,739,1.0,374.0
NODE,3,740,1.0,385.6
NODE,3,741,1.0,382.4
NODE,3,742,1.0,378.0
NODE,3,743,1.0,383.2
NODE,3,744,1.0,385.2
NODE,3,745,1.0,381.6
NODE,3,746,1.0,377.6
NODE,3,747,1.0,389.2
NODE,3,748,1.0,379.2
NODE,3,749,1.0,381.2
NODE,3,750,1.0,381.2
NODE,3,751,1.0,374.0
NODE,3,752,1.0,382.0
NODE,3,753,1.0,381.6
NODE,3,754,1.0,380.0
NODE,3,755,1.0,384.8
NODE,3,756,1.0,377.2
NODE,3,757,1.0,387.2
NODE,3,758,1.0,389.6
NODE,3,759,1.0,377.2
NODE,3,760,1.0,391.2
NODE,3,761,1.0,374.4
NODE,3,762,1.0,382.0
NODE,3,763,1.0,380.8
NODE,3,764,1.0,388.0
NODE,3,765,1.0,389.2
NODE,3,766,1.0,386.8
NODE,3,767,1.0,386.8
NODE,3,768,1.0,382.8
NODE,3,769,1.0,393.6
NODE,3,770,1.0,378.8
NODE,3,771,1.0,389.2
NODE,3,772,1.0,393.2
NODE,3,773,1.0,386.8
NODE,3,774,1.0,382.4
NODE,3,775,1.0,381.6
NODE,3,776,1.0,387.2
NODE,3,777,1.0,378.0
NODE,3,778,1.0,380.0
NODE,3,779,1.0,382.8
NODE,3,780,1.0,386.4
NODE,3,781,1.0,384.4
NODE,3,782,1.0,378.0
NODE,3,783,1.0,382.0
NODE,3,784,1.0,382.4
NODE,3,785,1.0,387.2
NODE,3,786,1.0,381.2
NODE,3,787,1.0,382.8
NODE,3,788,1.0,388.8
NODE,3,789,1.0,381.6
NODE,3,790,1.0,390.4
NODE,3,791,1.0,391.2
NODE,3,792,1.0,382.4
NODE,3,793,1.0,392.4
NODE,3,794,1.0,384.0
NODE,3,795,1.0,393.2
NODE,3,796,1.0,384.8
NODE,3,797,1.0,384.0
NODE,3,798,1.0,382.4
NODE,3,799,1.0,396.0
NODE,3,800,1.0,382.8
NODE,3,801,1.0,390.4
NODE,3,802,1.0,386.0
NODE,3,803,1.0,389.6
NODE,3,804,1.0,393.2
NODE,3,805,1.0,388.8
NODE,3,806,1.0,386.0
NODE,3,807,1.0,387.6
NODE,3,808,1.0,385.6
NODE,3,809,1.0,384.4
NODE,3,810,1.0,389.2
NODE,3,811,1.0,384.8
NODE,3,812,1.0,383.6
NODE,3,813,1.0,389.6
NODE,3,814,1.0,390.0
NODE,3,815,1.0,383.2
NODE,3,816,1.0,386.0
NODE,3,817,1.0,386.0
NODE,3,818,1.0,383.6
NODE,3,819,1.0,384.0
NODE,3,820,1.0,386.8
NODE,3,821,1.0,385.2
NODE,3,822,1.0,388.4
NODE,3,823,1.0,386.4
NODE,3,824,1.0,382.4
NODE,3,825,1.0,386.8
NODE,3,826,1.0,389.6
NODE,3,827,1.0,386.0
NODE,3,828,1.0,382.4
NODE,3,829,1.0,392.8
NODE,3,830,1.0,392.8
NODE,3,831,1.0,386.0
NODE,3,832,1.0,390.8
NODE,3,833,1.0,388.8
NODE,3,834,1.0,387.2
NODE,3,835,1.0,382.8
NODE,3,836,1.0,386.0
NODE,3,837,1.0,384.8
NODE,3,838,1.0,392.8
NODE,3,839,1.0,389.6
NODE,3,840,1.0,387.2
NODE,3,841,1.0,389.2
NODE,3,842,1.0,390.4
NODE,3,843,1.0,392.4
NODE,3,844,1.0,392.0
NODE,3,845,1.0,390.8
NODE,3,846,1.0,393.2
NODE,3,847,1.0,386.4
NODE,3,848,1.0,390.4
NODE,3,849,1.0,394.8
NODE,3,850,1.0,389.6
NODE,3,851,1.0,391.6
NODE,3,852,1.0,392.4
NODE,3,853,1.0,386.4
NODE,3,854,1.0,388.8
NODE,3,855,1.0,390.4
NODE,3,856,1.0,388.8
NODE,3,857,1.0,387.2
NODE,3,858,1.0,392.8
NODE,3,859,1.0,383.6
NODE,3,860,1.0,390.4
NODE,3,861,1.0,394.0
NODE,3,862,1.0,392.4
NODE,3,863,1.0,383.2
NODE,3,864,1.0,391.2
NODE,3,865,1.0,391.6
NODE,3,866,1.0,391.2
NODE,3,867,1.0,389.6
NODE,3,868,1.0,384.0
NODE,3,869,1.0,392.4
NODE,3,870,1.0,394.8
NODE,3,871,1.0,390.0
NODE,3,872,1.0,392.0
NODE,3,873,1.0,393.2
NODE,3,874,1.0,392.0
NODE,3,875,1.0,387.2
NODE,3,876,1.0,391.2
NODE,3,877,1.0,385.2
NODE,3,878,1.0,396.4
NODE,3,879,1.0,391.6
NODE,3,880,1.0,401.2
NODE,3,881,1.0,383.6
NODE,3,882,1.0,395.2
NODE,3,883,1.0,390.8
NODE,3,884,1.0,395.6
NODE,3,885,1.0,395.6
NODE,3,886,1.0,393.2
NODE,3,887,1.0,391.2
NODE,3,888,1.0,397.2
NODE,3,889,1.0,391.2
NODE,3,890,1.0,393.6
NODE,3,891,1.0,391.6
NODE,3,892,1.0,393.2
NODE,3,893,1.0,388.8
NODE,3,894,1.0,397.6
NODE,3,895,1.0,393.2
NODE,3,896,1.0,394.0
NODE,3,897,1.0,394.0
NODE,3,898,1.0,397.6
NODE,3,899,1.0,393.2
NODE,3,900,1.0,394.8
NODE,3,901,1.0,392.8
NODE,3,902,1.0,394.8
NODE,3,903,1.0,393.6
NODE,3,904,1.0,398.4
NODE,3,905,1.0,400.0
NODE,3,906,1.0,394.8
NODE,3,907,1.0,401.6
NODE,3,908,1.0,399.6
NODE,3,909,1.0,390.4
NODE,3,910,1.0,397.6
NODE,3,911,1.0,390.8
NODE,3,912,1.0,395.6
NODE,3,913,1.0,393.6
NODE,3,914,1.0,390.4
NODE,3,915,1.0,390.0
NODE,3,916,1.0,393.6
NODE,3,917,1.0,395.2
NODE,3,918,1.0,390.4
NODE,3,919,1.0,395.6
NODE,3,920,1.0,396.4
NODE,3,921,1.0,391.2
NODE,3,922,1.0,393.2
NODE,3,923,1.0,404.8
NODE,3,924,1.0,396.4
NODE,3,925,1.0,399.6
NODE,3,926,1.0,400.0
NODE,3,927,1.0,401.6
NODE,3,928,1.0,395.6
NODE,3,929,1.0,400.8
NODE,3,930,1.0,394.0
NODE,3,931,1.0,397.6
NODE,3,932,1.0,403.2
NODE,3,933,1.0,397.6
NODE,3,934,1.0,399.2
NODE,3,935,1.0,394.8
NODE,3,936,1.0,392.8
NODE,3,937,1.0,394.8
NODE,3,938,1.0,398.0
NODE,3,939,1.0,403.2
NODE,3,940,1.0,395.2
NODE,3,941,1.0,394.0
NODE,3,942,1.0,390.0
NODE,3,943,1.0,394.8
NODE,3,944,1.0,398.8
NODE,3,945,1.0,398.4
NODE,3,946,1.0,397.6
NODE,3,947,1.0,401.6
NODE,3,948,1.0,391.6
NODE,3,949,1.0,399.2
NODE,3,950,1.0,401.2
NODE,3,951,1.0,403.2
NODE,3,952,1.0,400.8
NODE,3,953,1.0,407.6
NODE,3,954,1.0,394.4
NODE,3,955,1.0,401.6
NODE,3,956,1.0,398.8
NODE,3,957,1.0,406.8
NODE,3,958,1.0,401.6
NODE,3,959,1.0,404.0
NODE,3,960,1.0,401.2
NODE,3,961,1.0,396.8
NODE,3,962,1.0,403.2
NODE,3,963,1.0,403.6
NODE,3,964,1.0,399.6
NODE,3,965,1.0,408.8
NODE,3,966,1.0,397.6
NODE,3,967,1.0,396.8
NODE,3,968,1.0,402.8
NODE,3,969,1.0,403.2
NODE,3,970,1.0,403.2
NODE,3,971,1.0,395.2
NODE,3,972,1.0,402.8
NODE,3,973,1.0,401.2
NODE,3,974,1.0,400.8
NODE,3,975,1.0,404.0
NODE,3,976,1.0,396.8
NODE,3,977,1.0,404.0
NODE,3,978,1.0,409.2
NODE,3,979,1.0,394.8
NODE,3,980,1.0,403.2
NODE,3,981,1.0,398.0
NODE,3,982,1.0,395.6
NODE,3,983,1.0,400.8
NODE,3,984,1.0,392.8
NODE,3,985,1.0,406.4
NODE,3,986,1.0,404.0
NODE,3,987,1.0,399.6
NODE,3,988,1.0,405.6
NODE,3,989,1.0,405.2
NODE,3,990,1.0,402.4
NODE,3,991,1.0,399.2
NODE,3,992,1.0,405.6
NODE,3,993,1.0,406.8
NODE,3,994,1.0,405.6
NODE,3,995,1.0,404.0
NODE,3,996,1.0,405.2
NODE,3,997,1.0,406.4
NODE,3,998,1.0,400.0
NODE,3,999,1.0,403.2
NODE,3,1000,1.0,404.4
NODE,4,1,0.4479166666666667,42.4
NODE,4,2,0.559375,52.0
NODE,4,3,0.6520833333333333,73.6
NODE,4,4,0.7489583333333333,107.2
NODE,4,5,0.9010416666666666,139.2
NODE,4,6,0.9104166666666667,155.6
NODE,4,7,0.9166666666666666,170.0
NODE,4,8,0.9145833333333333,166.8
NODE,4,9,0.9177083333333333,155.2
NODE,4,10,0.9489583333333333,168.8
NODE,4,11,0.9583333333333334,174.8
NODE,4,12,0.9666666666666667,177.2
NODE,4,13,0.9760416666666667,185.6
NODE,4,14,0.98125,189.2
NODE,4,15,0.9854166666666667,188.4
NODE,4,16,0.9864583333333333,195.2
NODE,4,17,0.990625,195.2
NODE,4,18,0.9979166666666667,198.0
NODE,4,19,0.996875,200.0
NODE,4,20,0.9989583333333333,204.8
NODE,4,21,0.9989583333333333,208.8
NODE,4,22,0.9989583333333333,212.4
NODE,4,23,0.9979166666666667,216.0
NODE,4,24,0.98125,214.4
NODE,4,25,0.9770833333333333,198.8
NODE,4,26,0.9875,201.2
NODE,4,27,0.98125,199.2
NODE,4,28,0.9802083333333333,206.8
NODE,4,29,0.9875,212.4
NODE,4,30,0.9916666666666667,216.0
NODE,4,31,0.9791666666666666,202.8
NODE,4,32,0.9541666666666667,174.8
NODE,4,33,0.9885416666666667,180.8
NODE,4,34,0.996875,188.0
NODE,4,35,0.9989583333333333,195.6
NODE,4,36,0.9989583333333333,198.8
NODE,4,37,0.9958333333333333,198.0
NODE,4,38,0.9989583333333333,202.0
NODE,4,39,0.9989583333333333,200.0
NODE,4,40,0.9979166666666667,193.2
NODE,4,41,0.9958333333333333,208.0
NODE,4,42,0.996875,202.8
NODE,4,43,0.9958333333333333,200.8
NODE,4,44,0.996875,207.2
NODE,4,45,0.9989583333333333,200.8
NODE,4,46,1.0,204.8
NODE,4,47,0.9989583333333333,202.0
NODE,4,48,0.9958333333333333,208.8
NODE,4,49,0.9958333333333333,208.8
NODE,4,50,0.9947916666666666,202.4
NODE,4,51,0.9989583333333333,212.4
NODE,4,52,0.9979166666666667,214.4
NODE,4,53,0.9979166666666667,215.2
NODE,4,54,0.99375,214.0
NODE,4,55,0.99375,209.2
NODE,4,56,0.99375,209.6
NODE,4,57,0.9822916666666667,216.8
NODE,4,58,0.9791666666666666,220.8
NODE,4,59,0.9833333333333333,230.4
NODE,4,60,0.9916666666666667,232.8
NODE,4,61,0.984375,229.2
NODE,4,62,0.99375,233.6
NODE,4,63,0.98125,228.4
NODE,4,64,0.9802083333333333,232.4
NODE,4,65,0.9916666666666667,235.2
NODE,4,66,0.9979166666666667,238.4
NODE,4,67,1.0,244.0
NODE,4,68,1.0,242.4
NODE,4,69,1.0,238.4
NODE,4,70,0.9989583333333333,242.8
NODE,4,71,0.9989583333333333,238.8
NODE,4,72,1.0,234.0
NODE,4,73,0.9989583333333333,232.8
NODE,4,74,0.9989583333333333,229.6
NODE,4,75,0.9979166666666667,231.6
NODE,4,76,0.9979166666666667,232.0
NODE,4,77,0.9916666666666667,236.4
NODE,4,78,0.96875,254.4
NODE,4,79,0.9739583333333334,258.4
NODE,4,80,0.8916666666666667,248.8
NODE,4,81,0.9770833333333333,276.0
NODE,4,82,0.9645833333333333,271.2
NODE,4,83,0.975,300.0
NODE,4,84,0.9333333333333333,305.6
NODE,4,85,0.9145833333333333,310.8
NODE,4,86,0.9229166666666667,299.6
NODE,4,87,0.9083333333333333,307.6
NODE,4,88,0.93125,334.8
NODE,4,89,0.9510416666666667,326.4
NODE,4,90,0.9510416666666667,318.4
NODE,4,91,0.8302083333333333,304.8
NODE,4,92,0.9166666666666666,303.6
NODE,4,93,0.9875,318.8
NODE,4,94,0.98125,325.2
NODE,4,95,0.98125,328.0
NODE,4,96,0.984375,326.0
NODE,4,97,0.9791666666666666,325.6
NODE,4,98,0.98125,332.0
NODE,4,99,0.984375,323.2
NODE,4,100,0.9583333333333334,320.0
NODE,4,101,0.7729166666666667,311.6
NODE,4,102,0.34479166666666666,302.4
NODE,4,103,0.44479166666666664,340.0
NODE,4,104,0.5697916666666667,373.2
NODE,4,105,0.7229166666666667,392.8
NODE,4,106,0.8822916666666667,403.6
NODE,4,107,0.8875,403.2
NODE,4,108,0.9114583333333334,402.4
NODE,4,109,0.9125,400.8
NODE,4,110,0.9083333333333333,402.0
NODE,4,111,0.915625,403.6
NODE,4,112,0.915625,408.4
NODE,4,113,0.9145833333333333,409.2
NODE,4,114,0.9260416666666667,411.2
NODE,4,115,0.9302083333333333,409.6
NODE,4,116,0.9322916666666666,404.4
NODE,4,117,0.9302083333333333,410.0
NODE,4,118,0.9364583333333333,414.8
NODE,4,119,0.9322916666666666,414.0
NODE,4,120,0.9427083333333334,418.0
NODE,4,121,0.93125,424.0
NODE,4,122,0.9427083333333334,412.4
NODE,4,123,0.9447916666666667,418.0
NODE,4,124,0.9489583333333333,411.6
NODE,4,125,0.9489583333333333,423.6
NODE,4,126,0.9427083333333334,411.6
NODE,4,127,0.953125,412.0
NODE,4,128,0.9572916666666667,409.6
NODE,4,129,0.9541666666666667,428.0
NODE,4,130,0.9552083333333333,416.4
NODE,4,131,0.9552083333333333,431.2
NODE,4,132,0.9614583333333333,423.2
NODE,4,133,0.9645833333333333,439.6
NODE,4,134,0.96875,439.2
NODE,4,135,0.96875,442.8
NODE,4,136,0.96875,447.6
NODE,4,137,0.9697916666666667,441.6
NODE,4,138,0.9729166666666667,450.4
NODE,4,139,0.9729166666666667,447.2
NODE,4,140,0.9708333333333333,454.4
NODE,4,141,0.9677083333333333,452.4
NODE,4,142,0.9760416666666667,454.4
NODE,4,143,0.9677083333333333,462.8
NODE,4,144,0.9729166666666667,464.8
NODE,4,145,0.9708333333333333,465.6
NODE,4,146,0.9802083333333333,454.0
NODE,4,147,0.9822916666666667,455.6
NODE,4,148,0.9770833333333333,469.6
NODE,4,149,0.978125,472.8
NODE,4,150,0.984375,467.2
NODE,4,151,0.9802083333333333,457.6
NODE,4,152,0.984375,466.8
NODE,4,153,0.9822916666666667,480.8
NODE,4,154,0.984375,488.8
NODE,4,155,0.9854166666666667,502.8
NODE,4,156,0.9822916666666667,506.8
NODE,4,157,0.9822916666666667,516.8
NODE,4,158,0.9854166666666667,518.8
NODE,4,159,0.9802083333333333,520.0
NODE,4,160,0.9822916666666667,511.2
NODE,4,161,0.9854166666666667,526.8
NODE,4,162,0.98125,529.6
NODE,4,163,0.9854166666666667,537.2
NODE,4,164,0.9864583333333333,539.2
NODE,4,165,0.9854166666666667,525.6
NODE,4,166,0.984375,539.2
NODE,4,167,0.9864583333333333,530.8
NODE,4,168,0.9875,533.2
NODE,4,169,0.9885416666666667,534.0
NODE,4,170,0.9885416666666667,520.0
NODE,4,171,0.9927083333333333,542.0
NODE,4,172,0.990625,542.0
NODE,4,173,0.9875,535.6
NODE,4,174,0.9822916666666667,539.6
NODE,4,175,0.9822916666666667,558.8
NODE,4,176,0.73125,472.0
NODE,4,177,0.8322916666666667,443.6
NODE,4,178,0.9385416666666667,412.8
NODE,4,179,0.9541666666666667,395.2
NODE,4,180,0.953125,398.4
NODE,4,181,0.9166666666666666,382.4
NODE,4,182,0.8510416666666667,348.4
NODE,4,183,0.8729166666666667,368.4
NODE,4,184,0.5625,401.6
NODE,4,185,0.753125,438.0
NODE,4,186,0.9395833333333333,468.8
NODE,4,187,0.9510416666666667,472.4
NODE,4,188,0.9552083333333333,471.6
NODE,4,189,0.9552083333333333,476.0
NODE,4,190,0.9552083333333333,484.0
NODE,4,191,0.9583333333333334,482.8
NODE,4,192,0.9625,480.4
NODE,4,193,0.9583333333333334,493.2
NODE,4,194,0.9635416666666666,480.0
NODE,4,195,0.9666666666666667,480.4
NODE,4,196,0.9614583333333333,484.8
NODE,4,197,0.965625,489.2
NODE,4,198,0.9614583333333333,475.6
NODE,4,199,0.965625,482.4
NODE,4,200,0.9677083333333333,480.0
NODE,4,201,0.9677083333333333,476.0
NODE,4,202,0.9739583333333334,478.4
NODE,4,203,0.9708333333333333,488.0
NODE,4,204,0.971875,472.8
NODE,4,205,0.971875,475.2
NODE,4,206,0.9729166666666667,470.4
NODE,4,207,0.971875,466.4
NODE,4,208,0.971875,463.2
NODE,4,209,0.96875,476.0
NODE,4,210,0.9739583333333334,463.2
NODE,4,211,0.9802083333333333,473.2
NODE,4,212,0.975,468.8
NODE,4,213,0.978125,469.6
NODE,4,214,0.9791666666666666,472.4
NODE,4,215,0.9770833333333333,468.0
NODE,4,216,0.971875,464.8
NODE,4,217,0.98125,470.4
NODE,4,218,0.9822916666666667,464.0
NODE,4,219,0.9822916666666667,478.0
NODE,4,220,0.98125,467.6
NODE,4,221,0.98125,471.6
NODE,4,222,0.9833333333333333,480.0
NODE,4,223,0.9822916666666667,468.0
NODE,4,224,0.9822916666666667,465.2
NODE,4,225,0.9802083333333333,480.8
NODE,4,226,0.9833333333333333,480.4
NODE,4,227,0.9833333333333333,478.4
NODE,4,228,0.9822916666666667,470.0
NODE,4,229,0.984375,479.6
NODE,4,230,0.98125,477.2
NODE,4,231,0.9885416666666667,480.0
NODE,4,232,0.9854166666666667,483.6
NODE,4,233,0.9864583333333333,479.2
NODE,4,234,0.9854166666666667,487.6
NODE,4,235,0.9864583333333333,486.8
NODE,4,236,0.9875,487.6
NODE,4,237,0.9875,488.4
NODE,4,238,0.9864583333333333,486.0
NODE,4,239,0.9739583333333334,503.2
NODE,4,240,0.9864583333333333,495.2
NODE,4,241,0.9854166666666667,488.0
NODE,4,242,0.984375,484.0
NODE,4,243,0.978125,484.8
NODE,4,244,0.9833333333333333,504.8
NODE,4,245,0.9895833333333334,490.8
NODE,4,246,0.98125,493.2
NODE,4,247,0.9895833333333334,489.2
NODE,4,248,0.971875,512.0
NODE,4,249,0.98125,499.6
NODE,4,250,0.9885416666666667,510.8
NODE,4,251,0.978125,498.4
NODE,4,252,0.9875,504.8
NODE,4,253,0.9895833333333334,500.4
NODE,4,254,0.9947916666666666,502.8
NODE,4,255,0.9895833333333334,506.0
NODE,4,256,0.984375,525.6
NODE,4,257,0.9864583333333333,504.0
NODE,4,258,0.9885416666666667,508.0
NODE,4,259,0.996875,514.4
NODE,4,260,0.9947916666666666,502.4
NODE,4,261,0.9947916666666666,503.2
NODE,4,262,0.99375,495.6
NODE,4,263,0.9927083333333333,510.8
NODE,4,264,0.9895833333333334,517.6
NODE,4,265,0.990625,502.0
NODE,4,266,0.9927083333333333,518.4
NODE,4,267,0.9895833333333334,514.0
NODE,4,268,0.9927083333333333,504.4
NODE,4,269,0.9916666666666667,503.6
NODE,4,270,0.990625,511.2
NODE,4,271,0.9916666666666667,506.0
NODE,4,272,0.9854166666666667,491.6
NODE,4,273,0.9885416666666667,515.6
NODE,4,274,0.9958333333333333,511.2
NODE,4,275,0.996875,512.8
NODE,4,276,0.9958333333333333,511.2
NODE,4,277,0.99375,521.2
NODE,4,278,0.9947916666666666,508.4
NODE,4,279,0.9958333333333333,518.4
NODE,4,280,0.996875,509.2
NODE,4,281,0.9958333333333333,516.4
NODE,4,282,0.9958333333333333,518.0
NODE,4,283,0.9958333333333333,510.0
NODE,4,284,0.996875,517.6
NODE,4,285,0.9958333333333333,518.4
NODE,4,286,0.996875,513.2
NODE,4,287,0.9958333333333333,508.8
NODE,4,288,0.996875,509.2
NODE,4,289,0.9833333333333333,520.8
NODE,4,290,0.9864583333333333,533.2
NODE,4,291,0.9958333333333333,518.4
NODE,4,292,0.9979166666666667,518.4
NODE,4,293,0.996875,513.2
NODE,4,294,0.9927083333333333,525.6
NODE,4,295,0.9947916666666666,528.0
NODE,4,296,0.996875,532.4
NODE,4,297,0.9833333333333333,534.4
NODE,4,298,0.9739583333333334,511.2
NODE,4,299,0.9958333333333333,518.0
NODE,4,300,0.9927083333333333,520.8
NODE,4,301,0.996875,519.2
NODE,4,302,0.9927083333333333,528.0
NODE,4,303,0.996875,524.8
NODE,4,304,0.996875,522.4
NODE,4,305,0.996875,529.6
NODE,4,306,0.9854166666666667,526.0
NODE,4,307,0.9875,536.8
NODE,4,308,0.9947916666666666,529.6
NODE,4,309,0.996875,526.0
NODE,4,310,0.996875,532.4
NODE,4,311,0.996875,527.6
NODE,4,312,0.9979166666666667,531.6
NODE,4,313,0.996875,526.0
NODE,4,314,0.9958333333333333,520.0
NODE,4,315,0.9864583333333333,528.8
NODE,4,316,0.9875,512.4
NODE,4,317,0.9895833333333334,508.8
NODE,4,318,0.9885416666666667,512.8
NODE,4,319,0.9864583333333333,512.4
NODE,4,320,0.9791666666666666,524.0
NODE,4,321,0.9916666666666667,519.6
NODE,4,322,0.9916666666666667,511.2
NODE,4,323,0.9927083333333333,510.8
NODE,4,324,0.9958333333333333,515.6
NODE,4,325,0.9875,517.2
NODE,4,326,0.9916666666666667,512.0
NODE,4,327,0.990625,499.6
NODE,4,328,0.9895833333333334,498.0
NODE,4,329,0.9885416666666667,492.4
NODE,4,330,0.9791666666666666,515.2
NODE,4,331,0.9833333333333333,506.0
NODE,4,332,0.990625,537.2
NODE,4,333,0.9979166666666667,528.4
NODE,4,334,0.9947916666666666,539.6
NODE,4,335,0.9916666666666667,537.2
NODE,4,336,0.9947916666666666,552.0
NODE,4,337,0.9927083333333333,542.8
NODE,4,338,0.9916666666666667,536.4
NODE,4,339,0.9885416666666667,517.6
NODE,4,340,0.9864583333333333,540.0
NODE,4,341,0.9947916666666666,536.0
NODE,4,342,0.9885416666666667,528.4
NODE,4,343,0.99375,515.6
NODE,4,344,0.9927083333333333,540.8
NODE,4,345,0.9895833333333334,527.6
NODE,4,346,0.99375,518.8
NODE,4,347,0.9947916666666666,532.0
NODE,4,348,0.9979166666666667,535.6
NODE,4,349,0.9916666666666667,544.4
NODE,4,350,0.9916666666666667,544.4
NODE,4,351,0.996875,544.4
NODE,4,352,0.996875,537.2
NODE,4,353,0.9979166666666667,539.2
NODE,4,354,0.9916666666666667,548.4
NODE,4,355,0.99375,530.0
NODE,4,356,0.99375,537.2
NODE,4,357,0.9927083333333333,551.2
NODE,4,358,0.9885416666666667,569.2
NODE,4,359,0.9895833333333334,566.4
NODE,4,360,0.99375,565.2
NODE,4,361,0.978125,558.8
NODE,4,362,0.99375,546.8
NODE,4,363,0.9802083333333333,552.0
NODE,4,364,0.990625,562.8
NODE,4,365,0.996875,569.6
NODE,4,366,0.9958333333333333,603.6
NODE,4,367,1.0,570.8
NODE,4,368,0.9989583333333333,591.6
NODE,4,369,0.9989583333333333,581.2
NODE,4,370,0.9989583333333333,577.6
NODE,4,371,0.996875,585.6
NODE,4,372,0.9979166666666667,584.8
NODE,4,373,0.9958333333333333,572.0
NODE,4,374,0.978125,589.2
NODE,4,375,0.884375,575.2
NODE,4,376,0.659375,388.0
NODE,4,377,0.653125,430.4
NODE,4,378,0.6354166666666666,454.4
NODE,4,379,0.5875,449.6
NODE,4,380,0.58125,440.0
NODE,4,381,0.5875,442.4
NODE,4,382,0.6489583333333333,438.4
NODE,4,383,0.6885416666666667,432.8
NODE,4,384,0.7135416666666666,449.2
NODE,4,385,0.7375,444.8
NODE,4,386,0.7510416666666667,440.8
NODE,4,387,0.7645833333333333,434.8
NODE,4,388,0.7864583333333334,440.4
NODE,4,389,0.8145833333333333,434.4
NODE,4,390,0.83125,429.2
NODE,4,391,0.8635416666666667,408.4
NODE,4,392,0.8791666666666667,405.2
NODE,4,393,0.8958333333333334,410.8
NODE,4,394,0.9145833333333333,415.2
NODE,4,395,0.9322916666666666,416.4
NODE,4,396,0.9197916666666667,412.8
NODE,4,397,0.9208333333333333,421.2
NODE,4,398,0.9572916666666667,416.0
NODE,4,399,0.9645833333333333,422.0
NODE,4,400,0.9708333333333333,428.0
NODE,4,401,0.9739583333333334,426.4
NODE,4,402,0.9666666666666667,436.8
NODE,4,403,0.8885416666666667,437.6
NODE,4,404,0.8927083333333333,437.6
NODE,4,405,0.975,435.2
NODE,4,406,0.9541666666666667,433.2
NODE,4,407,0.9354166666666667,428.8
NODE,4,408,0.934375,438.8
NODE,4,409,0.9375,437.2
NODE,4,410,0.9229166666666667,431.2
NODE,4,411,0.8864583333333333,444.4
NODE,4,412,0.8677083333333333,458.0
NODE,4,413,0.8354166666666667,460.8
NODE,4,414,0.8625,466.8
NODE,4,415,0.9239583333333333,466.8
NODE,4,416,0.9364583333333333,464.0
NODE,4,417,0.9197916666666667,476.4
NODE,4,418,0.9125,482.4
NODE,4,419,0.9333333333333333,478.4
NODE,4,420,0.9427083333333334,486.0
NODE,4,421,0.9291666666666667,484.4
NODE,4,422,0.9114583333333334,486.4
NODE,4,423,0.9072916666666667,498.0
NODE,4,424,0.91875,504.0
NODE,4,425,0.9114583333333334,493.2
NODE,4,426,0.8802083333333334,494.8
NODE,4,427,0.803125,506.8
NODE,4,428,0.8447916666666667,514.8
NODE,4,429,0.853125,509.2
NODE,4,430,0.8739583333333333,513.6
NODE,4,431,0.8958333333333334,510.0
NODE,4,432,0.9010416666666666,518.4
NODE,4,433,0.8916666666666667,515.2
NODE,4,434,0.8989583333333333,528.4
NODE,4,435,0.903125,534.8
NODE,4,436,0.9135416666666667,524.4
NODE,4,437,0.9104166666666667,528.0
NODE,4,438,0.9125,521.6
NODE,4,439,0.9010416666666666,520.4
NODE,4,440,0.9020833333333333,523.2
NODE,4,441,0.9072916666666667,550.8
NODE,4,442,0.90625,534.8
NODE,4,443,0.9114583333333334,524.8
NODE,4,444,0.9083333333333333,533.6
NODE,4,445,0.8947916666666667,525.2
NODE,4,446,0.903125,532.0
NODE,4,447,0.83125,515.2
NODE,4,448,0.915625,524.0
NODE,4,449,0.95625,506.4
NODE,4,450,0.95625,516.8
NODE,4,451,0.9552083333333333,520.4
NODE,4,452,0.9583333333333334,525.2
NODE,4,453,0.9583333333333334,528.0
NODE,4,454,0.95625,536.0
NODE,4,455,0.953125,540.8
NODE,4,456,0.953125,537.6
NODE,4,457,0.95625,539.2
NODE,4,458,0.959375,543.6
NODE,4,459,0.9635416666666666,557.6
NODE,4,460,0.94375,547.2
NODE,4,461,0.915625,562.4
NODE,4,462,0.9510416666666667,557.6
NODE,4,463,0.8604166666666667,557.6
NODE,4,464,0.9333333333333333,530.0
NODE,4,465,0.95625,512.4
NODE,4,466,0.9489583333333333,524.8
NODE,4,467,0.9645833333333333,526.4
NODE,4,468,0.9635416666666666,513.6
NODE,4,469,0.9520833333333333,522.0
NODE,4,470,0.9541666666666667,526.8
NODE,4,471,0.965625,550.8
NODE,4,472,0.959375,553.6
NODE,4,473,0.9583333333333334,545.6
NODE,4,474,0.9583333333333334,544.0
NODE,4,475,0.965625,538.4
NODE,4,476,0.9604166666666667,539.6
NODE,4,477,0.9625,538.4
NODE,4,478,0.9333333333333333,555.2
NODE,4,479,0.9552083333333333,559.6
NODE,4,480,0.9572916666666667,556.0
NODE,4,481,0.9635416666666666,549.2
NODE,4,482,0.975,544.8
NODE,4,483,0.971875,538.0
NODE,4,484,0.9739583333333334,543.2
NODE,4,485,0.9302083333333333,544.8
NODE,4,486,0.925,529.6
NODE,4,487,0.9072916666666667,529.6
NODE,4,488,0.9552083333333333,543.2
NODE,4,489,0.9645833333333333,549.6
NODE,4,490,0.9270833333333334,565.6
NODE,4,491,0.9427083333333334,563.2
NODE,4,492,0.9666666666666667,558.8
NODE,4,493,0.959375,548.4
NODE,4,494,0.9322916666666666,567.2
NODE,4,495,0.965625,575.2
NODE,4,496,0.9666666666666667,573.2
NODE,4,497,0.9708333333333333,564.4
NODE,4,498,0.9635416666666666,575.6
NODE,4,499,0.9479166666666666,571.6
NODE,4,500,0.9447916666666667,572.8
NODE,4,501,0.9489583333333333,572.4
NODE,4,502,0.9666666666666667,569.2
NODE,4,503,0.959375,573.2
NODE,4,504,0.9729166666666667,565.2
NODE,4,505,0.9697916666666667,566.8
NODE,4,506,0.8822916666666667,561.6
NODE,4,507,0.8916666666666667,578.4
NODE,4,508,0.9354166666666667,591.2
NODE,4,509,0.9333333333333333,582.8
NODE,4,510,0.946875,577.2
NODE,4,511,0.984375,552.0
NODE,4,512,0.9697916666666667,555.2
NODE,4,513,0.9583333333333334,557.2
NODE,4,514,0.9583333333333334,547.6
NODE,4,515,0.98125,534.0
NODE,4,516,0.984375,565.6
NODE,4,517,0.971875,561.2
NODE,4,518,0.9729166666666667,562.0
NODE,4,519,0.975,565.2
NODE,4,520,0.975,560.0
NODE,4,521,0.9729166666666667,558.4
NODE,4,522,0.9447916666666667,556.4
NODE,4,523,0.9854166666666667,526.0
NODE,4,524,0.9802083333333333,518.0
NODE,4,525,0.9791666666666666,541.2
NODE,4,526,0.9666666666666667,538.8
NODE,4,527,0.9739583333333334,529.6
NODE,4,528,0.9666666666666667,528.8
NODE,4,529,0.9760416666666667,529.6
NODE,4,530,0.9760416666666667,546.8
NODE,4,531,0.9770833333333333,536.0
NODE,4,532,0.98125,545.2
NODE,4,533,0.9708333333333333,546.4
NODE,4,534,0.975,548.4
NODE,4,535,0.9802083333333333,540.0
NODE,4,536,0.9760416666666667,557.6
NODE,4,537,0.9822916666666667,572.0
NODE,4,538,0.928125,568.0
NODE,4,539,0.9833333333333333,522.8
NODE,4,540,0.9875,537.2
NODE,4,541,0.9791666666666666,543.6
NODE,4,542,0.9625,533.2
NODE,4,543,0.9833333333333333,545.2
NODE,4,544,0.9916666666666667,555.6
NODE,4,545,0.9833333333333333,564.8
NODE,4,546,0.975,568.8
NODE,4,547,0.965625,572.8
NODE,4,548,0.9583333333333334,579.6
NODE,4,549,0.9416666666666667,572.4
NODE,4,550,0.984375,549.6
NODE,4,551,0.984375,550.4
NODE,4,552,0.9697916666666667,561.2
NODE,4,553,0.91875,517.2
NODE,4,554,0.8354166666666667,503.6
NODE,4,555,0.8677083333333333,534.0
NODE,4,556,0.9739583333333334,571.2
NODE,4,557,0.9302083333333333,581.6
NODE,4,558,0.9520833333333333,574.8
NODE,4,559,0.9614583333333333,574.8
NODE,4,560,0.9333333333333333,587.2
NODE,4,561,0.8979166666666667,590.8
NODE,4,562,0.9083333333333333,602.8
NODE,4,563,0.9177083333333333,601.2
NODE,4,564,0.9239583333333333,601.2
NODE,4,565,0.9166666666666666,588.4
NODE,4,566,0.89375,592.4
NODE,4,567,0.8979166666666667,591.2
NODE,4,568,0.9020833333333333,595.6
NODE,4,569,0.9083333333333333,607.6
NODE,4,570,0.9114583333333334,604.4
NODE,4,571,0.9270833333333334,592.8
NODE,4,572,0.9052083333333333,583.6
NODE,4,573,0.8895833333333333,597.6
NODE,4,574,0.9145833333333333,598.0
NODE,4,575,0.9177083333333333,600.4
NODE,4,576,0.9291666666666667,604.8
NODE,4,577,0.9302083333333333,595.6
NODE,4,578,0.934375,594.8
NODE,4,579,0.9322916666666666,603.6
NODE,4,580,0.9114583333333334,606.8
NODE,4,581,0.9416666666666667,595.2
NODE,4,582,0.8947916666666667,602.0
NODE,4,583,0.9322916666666666,608.0
NODE,4,584,0.94375,610.0
NODE,4,585,0.9479166666666666,601.6
NODE,4,586,0.9427083333333334,602.0
NODE,4,587,0.953125,608.0
NODE,4,588,0.9479166666666666,602.4
NODE,4,589,0.9479166666666666,601.2
NODE,4,590,0.9208333333333333,599.2
NODE,4,591,0.9322916666666666,611.6
NODE,4,592,0.9385416666666667,600.4
NODE,4,593,0.9583333333333334,592.0
NODE,4,594,0.96875,596.8
NODE,4,595,0.9125,608.4
NODE,4,596,0.865625,599.6
NODE,4,597,0.903125,616.8
NODE,4,598,0.940625,608.4
NODE,4,599,0.9572916666666667,618.8
NODE,4,600,0.9645833333333333,626.0
NODE,4,601,0.9677083333333333,611.2
NODE,4,602,0.934375,591.2
NODE,4,603,0.971875,577.6
NODE,4,604,0.9645833333333333,558.8
NODE,4,605,0.9333333333333333,506.8
NODE,4,606,0.9177083333333333,487.6
NODE,4,607,0.9645833333333333,492.0
NODE,4,608,0.9427083333333334,502.8
NODE,4,609,0.9520833333333333,522.4
NODE,4,610,0.984375,521.6
NODE,4,611,0.9875,536.4
NODE,4,612,0.9885416666666667,553.6
NODE,4,613,0.9760416666666667,564.4
NODE,4,614,0.9854166666666667,574.8
NODE,4,615,0.9802083333333333,566.4
NODE,4,616,0.9760416666666667,549.6
NODE,4,617,0.9833333333333333,550.8
NODE,4,618,0.9916666666666667,527.6
NODE,4,619,0.984375,537.6
NODE,4,620,0.9114583333333334,523.2
NODE,4,621,0.45729166666666665,518.4
NODE,4,622,0.34479166666666666,504.4
NODE,4,623,0.35625,499.6
NODE,4,624,0.51875,501.6
NODE,4,625,0.6364583333333333,502.0
NODE,4,626,0.7135416666666666,504.0
NODE,4,627,0.7270833333333333,506.0
NODE,4,628,0.6020833333333333,506.8
NODE,4,629,0.515625,502.4
NODE,4,630,0.5104166666666666,512.8
NODE,4,631,0.5010416666666667,507.6
NODE,4,632,0.509375,500.0
NODE,4,633,0.5135416666666667,500.0
NODE,4,634,0.5177083333333333,506.8
NODE,4,635,0.51875,516.8
NODE,4,636,0.5166666666666667,505.2
NODE,4,637,0.5177083333333333,500.0
NODE,4,638,0.5229166666666667,517.2
NODE,4,639,0.5302083333333333,510.0
NODE,4,640,0.5364583333333334,523.6
NODE,4,641,0.540625,526.4
NODE,4,642,0.55,517.6
NODE,4,643,0.5708333333333333,523.6
NODE,4,644,0.5916666666666667,528.4
NODE,4,645,0.6260416666666667,527.2
NODE,4,646,0.6541666666666667,528.8
NODE,4,647,0.6822916666666666,530.0
NODE,4,648,0.7270833333333333,548.0
NODE,4,649,0.7583333333333333,545.6
NODE,4,650,0.790625,547.6
NODE,4,651,0.8114583333333333,540.4
NODE,4,652,0.8208333333333333,550.8
NODE,4,653,0.8302083333333333,554.0
NODE,4,654,0.8416666666666667,566.0
NODE,4,655,0.8572916666666667,558.8
NODE,4,656,0.8645833333333334,564.8
NODE,4,657,0.8770833333333333,553.6
NODE,4,658,0.8770833333333333,566.8
NODE,4,659,0.88125,568.4
NODE,4,660,0.8864583333333333,565.2
NODE,4,661,0.8875,574.0
NODE,4,662,0.890625,572.4
NODE,4,663,0.8927083333333333,569.6
NODE,4,664,0.8989583333333333,577.2
NODE,4,665,0.9020833333333333,588.0
NODE,4,666,0.9041666666666667,577.2
NODE,4,667,0.9052083333333333,586.4
NODE,4,668,0.9041666666666667,581.6
NODE,4,669,0.903125,583.6
NODE,4,670,0.9083333333333333,586.0
NODE,4,671,0.9072916666666667,586.0
NODE,4,672,0.9114583333333334,596.4
NODE,4,673,0.9114583333333334,588.0
NODE,4,674,0.9166666666666666,592.8
NODE,4,675,0.9177083333333333,592.8
NODE,4,676,0.925,588.4
NODE,4,677,0.9302083333333333,594.8
NODE,4,678,0.934375,590.0
NODE,4,679,0.9375,598.8
NODE,4,680,0.9364583333333333,600.4
NODE,4,681,0.934375,588.8
NODE,4,682,0.9375,606.4
NODE,4,683,0.94375,613.6
NODE,4,684,0.9427083333333334,614.8
NODE,4,685,0.9489583333333333,620.4
NODE,4,686,0.9479166666666666,621.2
NODE,4,687,0.946875,619.6
NODE,4,688,0.94375,627.2
NODE,4,689,0.9479166666666666,622.4
NODE,4,690,0.9479166666666666,620.8
NODE,4,691,0.95625,627.6
NODE,4,692,0.9541666666666667,628.0
NODE,4,693,0.9541666666666667,627.6
NODE,4,694,0.9583333333333334,627.2
NODE,4,695,0.9583333333333334,626.0
NODE,4,696,0.9635416666666666,633.6
NODE,4,697,0.9635416666666666,636.8
NODE,4,698,0.9635416666666666,633.6
NODE,4,699,0.9635416666666666,630.4
NODE,4,700,0.9677083333333333,640.4
NODE,4,701,0.9625,632.0
NODE,4,702,0.9677083333333333,642.0
NODE,4,703,0.965625,639.2
NODE,4,704,0.9666666666666667,644.0
NODE,4,705,0.965625,652.0
NODE,4,706,0.96875,644.0
NODE,4,707,0.965625,643.6
NODE,4,708,0.965625,661.6
NODE,4,709,0.9697916666666667,656.0
NODE,4,710,0.965625,651.6
NODE,4,711,0.9677083333333333,657.6
NODE,4,712,0.975,660.4
NODE,4,713,0.9697916666666667,666.4
NODE,4,714,0.975,658.0
NODE,4,715,0.9677083333333333,655.6
NODE,4,716,0.96875,666.8
NODE,4,717,0.9739583333333334,667.2
NODE,4,718,0.975,670.4
NODE,4,719,0.971875,663.6
NODE,4,720,0.9729166666666667,679.2
NODE,4,721,0.9729166666666667,676.4
NODE,4,722,0.9739583333333334,675.6
NODE,4,723,0.9666666666666667,690.4
NODE,4,724,0.9729166666666667,679.6
NODE,4,725,0.953125,680.8
NODE,4,726,0.9677083333333333,674.8
NODE,4,727,0.946875,668.8
NODE,4,728,0.9583333333333334,682.0
NODE,4,729,0.9625,694.4
NODE,4,730,0.96875,671.6
NODE,4,731,0.9635416666666666,661.6
NODE,4,732,0.9333333333333333,686.0
NODE,4,733,0.9322916666666666,682.4
NODE,4,734,0.9604166666666667,668.0
NODE,4,735,0.9635416666666666,661.6
NODE,4,736,0.9635416666666666,672.0
NODE,4,737,0.9635416666666666,661.6
NODE,4,738,0.9645833333333333,674.8
NODE,4,739,0.959375,675.6
NODE,4,740,0.9625,673.6
NODE,4,741,0.9625,672.0
NODE,4,742,0.9666666666666667,655.2
NODE,4,743,0.9583333333333334,678.8
NODE,4,744,0.9614583333333333,673.6
NODE,4,745,0.9739583333333334,675.2
NODE,4,746,0.9572916666666667,687.2
NODE,4,747,0.9520833333333333,664.0
NODE,4,748,0.9614583333333333,672.0
NODE,4,749,0.9635416666666666,677.6
NODE,4,750,0.9729166666666667,680.4
NODE,4,751,0.978125,668.8
NODE,4,752,0.9770833333333333,677.2
NODE,4,753,0.9697916666666667,664.4
NODE,4,754,0.9708333333333333,684.0
NODE,4,755,0.975,682.4
NODE,4,756,0.9635416666666666,694.0
NODE,4,757,0.975,694.0
NODE,4,758,0.9760416666666667,687.2
NODE,4,759,0.9729166666666667,688.4
NODE,4,760,0.9479166666666666,698.8
NODE,4,761,0.9020833333333333,698.0
NODE,4,762,0.8833333333333333,676.4
NODE,4,763,0.940625,662.8
NODE,4,764,0.93125,661.2
NODE,4,765,0.9520833333333333,662.0
NODE,4,766,0.959375,673.6
NODE,4,767,0.9572916666666667,683.2
NODE,4,768,0.9541666666666667,661.6
NODE,4,769,0.95,654.0
NODE,4,770,0.9635416666666666,672.0
NODE,4,771,0.9552083333333333,678.4
NODE,4,772,0.9520833333333333,655.2
NODE,4,773,0.9520833333333333,663.6
NODE,4,774,0.96875,663.2
NODE,4,775,0.9364583333333333,694.0
NODE,4,776,0.9614583333333333,731.2
NODE,4,777,0.9479166666666666,730.8
NODE,4,778,0.915625,710.0
NODE,4,779,0.9458333333333333,812.0
NODE,4,780,0.9583333333333334,757.6
NODE,4,781,0.9791666666666666,763.6
NODE,4,782,0.95625,760.0
NODE,4,783,0.9479166666666666,696.4
NODE,4,784,0.9666666666666667,718.8
NODE,4,785,0.9729166666666667,727.2
NODE,4,786,0.9739583333333334,749.6
NODE,4,787,0.971875,764.4
NODE,4,788,0.9625,731.2
NODE,4,789,0.9614583333333333,739.6
NODE,4,790,0.9302083333333333,823.2
NODE,4,791,0.9291666666666667,741.6
NODE,4,792,0.975,706.4
NODE,4,793,0.9489583333333333,683.6
NODE,4,794,0.9739583333333334,706.4
NODE,4,795,0.9708333333333333,721.6
NODE,4,796,0.9770833333333333,725.6
NODE,4,797,0.9645833333333333,713.2
NODE,4,798,0.93125,687.2
NODE,4,799,0.925,718.8
NODE,4,800,0.971875,742.8
NODE,4,801,0.9802083333333333,759.2
NODE,4,802,0.9666666666666667,774.0
NODE,4,803,0.9114583333333334,715.2
NODE,4,804,0.9479166666666666,741.6
NODE,4,805,0.95625,770.0
NODE,4,806,0.9885416666666667,770.0
NODE,4,807,0.984375,779.6
NODE,4,808,0.9375,838.8
NODE,4,809,0.965625,814.4
NODE,4,810,0.94375,765.2
NODE,4,811,0.9572916666666667,782.0
NODE,4,812,0.9791666666666666,793.6
NODE,4,813,0.8895833333333333,797.2
NODE,4,814,0.8916666666666667,738.0
NODE,4,815,0.93125,779.2
NODE,4,816,0.8958333333333334,866.4
NODE,4,817,0.9083333333333333,826.4
NODE,4,818,0.921875,803.2
NODE,4,819,0.9458333333333333,814.4
NODE,4,820,0.95625,824.4
NODE,4,821,0.9541666666666667,811.6
NODE,4,822,0.9625,805.2
NODE,4,823,0.9291666666666667,744.4
NODE,4,824,0.9385416666666667,733.6
NODE,4,825,0.9177083333333333,796.0
NODE,4,826,0.9666666666666667,772.8
NODE,4,827,0.9552083333333333,795.2
NODE,4,828,0.925,866.0
NODE,4,829,0.9354166666666667,852.8
NODE,4,830,0.915625,846.8
NODE,4,831,0.9427083333333334,857.6
NODE,4,832,0.959375,837.6
NODE,4,833,0.9614583333333333,811.6
NODE,4,834,0.9541666666666667,799.6
NODE,4,835,0.9614583333333333,778.8
NODE,4,836,0.965625,784.8
NODE,4,837,0.9677083333333333,765.2
NODE,4,838,0.9635416666666666,787.2
NODE,4,839,0.95625,801.2
NODE,4,840,0.9635416666666666,787.6
NODE,4,841,0.9760416666666667,791.6
NODE,4,842,0.9770833333333333,782.8
NODE,4,843,0.9770833333333333,790.4
NODE,4,844,0.9677083333333333,779.6
NODE,4,845,0.9395833333333333,742.0
NODE,4,846,0.953125,741.6
NODE,4,847,0.9572916666666667,762.4
NODE,4,848,0.9614583333333333,751.6
NODE,4,849,0.971875,740.8
NODE,4,850,0.9520833333333333,729.6
NODE,4,851,0.959375,760.8
NODE,4,852,0.959375,780.4
NODE,4,853,0.9708333333333333,782.0
NODE,4,854,0.971875,784.4
NODE,4,855,0.9510416666666667,750.8
NODE,4,856,0.9625,756.4
NODE,4,857,0.965625,785.6
NODE,4,858,0.9666666666666667,763.6
NODE,4,859,0.9697916666666667,750.0
NODE,4,860,0.9770833333333333,774.4
NODE,4,861,0.975,780.4
NODE,4,862,0.9770833333333333,739.6
NODE,4,863,0.965625,779.2
NODE,4,864,0.9697916666666667,782.4
NODE,4,865,0.9791666666666666,779.6
NODE,4,866,0.9791666666666666,793.6
NODE,4,867,0.9822916666666667,803.6
NODE,4,868,0.9833333333333333,801.6
NODE,4,869,0.9666666666666667,765.6
NODE,4,870,0.9229166666666667,719.6
NODE,4,871,0.95,714.0
NODE,4,872,0.9645833333333333,722.8
NODE,4,873,0.9666666666666667,754.4
NODE,4,874,0.9708333333333333,759.2
NODE,4,875,0.9697916666666667,779.6
NODE,4,876,0.9822916666666667,726.4
NODE,4,877,0.9854166666666667,733.6
NODE,4,878,0.9572916666666667,734.0
NODE,4,879,0.946875,724.4
NODE,4,880,0.9666666666666667,806.4
NODE,4,881,0.9854166666666667,784.4
NODE,4,882,0.9864583333333333,787.6
NODE,4,883,0.971875,855.2
NODE,4,884,0.984375,890.8
NODE,4,885,0.990625,896.4
NODE,4,886,0.9822916666666667,890.4
NODE,4,887,0.990625,896.8
NODE,4,888,0.9947916666666666,889.6
NODE,4,889,0.98125,879.6
NODE,4,890,0.9833333333333333,850.4
NODE,4,891,0.9427083333333334,776.0
NODE,4,892,0.9625,779.2
NODE,4,893,0.9489583333333333,818.0
NODE,4,894,0.9041666666666667,793.6
NODE,4,895,0.9041666666666667,846.0
NODE,4,896,0.921875,803.6
NODE,4,897,0.9375,836.0
NODE,4,898,0.9395833333333333,863.2
NODE,4,899,0.9697916666666667,911.6
NODE,4,900,0.9802083333333333,901.2
NODE,4,901,0.9875,902.0
NODE,4,902,0.9916666666666667,899.2
NODE,4,903,0.9916666666666667,915.6
NODE,4,904,0.9916666666666667,906.0
NODE,4,905,0.99375,885.2
NODE,4,906,0.99375,882.8
NODE,4,907,0.99375,893.6
NODE,4,908,0.99375,893.2
NODE,4,909,0.9916666666666667,868.4
NODE,4,910,0.9927083333333333,860.4
NODE,4,911,0.98125,825.6
NODE,4,912,0.9614583333333333,774.8
NODE,4,913,0.975,780.4
NODE,4,914,0.9625,737.6
NODE,4,915,0.9677083333333333,747.2
NODE,4,916,0.96875,751.6
NODE,4,917,0.9708333333333333,732.0
NODE,4,918,0.9729166666666667,751.6
NODE,4,919,0.9614583333333333,761.2
NODE,4,920,0.9729166666666667,752.0
NODE,4,921,0.9739583333333334,762.4
NODE,4,922,0.96875,733.6
NODE,4,923,0.9697916666666667,741.2
NODE,4,924,0.9166666666666666,707.6
NODE,4,925,0.9489583333333333,728.8
NODE,4,926,0.9479166666666666,763.2
NODE,4,927,0.971875,810.0
NODE,4,928,0.9760416666666667,819.2
NODE,4,929,0.9739583333333334,802.8
NODE,4,930,0.8479166666666667,720.8
NODE,4,931,0.859375,697.2
NODE,4,932,0.9072916666666667,740.4
NODE,4,933,0.9291666666666667,788.8
NODE,4,934,0.9510416666666667,805.2
NODE,4,935,0.746875,724.4
NODE,4,936,0.85,740.4
NODE,4,937,0.6645833333333333,798.4
NODE,4,938,0.49270833333333336,595.6
NODE,4,939,0.4479166666666667,490.8
NODE,4,940,0.6447916666666667,487.2
NODE,4,941,0.6135416666666667,478.4
NODE,4,942,0.621875,472.8
NODE,4,943,0.6302083333333334,478.8
NODE,4,944,0.6416666666666667,479.6
NODE,4,945,0.6416666666666667,478.8
NODE,4,946,0.6416666666666667,502.8
NODE,4,947,0.640625,502.8
NODE,4,948,0.6375,518.4
NODE,4,949,0.6447916666666667,535.6
NODE,4,950,0.790625,550.0
NODE,4,951,0.9385416666666667,558.0
NODE,4,952,0.9354166666666667,565.6
NODE,4,953,0.934375,577.2
NODE,4,954,0.9375,592.8
NODE,4,955,0.93125,612.4
NODE,4,956,0.934375,615.2
NODE,4,957,0.9333333333333333,630.0
NODE,4,958,0.9322916666666666,638.0
NODE,4,959,0.9375,644.8
NODE,4,960,0.94375,654.8
NODE,4,961,0.94375,665.6
NODE,4,962,0.946875,669.6
NODE,4,963,0.9510416666666667,682.0
NODE,4,964,0.95,690.4
NODE,4,965,0.95625,708.8
NODE,4,966,0.9583333333333334,706.0
NODE,4,967,0.959375,710.4
NODE,4,968,0.9604166666666667,720.4
NODE,4,969,0.9614583333333333,714.4
NODE,4,970,0.9625,719.6
NODE,4,971,0.9635416666666666,714.4
NODE,4,972,0.9666666666666667,717.6
NODE,4,973,0.9677083333333333,736.4
NODE,4,974,0.96875,735.2
NODE,4,975,0.9729166666666667,733.2
NODE,4,976,0.9697916666666667,756.4
NODE,4,977,0.971875,748.4
NODE,4,978,0.9729166666666667,743.6
NODE,4,979,0.9729166666666667,746.8
NODE,4,980,0.9729166666666667,749.6
NODE,4,981,0.9729166666666667,752.0
NODE,4,982,0.975,762.8
NODE,4,983,0.975,769.6
NODE,4,984,0.9760416666666667,756.0
NODE,4,985,0.9770833333333333,758.8
NODE,4,986,0.978125,774.4
NODE,4,987,0.9770833333333333,762.8
NODE,4,988,0.9760416666666667,768.0
NODE,4,989,0.9802083333333333,766.8
NODE,4,990,0.978125,782.4
NODE,4,991,0.9770833333333333,768.8
NODE,4,992,0.978125,775.6
NODE,4,993,0.978125,778.8
NODE,4,994,0.9770833333333333,773.2
NODE,4,995,0.9802083333333333,780.0
NODE,4,996,0.9822916666666667,779.6
NODE,4,997,0.9802083333333333,783.2
NODE,4,998,0.9791666666666666,796.0
NODE,4,999,0.9791666666666666,792.8
NODE,4,1000,0.9802083333333333,781.6
ANODE-p1,0,1,0.4875,47.2
ANODE-p1,0,2,0.6739583333333333,59.6
ANODE-p1,0,3,0.6854166666666667,68.8
ANODE-p1,0,4,0.6864583333333333,83.2
ANODE-p1,0,5,0.8989583333333333,107.6
ANODE-p1,0,6,0.9916666666666667,146.0
ANODE-p1,0,7,1.0,173.6
ANODE-p1,0,8,1.0,181.6
ANODE-p1,0,9,1.0,195.2
ANODE-p1,0,10,1.0,205.2
ANODE-p1,0,11,0.9979166666666667,212.8
ANODE-p1,0,12,0.9989583333333333,216.0
ANODE-p1,0,13,0.9989583333333333,212.4
ANODE-p1,0,14,0.9989583333333333,218.4
ANODE-p1,0,15,0.9989583333333333,226.4
ANODE-p1,0,16,0.996875,224.4
ANODE-p1,0,17,0.9541666666666667,190.8
ANODE-p1,0,18,0.9822916666666667,196.4
ANODE-p1,0,19,0.9979166666666667,192.8
ANODE-p1,0,20,1.0,191.2
ANODE-p1,0,21,1.0,191.2
ANODE-p1,0,22,1.0,196.0
ANODE-p1,0,23,1.0,192.8
ANODE-p1,0,24,1.0,200.0
ANODE-p1,0,25,1.0,197.2
ANODE-p1,0,26,1.0,191.6
ANODE-p1,0,27,1.0,191.6
ANODE-p1,0,28,1.0,193.6
ANODE-p1,0,29,1.0,193.6
ANODE-p1,0,30,1.0,194.0
ANODE-p1,0,31,1.0,195.2
ANODE-p1,0,32,1.0,203.6
ANODE-p1,0,33,1.0,192.8
ANODE-p1,0,34,1.0,191.2
ANODE-p1,0,35,1.0,196.8
ANODE-p1,0,36,1.0,194.0
ANODE-p1,0,37,1.0,200.4
ANODE-p1,0,38,1.0,192.4
ANODE-p1,0,39,1.0,192.4
ANODE-p1,0,40,1.0,202.8
ANODE-p1,0,41,1.0,197.2
ANODE-p1,0,42,1.0,196.4
ANODE-p1,0,43,1.0,204.0
ANODE-p1,0,44,1.0,204.0
ANODE-p1,0,45,1.0,200.8
ANODE-p1,0,46,1.0,196.8
ANODE-p1,0,47,1.0,200.8
ANODE-p1,0,48,1.0,198.0
ANODE-p1,0,49,1.0,196.4
ANODE-p1,0,50,1.0,197.2
ANODE-p1,0,51,1.0,194.0
ANODE-p1,0,52,1.0,198.0
ANODE-p1,0,53,1.0,195.2
ANODE-p1,0,54,1.0,197.6
ANODE-p1,0,55,1.0,200.4
ANODE-p1,0,56,1.0,200.4
ANODE-p1,0,57,1.0,198.4
ANODE-p1,0,58,1.0,198.4
ANODE-p1,0,59,1.0,195.2
ANODE-p1,0,60,1.0,204.0
ANODE-p1,0,61,1.0,199.6
ANODE-p1,0,62,1.0,194.8
ANODE-p1,0,63,1.0,195.2
ANODE-p1,0,64,1.0,197.2
ANODE-p1,0,65,1.0,197.6
ANODE-p1,0,66,1.0,199.6
ANODE-p1,0,67,1.0,198.4
ANODE-p1,0,68,1.0,199.6
ANODE-p1,0,69,1.0,199.6
ANODE-p1,0,70,1.0,201.6
ANODE-p1,0,71,1.0,200.0
ANODE-p1,0,72,1.0,196.4
ANODE-p1,0,73,1.0,198.8
ANODE-p1,0,74,1.0,198.8
ANODE-p1,0,75,1.0,195.6
ANODE-p1,0,76,1.0,199.2
ANODE-p1,0,77,1.0,200.4
ANODE-p1,0,78,1.0,199.2
ANODE-p1,0,79,1.0,197.6
ANODE-p1,0,80,1.0,198.8
ANODE-p1,0,81,1.0,200.4
ANODE-p1,0,82,1.0,196.0
ANODE-p1,0,83,1.0,196.8
ANODE-p1,0,84,1.0,194.4
ANODE-p1,0,85,1.0,199.6
ANODE-p1,0,86,1.0,198.4
ANODE-p1,0,87,1.0,198.4
ANODE-p1,0,88,1.0,196.8
ANODE-p1,0,89,1.0,195.2
ANODE-p1,0,90,1.0,200.8
ANODE-p1,0,91,1.0,200.0
ANODE-p1,0,92,1.0,203.2
ANODE-p1,0,93,1.0,199.6
ANODE-p1,0,94,1.0,198.4
ANODE-p1,0,95,1.0,200.0
ANODE-p1,0,96,1.0,197.6
ANODE-p1,0,97,1.0,201.6
ANODE-p1,0,98,1.0,198.4
ANODE-p1,0,99,1.0,201.6
ANODE-p1,0,100,1.0,195.2
ANODE-p1,0,101,1.0,197.6
ANODE-p1,0,102,1.0,202.4
ANODE-p1,0,103,1.0,196.0
ANODE-p1,0,104,1.0,200.8
ANODE-p1,0,105,1.0,195.2
ANODE-p1,0,106,1.0,196.8
ANODE-p1,0,107,1.0,200.4
ANODE-p1,0,108,1.0,196.4
ANODE-p1,0,109,1.0,200.8
ANODE-p1,0,110,1.0,197.2
ANODE-p1,0,111,1.0,196.8
ANODE-p1,0,112,1.0,200.0
ANODE-p1,0,113,1.0,202.0
ANODE-p1,0,114,1.0,194.0
ANODE-p1,0,115,1.0,198.4
ANODE-p1,0,116,1.0,196.0
ANODE-p1,0,117,1.0,197.6
ANODE-p1,0,118,1.0,196.0
ANODE-p1,0,119,1.0,199.2
ANODE-p1,0,120,1.0,199.2
ANODE-p1,0,121,1.0,196.0
ANODE-p1,0,122,1.0,196.0
ANODE-p1,0,123,1.0,197.6
ANODE-p1,0,124,1.0,201.2
ANODE-p1,0,125,1.0,198.0
ANODE-p1,0,126,1.0,199.2
ANODE-p1,0,127,1.0,194.4
ANODE-p1,0,128,1.0,193.6
ANODE-p1,0,129,1.0,201.2
ANODE-p1,0,130,1.0,197.6
ANODE-p1,0,131,1.0,197.6
ANODE-p1,0,132,1.0,198.0
ANODE-p1,0,133,1.0,197.6
ANODE-p1,0,134,1.0,196.0
ANODE-p1,0,135,1.0,198.8
ANODE-p1,0,136,1.0,199.2
ANODE-p1,0,137,1.0,200.4
ANODE-p1,0,138,1.0,203.2
ANODE-p1,0,139,1.0,200.8
ANODE-p1,0,140,1.0,201.2
ANODE-p1,0,141,1.0,198.4
ANODE-p1,0,142,1.0,197.2
ANODE-p1,0,143,1.0,198.0
ANODE-p1,0,144,1.0,194.8
ANODE-p1,0,145,1.0,201.2
ANODE-p1,0,146,1.0,200.0
ANODE-p1,0,147,1.0,197.6
ANODE-p1,0,148,1.0,200.8
ANODE-p1,0,149,1.0,198.8
ANODE-p1,0,150,1.0,198.0
ANODE-p1,0,151,1.0,197.2
ANODE-p1,0,152,1.0,200.0
ANODE-p1,0,153,1.0,198.4
ANODE-p1,0,154,1.0,199.2
ANODE-p1,0,155,1.0,196.8
ANODE-p1,0,156,1.0,198.0
ANODE-p1,0,157,1.0,196.4
ANODE-p1,0,158,1.0,200.4
ANODE-p1,0,159,1.0,201.6
ANODE-p1,0,160,1.0,195.2
ANODE-p1,0,161,1.0,196.8
ANODE-p1,0,162,1.0,198.4
ANODE-p1,0,163,1.0,198.4
ANODE-p1,0,164,1.0,199.6
ANODE-p1,0,165,1.0,198.8
ANODE-p1,0,166,1.0,200.4
ANODE-p1,0,167,1.0,199.6
ANODE-p1,0,168,1.0,198.4
ANODE-p1,0,169,1.0,200.8
ANODE-p1,0,170,1.0,196.8
ANODE-p1,0,171,1.0,195.2
ANODE-p1,0,172,1.0,195.6
ANODE-p1,0,173,1.0,196.0
ANODE-p1,0,174,1.0,200.4
ANODE-p1,0,175,1.0,198.4
ANODE-p1,0,176,1.0,201.2
ANODE-p1,0,177,1.0,200.0
ANODE-p1,0,178,1.0,197.6
ANODE-p1,0,179,1.0,198.0
ANODE-p1,0,180,1.0,200.4
ANODE-p1,0,181,1.0,199.2
ANODE-p1,0,182,1.0,198.4
ANODE-p1,0,183,1.0,199.6
ANODE-p1,0,184,1.0,198.8
ANODE-p1,0,185,1.0,202.4
ANODE-p1,0,186,1.0,196.4
ANODE-p1,0,187,1.0,200.0
ANODE-p1,0,188,1.0,202.0
ANODE-p1,0,189,1.0,195.2
ANODE-p1,0,190,1.0,199.6
ANODE-p1,0,191,1.0,197.2
ANODE-p1,0,192,1.0,201.6
ANODE-p1,0,193,1.0,198.8
ANODE-p1,0,194,1.0,199.2
ANODE-p1,0,195,1.0,201.2
ANODE-p1,0,196,1.0,195.6
ANODE-p1,0,197,1.0,200.4
ANODE-p1,0,198,1.0,196.8
ANODE-p1,0,199,1.0,199.6
ANODE-p1,0,200,1.0,196.0
ANODE-p1,0,201,1.0,194.8
ANODE-p1,0,202,1.0,199.6
ANODE-p1,0,203,1.0,195.2
ANODE-p1,0,204,1.0,198.0
ANODE-p1,0,205,1.0,194.4
ANODE-p1,0,206,1.0,200.4
ANODE-p1,0,207,1.0,199.2
ANODE-p1,0,208,1.0,197.6
ANODE-p1,0,209,1.0,200.8
ANODE-p1,0,210,1.0,192.8
ANODE-p1,0,211,1.0,192.8
ANODE-p1,0,212,1.0,199.2
ANODE-p1,0,213,1.0,199.6
ANODE-p1,0,214,1.0,201.6
ANODE-p1,0,215,1.0,200.0
ANODE-p1,0,216,1.0,202.8
ANODE-p1,0,217,1.0,200.8
ANODE-p1,0,218,1.0,202.4
ANODE-p1,0,219,1.0,198.8
ANODE-p1,0,220,1.0,200.4
ANODE-p1,0,221,1.0,195.6
ANODE-p1,0,222,1.0,199.2
ANODE-p1,0,223,1.0,202.4
ANODE-p1,0,224,1.0,199.6
ANODE-p1,0,225,1.0,198.0
ANODE-p1,0,226,1.0,197.6
ANODE-p1,0,227,1.0,202.8
ANODE-p1,0,228,1.0,202.0
ANODE-p1,0,229,1.0,204.8
ANODE-p1,0,230,1.0,197.2
ANODE-p1,0,231,1.0,197.2
ANODE-p1,0,232,1.0,194.8
ANODE-p1,0,233,1.0,197.6
ANODE-p1,0,234,1.0,197.2
ANODE-p1,0,235,1.0,196.4
ANODE-p1,0,236,1.0,193.2
ANODE-p1,0,237,1.0,199.2
ANODE-p1,0,238,1.0,202.0
ANODE-p1,0,239,1.0,198.8
ANODE-p1,0,240,1.0,204.4
ANODE-p1,0,241,1.0,195.2
ANODE-p1,0,242,1.0,202.4
ANODE-p1,0,243,1.0,202.0
ANODE-p1,0,244,1.0,200.4
ANODE-p1,0,245,1.0,198.4
ANODE-p1,0,246,1.0,198.4
ANODE-p1,0,247,1.0,195.2
ANODE-p1,0,248,1.0,198.4
ANODE-p1,0,249,1.0,200.8
ANODE-p1,0,250,1.0,200.8
ANODE-p1,0,251,1.0,200.8
ANODE-p1,0,252,1.0,198.0
ANODE-p1,0,253,1.0,203.2
ANODE-p1,0,254,1.0,200.4
ANODE-p1,0,255,1.0,197.6
ANODE-p1,0,256,1.0,201.2
ANODE-p1,0,257,1.0,198.4
ANODE-p1,0,258,1.0,197.6
ANODE-p1,0,259,1.0,200.8
ANODE-p1,0,260,1.0,196.4
ANODE-p1,0,261,1.0,201.6
ANODE-p1,0,262,1.0,200.0
ANODE-p1,0,263,1.0,199.6
ANODE-p1,0,264,1.0,196.4
ANODE-p1,0,265,1.0,200.8
ANODE-p1,0,266,1.0,200.0
ANODE-p1,0,267,1.0,198.8
ANODE-p1,0,268,1.0,202.4
ANODE-p1,0,269,1.0,201.2
ANODE-p1,0,270,1.0,202.8
ANODE-p1,0,271,1.0,201.6
ANODE-p1,0,272,1.0,201.2
ANODE-p1,0,273,1.0,200.4
ANODE-p1,0,274,1.0,201.2
ANODE-p1,0,275,1.0,202.0
ANODE-p1,0,276,1.0,204.0
ANODE-p1,0,277,1.0,197.2
ANODE-p1,0,278,1.0,199.6
ANODE-p1,0,279,1.0,198.4
ANODE-p1,0,280,1.0,199.2
ANODE-p1,0,281,1.0,200.4
ANODE-p1,0,282,1.0,201.2
ANODE-p1,0,283,1.0,195.2
ANODE-p1,0,284,1.0,200.8
ANODE-p1,0,285,1.0,202.8
ANODE-p1,0,286,1.0,196.8
ANODE-p1,0,287,1.0,200.0
ANODE-p1,0,288,1.0,202.0
ANODE-p1,0,289,1.0,203.6
ANODE-p1,0,290,1.0,205.6
ANODE-p1,0,291,1.0,200.4
ANODE-p1,0,292,1.0,198.4
ANODE-p1,0,293,1.0,202.0
ANODE-p1,0,294,1.0,198.8
ANODE-p1,0,295,1.0,199.2
ANODE-p1,0,296,1.0,200.0
ANODE-p1,0,297,1.0,198.8
ANODE-p1,0,298,1.0,199.2
ANODE-p1,0,299,1.0,203.2
ANODE-p1,0,300,1.0,196.8
ANODE-p1,0,301,1.0,201.2
ANODE-p1,0,302,1.0,201.2
ANODE-p1,0,303,1.0,202.8
ANODE-p1,0,304,1.0,204.8
ANODE-p1,0,305,1.0,199.2
ANODE-p1,0,306,1.0,198.0
ANODE-p1,0,307,1.0,205.2
ANODE-p1,0,308,1.0,201.6
ANODE-p1,0,309,1.0,199.2
ANODE-p1,0,310,1.0,198.8
ANODE-p1,0,311,1.0,198.4
ANODE-p1,0,312,1.0,205.2
ANODE-p1,0,313,1.0,200.8
ANODE-p1,0,314,1.0,196.4
ANODE-p1,0,315,1.0,195.2
ANODE-p1,0,316,1.0,202.4
ANODE-p1,0,317,1.0,198.8
ANODE-p1,0,318,1.0,198.4
ANODE-p1,0,319,1.0,194.8
ANODE-p1,0,320,1.0,204.0
ANODE-p1,0,321,1.0,198.0
ANODE-p1,0,322,1.0,199.2
ANODE-p1,0,323,1.0,204.4
ANODE-p1,0,324,1.0,204.8
ANODE-p1,0,325,1.0,201.6
ANODE-p1,0,326,1.0,199.2
ANODE-p1,0,327,1.0,205.6
ANODE-p1,0,328,1.0,197.2
ANODE-p1,0,329,1.0,200.4
ANODE-p1,0,330,1.0,202.8
ANODE-p1,0,331,1.0,203.6
ANODE-p1,0,332,1.0,198.0
ANODE-p1,0,333,1.0,198.8
ANODE-p1,0,334,1.0,201.6
ANODE-p1,0,335,1.0,197.2
ANODE-p1,0,336,1.0,198.4
ANODE-p1,0,337,1.0,197.6
ANODE-p1,0,338,1.0,202.0
ANODE-p1,0,339,1.0,200.8
ANODE-p1,0,340,1.0,198.8
ANODE-p1,0,341,1.0,200.4
ANODE-p1,0,342,1.0,198.0
ANODE-p1,0,343,1.0,200.4
ANODE-p1,0,344,1.0,200.4
ANODE-p1,0,345,1.0,200.4
ANODE-p1,0,346,1.0,200.8
ANODE-p1,0,347,1.0,199.2
ANODE-p1,0,348,1.0,200.0
ANODE-p1,0,349,1.0,201.6
ANODE-p1,0,350,1.0,199.2
ANODE-p1,0,351,1.0,198.0
ANODE-p1,0,352,1.0,202.4
ANODE-p1,0,353,1.0,197.2
ANODE-p1,0,354,1.0,202.0
ANODE-p1,0,355,1.0,200.4
ANODE-p1,0,356,1.0,205.2
ANODE-p1,0,357,1.0,196.4
ANODE-p1,0,358,1.0,196.8
ANODE-p1,0,359,1.0,201.2
ANODE-p1,0,360,1.0,195.6
ANODE-p1,0,361,1.0,197.6
ANODE-p1,0,362,1.0,201.2
ANODE-p1,0,363,1.0,200.4
ANODE-p1,0,364,1.0,202.0
ANODE-p1,0,365,1.0,196.4
ANODE-p1,0,366,1.0,198.8
ANODE-p1,0,367,1.0,198.8
ANODE-p1,0,368,1.0,208.4
ANODE-p1,0,369,1.0,204.0
ANODE-p1,0,370,1.0,202.4
ANODE-p1,0,371,1.0,200.0
ANODE-p1,0,372,1.0,200.8
ANODE-p1,0,373,1.0,199.6
ANODE-p1,0,374,1.0,197.2
ANODE-p1,0,375,1.0,199.2
ANODE-p1,0,376,1.0,200.0
ANODE-p1,0,377,1.0,202.0
ANODE-p1,0,378,1.0,203.6
ANODE-p1,0,379,1.0,204.4
ANODE-p1,0,380,1.0,200.8
ANODE-p1,0,381,1.0,201.6
ANODE-p1,0,382,1.0,202.8
ANODE-p1,0,383,1.0,201.6
ANODE-p1,0,384,1.0,203.2
ANODE-p1,0,385,1.0,200.4
ANODE-p1,0,386,1.0,198.8
ANODE-p1,0,387,1.0,201.2
ANODE-p1,0,388,1.0,205.6
ANODE-p1,0,389,1.0,198.8
ANODE-p1,0,390,1.0,199.2
ANODE-p1,0,391,1.0,198.8
ANODE-p1,0,392,1.0,199.2
ANODE-p1,0,393,1.0,200.8
ANODE-p1,0,394,1.0,202.4
ANODE-p1,0,395,1.0,202.0
ANODE-p1,0,396,1.0,200.4
ANODE-p1,0,397,1.0,197.6
ANODE-p1,0,398,1.0,201.6
ANODE-p1,0,399,1.0,196.4
ANODE-p1,0,400,1.0,199.6
ANODE-p1,0,401,1.0,202.8
ANODE-p1,0,402,1.0,201.6
ANODE-p1,0,403,1.0,203.6
ANODE-p1,0,404,1.0,200.0
ANODE-p1,0,405,1.0,202.0
ANODE-p1,0,406,1.0,203.6
ANODE-p1,0,407,1.0,199.2
ANODE-p1,0,408,1.0,202.0
ANODE-p1,0,409,1.0,200.4
ANODE-p1,0,410,1.0,202.8
ANODE-p1,0,411,1.0,200.8
ANODE-p1,0,412,1.0,198.8
ANODE-p1,0,413,1.0,205.6
ANODE-p1,0,414,1.0,199.2
ANODE-p1,0,415,1.0,201.2
ANODE-p1,0,416,1.0,198.4
ANODE-p1,0,417,1.0,201.6
ANODE-p1,0,418,1.0,198.0
ANODE-p1,0,419,1.0,203.2
ANODE-p1,0,420,1.0,199.6
ANODE-p1,0,421,1.0,201.6
ANODE-p1,0,422,1.0,206.8
ANODE-p1,0,423,1.0,202.0
ANODE-p1,0,424,1.0,202.8
ANODE-p1,0,425,1.0,204.8
ANODE-p1,0,426,1.0,205.2
ANODE-p1,0,427,1.0,202.0
ANODE-p1,0,428,1.0,199.2
ANODE-p1,0,429,1.0,198.4
ANODE-p1,0,430,1.0,203.2
ANODE-p1,0,431,1.0,201.2
ANODE-p1,0,432,1.0,199.2
ANODE-p1,0,433,1.0,204.4
ANODE-p1,0,434,1.0,203.6
ANODE-p1,0,435,1.0,201.2
ANODE-p1,0,436,1.0,201.6
ANODE-p1,0,437,1.0,201.2
ANODE-p1,0,438,1.0,206.4
ANODE-p1,0,439,1.0,200.0
ANODE-p1,0,440,1.0,202.4
ANODE-p1,0,441,1.0,203.6
ANODE-p1,0,442,1.0,201.2
ANODE-p1,0,443,1.0,201.6
ANODE-p1,0,444,1.0,200.8
ANODE-p1,0,445,1.0,200.0
ANODE-p1,0,446,1.0,203.2
ANODE-p1,0,447,1.0,201.6
ANODE-p1,0,448,1.0,199.6
ANODE-p1,0,449,1.0,201.2
ANODE-p1,0,450,1.0,205.2
ANODE-p1,0,451,1.0,202.4
ANODE-p1,0,452,1.0,199.6
ANODE-p1,0,453,1.0,206.8
ANODE-p1,0,454,1.0,206.8
ANODE-p1,0,455,1.0,206.0
ANODE-p1,0,456,1.0,201.6
ANODE-p1,0,457,1.0,197.2
ANODE-p1,0,458,1.0,199.2
ANODE-p1,0,459,1.0,201.6
ANODE-p1,0,460,1.0,203.6
ANODE-p1,0,461,1.0,200.8
ANODE-p1,0,462,1.0,196.4
ANODE-p1,0,463,1.0,202.8
ANODE-p1,0,464,1.0,200.0
ANODE-p1,0,465,1.0,202.4
ANODE-p1,0,466,1.0,201.6
ANODE-p1,0,467,1.0,198.4
ANODE-p1,0,468,1.0,202.0
ANODE-p1,0,469,1.0,205.6
ANODE-p1,0,470,1.0,202.4
ANODE-p1,0,471,1.0,203.2
ANODE-p1,0,472,1.0,207.2
ANODE-p1,0,473,1.0,201.2
ANODE-p1,0,474,1.0,199.6
ANODE-p1,0,475,1.0,200.0
ANODE-p1,0,476,1.0,201.6
ANODE-p1,0,477,1.0,201.6
ANODE-p1,0,478,1.0,201.2
ANODE-p1,0,479,1.0,202.0
ANODE-p1,0,480,1.0,198.0
ANODE-p1,0,481,1.0,204.8
ANODE-p1,0,482,1.0,200.4
ANODE-p1,0,483,1.0,202.0
ANODE-p1,0,484,1.0,204.4
ANODE-p1,0,485,1.0,200.0
ANODE-p1,0,486,1.0,204.0
ANODE-p1,0,487,1.0,201.2
ANODE-p1,0,488,1.0,199.2
ANODE-p1,0,489,1.0,198.8
ANODE-p1,0,490,1.0,199.6
ANODE-p1,0,491,1.0,202.8
ANODE-p1,0,492,1.0,202.0
ANODE-p1,0,493,1.0,202.0
ANODE-p1,0,494,1.0,204.8
ANODE-p1,0,495,1.0,205.6
ANODE-p1,0,496,1.0,200.8
ANODE-p1,0,497,1.0,200.0
ANODE-p1,0,498,1.0,203.2
ANODE-p1,0,499,1.0,200.8
ANODE-p1,0,500,1.0,199.6
ANODE-p1,0,501,1.0,203.2
ANODE-p1,0,502,1.0,200.8
ANODE-p1,0,503,1.0,202.8
ANODE-p1,0,504,1.0,204.0
ANODE-p1,0,505,1.0,204.4
ANODE-p1,0,506,1.0,204.0
ANODE-p1,0,507,1.0,204.4
ANODE-p1,0,508,1.0,202.8
ANODE-p1,0,509,1.0,202.0
ANODE-p1,0,510,1.0,200.8
ANODE-p1,0,511,1.0,198.8
ANODE-p1,0,512,1.0,200.0
ANODE-p1,0,513,1.0,204.0
ANODE-p1,0,514,1.0,202.4
ANODE-p1,0,515,1.0,204.4
ANODE-p1,0,516,1.0,200.0
ANODE-p1,0,517,1.0,202.8
ANODE-p1,0,518,1.0,202.8
ANODE-p1,0,519,1.0,201.2
ANODE-p1,0,520,1.0,204.0
ANODE-p1,0,521,1.0,200.4
ANODE-p1,0,522,1.0,202.8
ANODE-p1,0,523,1.0,203.6
ANODE-p1,0,524,1.0,199.6
ANODE-p1,0,525,1.0,201.6
ANODE-p1,0,526,1.0,200.0
ANODE-p1,0,527,1.0,198.8
ANODE-p1,0,528,1.0,200.0
ANODE-p1,0,529,1.0,199.6
ANODE-p1,0,530,1.0,200.0
ANODE-p1,0,531,1.0,204.4
ANODE-p1,0,532,1.0,206.0
ANODE-p1,0,533,1.0,204.4
ANODE-p1,0,534,1.0,202.8
ANODE-p1,0,535,1.0,202.0
ANODE-p1,0,536,1.0,200.4
ANODE-p1,0,537,1.0,204.0
ANODE-p1,0,538,1.0,202.8
ANODE-p1,0,539,1.0,204.0
ANODE-p1,0,540,1.0,202.0
ANODE-p1,0,541,1.0,200.8
ANODE-p1,0,542,1.0,200.8
ANODE-p1,0,543,1.0,197.2
ANODE-p1,0,544,1.0,201.2
ANODE-p1,0,545,1.0,201.2
ANODE-p1,0,546,1.0,201.6
ANODE-p1,0,547,1.0,205.2
ANODE-p1,0,548,1.0,196.8
ANODE-p1,0,549,1.0,198.8
ANODE-p1,0,550,1.0,204.8
ANODE-p1,0,551,1.0,200.4
ANODE-p1,0,552,1.0,205.2
ANODE-p1,0,553,1.0,200.4
ANODE-p1,0,554,1.0,202.4
ANODE-p1,0,555,1.0,201.6
ANODE-p1,0,556,1.0,198.8
ANODE-p1,0,557,1.0,201.6
ANODE-p1,0,558,1.0,204.4
ANODE-p1,0,559,1.0,199.6
ANODE-p1,0,560,1.0,201.6
ANODE-p1,0,561,1.0,205.6
ANODE-p1,0,562,1.0,202.0
ANODE-p1,0,563,1.0,206.0
ANODE-p1,0,564,1.0,200.4
ANODE-p1,0,565,1.0,202.4
ANODE-p1,0,566,1.0,204.4
ANODE-p1,0,567,1.0,197.6
ANODE-p1,0,568,1.0,203.2
ANODE-p1,0,569,1.0,204.8
ANODE-p1,0,570,1.0,206.4
ANODE-p1,0,571,1.0,202.8
ANODE-p1,0,572,1.0,203.2
ANODE-p1,0,573,1.0,204.8
ANODE-p1,0,574,1.0,204.0
ANODE-p1,0,575,1.0,201.6
ANODE-p1,0,576,1.0,199.6
ANODE-p1,0,577,1.0,201.6
ANODE-p1,0,578,1.0,202.4
ANODE-p1,0,579,1.0,205.2
ANODE-p1,0,580,1.0,206.4
ANODE-p1,0,581,1.0,206.0
ANODE-p1,0,582,1.0,202.4
ANODE-p1,0,583,1.0,200.0
ANODE-p1,0,584,1.0,206.4
ANODE-p1,0,585,1.0,202.0
ANODE-p1,0,586,1.0,194.8
ANODE-p1,0,587,1.0,201.2
ANODE-p1,0,588,1.0,202.4
ANODE-p1,0,589,1.0,203.2
ANODE-p1,0,590,1.0,204.8
ANODE-p1,0,591,1.0,200.8
ANODE-p1,0,592,1.0,202.0
ANODE-p1,0,593,1.0,206.8
ANODE-p1,0,594,1.0,197.2
ANODE-p1,0,595,1.0,204.0
ANODE-p1,0,596,1.0,208.8
ANODE-p1,0,597,1.0,203.6
ANODE-p1,0,598,1.0,200.4
ANODE-p1,0,599,1.0,200.0
ANODE-p1,0,600,1.0,203.6
ANODE-p1,0,601,1.0,201.6
ANODE-p1,0,602,1.0,206.0
ANODE-p1,0,603,1.0,205.2
ANODE-p1,0,604,1.0,204.4
ANODE-p1,0,605,1.0,202.4
ANODE-p1,0,606,1.0,206.8
ANODE-p1,0,607,1.0,204.0
ANODE-p1,0,608,1.0,201.2
ANODE-p1,0,609,1.0,204.8
ANODE-p1,0,610,1.0,202.0
ANODE-p1,0,611,1.0,202.0
ANODE-p1,0,612,1.0,200.4
ANODE-p1,0,613,1.0,206.4
ANODE-p1,0,614,1.0,200.8
ANODE-p1,0,615,1.0,207.2
ANODE-p1,0,616,1.0,204.8
ANODE-p1,0,617,1.0,202.8
ANODE-p1,0,618,1.0,203.2
ANODE-p1,0,619,1.0,200.0
ANODE-p1,0,620,1.0,200.8
ANODE-p1,0,621,1.0,202.8
ANODE-p1,0,622,1.0,202.0
ANODE-p1,0,623,1.0,202.4
ANODE-p1,0,624,1.0,200.4
ANODE-p1,0,625,1.0,205.2
ANODE-p1,0,626,1.0,198.0
ANODE-p1,0,627,1.0,201.6
ANODE-p1,0,628,1.0,201.6
ANODE-p1,0,629,1.0,202.0
ANODE-p1,0,630,1.0,202.8
ANODE-p1,0,631,1.0,197.6
ANODE-p1,0,632,1.0,202.8
ANODE-p1,0,633,1.0,202.4
ANODE-p1,0,634,1.0,205.6
ANODE-p1,0,635,1.0,207.6
ANODE-p1,0,636,1.0,200.4
ANODE-p1,0,637,1.0,202.4
ANODE-p1,0,638,1.0,206.8
ANODE-p1,0,639,1.0,203.2
ANODE-p1,0,640,1.0,202.8
ANODE-p1,0,641,1.0,200.8
ANODE-p1,0,642,1.0,202.4
ANODE-p1,0,643,1.0,204.0
ANODE-p1,0,644,1.0,204.4
ANODE-p1,0,645,1.0,205.6
ANODE-p1,0,646,1.0,202.8
ANODE-p1,0,647,1.0,203.6
ANODE-p1,0,648,1.0,201.2
ANODE-p1,0,649,1.0,201.6
ANODE-p1,0,650,1.0,201.6
ANODE-p1,0,651,1.0,206.8
ANODE-p1,0,652,1.0,200.8
ANODE-p1,0,653,1.0,204.4
ANODE-p1,0,654,1.0,204.0
ANODE-p1,0,655,1.0,206.4
ANODE-p1,0,656,1.0,206.0
ANODE-p1,0,657,1.0,204.8
ANODE-p1,0,658,1.0,203.2
ANODE-p1,0,659,1.0,201.6
ANODE-p1,0,660,1.0,206.8
ANODE-p1,0,661,1.0,200.8
ANODE-p1,0,662,1.0,206.4
ANODE-p1,0,663,1.0,202.0
ANODE-p1,0,664,1.0,201.2
ANODE-p1,0,665,1.0,201.6
ANODE-p1,0,666,1.0,202.8
ANODE-p1,0,667,1.0,205.6
ANODE-p1,0,668,1.0,199.6
ANODE-p1,0,669,1.0,203.2
ANODE-p1,0,670,1.0,201.6
ANODE-p1,0,671,1.0,206.8
ANODE-p1,0,672,1.0,202.4
ANODE-p1,0,673,1.0,203.2
ANODE-p1,0,674,1.0,201.6
ANODE-p1,0,675,1.0,201.2
ANODE-p1,0,676,1.0,203.2
ANODE-p1,0,677,1.0,201.2
ANODE-p1,0,678,1.0,202.8
ANODE-p1,0,679,1.0,201.6
ANODE-p1,0,680,1.0,196.4
ANODE-p1,0,681,1.0,205.6
ANODE-p1,0,682,1.0,205.2
ANODE-p1,0,683,1.0,200.4
ANODE-p1,0,684,1.0,206.4
ANODE-p1,0,685,1.0,204.0
ANODE-p1,0,686,1.0,201.6
ANODE-p1,0,687,1.0,204.0
ANODE-p1,0,688,1.0,196.8
ANODE-p1,0,689,1.0,202.0
ANODE-p1,0,690,1.0,204.8
ANODE-p1,0,691,1.0,204.8
ANODE-p1,0,692,1.0,202.0
ANODE-p1,0,693,1.0,204.8
ANODE-p1,0,694,1.0,203.2
ANODE-p1,0,695,1.0,207.2
ANODE-p1,0,696,1.0,208.4
ANODE-p1,0,697,1.0,203.2
ANODE-p1,0,698,1.0,203.2
ANODE-p1,0,699,1.0,206.4
ANODE-p1,0,700,1.0,201.2
ANODE-p1,0,701,1.0,201.6
ANODE-p1,0,702,1.0,209.6
ANODE-p1,0,703,1.0,204.0
ANODE-p1,0,704,1.0,201.6
ANODE-p1,0,705,1.0,198.8
ANODE-p1,0,706,1.0,204.0
ANODE-p1,0,707,1.0,209.6
ANODE-p1,0,708,1.0,206.4
ANODE-p1,0,709,1.0,206.0
ANODE-p1,0,710,1.0,206.0
ANODE-p1,0,711,1.0,202.8
ANODE-p1,0,712,1.0,206.0
ANODE-p1,0,713,1.0,205.6
ANODE-p1,0,714,1.0,198.0
ANODE-p1,0,715,1.0,206.4
ANODE-p1,0,716,1.0,205.6
ANODE-p1,0,717,1.0,202.4
ANODE-p1,0,718,1.0,206.4
ANODE-p1,0,719,1.0,201.2
ANODE-p1,0,720,1.0,203.6
ANODE-p1,0,721,1.0,201.2
ANODE-p1,0,722,1.0,201.2
ANODE-p1,0,723,1.0,202.8
ANODE-p1,0,724,1.0,199.6
ANODE-p1,0,725,1.0,199.6
ANODE-p1,0,726,1.0,206.0
ANODE-p1,0,727,1.0,203.2
ANODE-p1,0,728,1.0,204.8
ANODE-p1,0,729,1.0,203.2
ANODE-p1,0,730,1.0,205.2
ANODE-p1,0,731,1.0,207.2
ANODE-p1,0,732,1.0,203.6
ANODE-p1,0,733,1.0,203.2
ANODE-p1,0,734,1.0,206.8
ANODE-p1,0,735,1.0,204.0
ANODE-p1,0,736,1.0,205.2
ANODE-p1,0,737,1.0,204.4
ANODE-p1,0,738,1.0,201.2
ANODE-p1,0,739,1.0,204.0
ANODE-p1,0,740,1.0,204.0
ANODE-p1,0,741,1.0,202.8
ANODE-p1,0,742,1.0,201.6
ANODE-p1,0,743,1.0,206.4
ANODE-p1,0,744,1.0,204.8
ANODE-p1,0,745,1.0,204.0
ANODE-p1,0,746,1.0,203.2
ANODE-p1,0,747,1.0,202.0
ANODE-p1,0,748,1.0,202.4
ANODE-p1,0,749,1.0,202.8
ANODE-p1,0,750,1.0,206.4
ANODE-p1,0,751,1.0,202.4
ANODE-p1,0,752,1.0,202.0
ANODE-p1,0,753,1.0,201.6
ANODE-p1,0,754,1.0,203.6
ANODE-p1,0,755,1.0,203.2
ANODE-p1,0,756,1.0,198.4
ANODE-p1,0,757,1.0,204.0
ANODE-p1,0,758,1.0,206.8
ANODE-p1,0,759,1.0,201.2
ANODE-p1,0,760,1.0,208.0
ANODE-p1,0,761,1.0,204.0
ANODE-p1,0,762,1.0,204.4
ANODE-p1,0,763,1.0,210.0
ANODE-p1,0,764,1.0,204.4
ANODE-p1,0,765,1.0,204.4
ANODE-p1,0,766,1.0,201.2
ANODE-p1,0,767,1.0,200.4
ANODE-p1,0,768,1.0,202.0
ANODE-p1,0,769,1.0,202.4
ANODE-p1,0,770,1.0,198.4
ANODE-p1,0,771,1.0,203.2
ANODE-p1,0,772,1.0,201.2
ANODE-p1,0,773,1.0,200.0
ANODE-p1,0,774,1.0,206.0
ANODE-p1,0,775,1.0,203.6
ANODE-p1,0,776,1.0,202.0
ANODE-p1,0,777,1.0,202.8
ANODE-p1,0,778,1.0,199.2
ANODE-p1,0,779,1.0,205.6
ANODE-p1,0,780,1.0,206.8
ANODE-p1,0,781,1.0,202.4
ANODE-p1,0,782,1.0,201.6
ANODE-p1,0,783,1.0,204.4
ANODE-p1,0,784,1.0,202.4
ANODE-p1,0,785,1.0,202.8
ANODE-p1,0,786,1.0,202.4
ANODE-p1,0,787,1.0,198.4
ANODE-p1,0,788,1.0,203.6
ANODE-p1,0,789,1.0,204.0
ANODE-p1,0,790,1.0,203.6
ANODE-p1,0,791,1.0,209.2
ANODE-p1,0,792,1.0,205.2
ANODE-p1,0,793,1.0,200.8
ANODE-p1,0,794,1.0,203.2
ANODE-p1,0,795,1.0,207.2
ANODE-p1,0,796,1.0,204.0
ANODE-p1,0,797,1.0,204.8
ANODE-p1,0,798,1.0,204.8
ANODE-p1,0,799,1.0,206.0
ANODE-p1,0,800,1.0,202.8
ANODE-p1,0,801,1.0,209.2
ANODE-p1,0,802,1.0,206.4
ANODE-p1,0,803,1.0,202.8
ANODE-p1,0,804,1.0,203.2
ANODE-p1,0,805,1.0,207.2
ANODE-p1,0,806,1.0,201.6
ANODE-p1,0,807,1.0,200.8
ANODE-p1,0,808,1.0,201.6
ANODE-p1,0,809,1.0,204.8
ANODE-p1,0,810,1.0,201.2
ANODE-p1,0,811,1.0,203.6
ANODE-p1,0,812,1.0,202.0
ANODE-p1,0,813,1.0,208.0
ANODE-p1,0,814,1.0,203.6
ANODE-p1,0,815,1.0,206.8
ANODE-p1,0,816,1.0,205.6
ANODE-p1,0,817,1.0,201.6
ANODE-p1,0,818,1.0,203.2
ANODE-p1,0,819,1.0,207.2
ANODE-p1,0,820,1.0,201.2
ANODE-p1,0,821,1.0,200.0
ANODE-p1,0,822,1.0,205.2
ANODE-p1,0,823,1.0,203.2
ANODE-p1,0,824,1.0,201.2
ANODE-p1,0,825,1.0,202.8
ANODE-p1,0,826,1.0,204.4
ANODE-p1,0,827,1.0,207.2
ANODE-p1,0,828,1.0,201.2
ANODE-p1,0,829,1.0,202.4
ANODE-p1,0,830,1.0,204.8
ANODE-p1,0,831,1.0,203.6
ANODE-p1,0,832,1.0,200.8
ANODE-p1,0,833,1.0,204.0
ANODE-p1,0,834,1.0,200.8
ANODE-p1,0,835,1.0,203.6
ANODE-p1,0,836,1.0,202.8
ANODE-p1,0,837,1.0,205.6
ANODE-p1,0,838,1.0,205.6
ANODE-p1,0,839,1.0,203.6
ANODE-p1,0,840,1.0,202.8
ANODE-p1,0,841,1.0,206.0
ANODE-p1,0,842,1.0,202.8
ANODE-p1,0,843,1.0,206.4
ANODE-p1,0,844,1.0,202.0
ANODE-p1,0,845,1.0,202.0
ANODE-p1,0,846,1.0,204.4
ANODE-p1,0,847,1.0,204.8
ANODE-p1,0,848,1.0,204.4
ANODE-p1,0,849,1.0,203.2
ANODE-p1,0,850,1.0,205.2
ANODE-p1,0,851,1.0,206.4
ANODE-p1,0,852,1.0,203.6
ANODE-p1,0,853,1.0,206.8
ANODE-p1,0,854,1.0,206.4
ANODE-p1,0,855,1.0,208.0
ANODE-p1,0,856,1.0,204.0
ANODE-p1,0,857,1.0,206.0
ANODE-p1,0,858,1.0,201.2
ANODE-p1,0,859,1.0,202.4
ANODE-p1,0,860,1.0,210.0
ANODE-p1,0,861,1.0,204.0
ANODE-p1,0,862,1.0,198.4
ANODE-p1,0,863,1.0,204.4
ANODE-p1,0,864,1.0,205.2
ANODE-p1,0,865,1.0,208.0
ANODE-p1,0,866,1.0,205.6
ANODE-p1,0,867,1.0,202.8
ANODE-p1,0,868,1.0,205.2
ANODE-p1,0,869,1.0,204.4
ANODE-p1,0,870,1.0,204.0
ANODE-p1,0,871,1.0,206.4
ANODE-p1,0,872,1.0,204.4
ANODE-p1,0,873,1.0,207.2
ANODE-p1,0,874,1.0,203.2
ANODE-p1,0,875,1.0,206.4
ANODE-p1,0,876,1.0,208.4
ANODE-p1,0,877,1.0,204.8
ANODE-p1,0,878,1.0,200.0
ANODE-p1,0,879,1.0,198.8
ANODE-p1,0,880,1.0,201.2
ANODE-p1,0,881,1.0,202.8
ANODE-p1,0,882,1.0,199.6
ANODE-p1,0,883,1.0,202.0
ANODE-p1,0,884,1.0,202.0
ANODE-p1,0,885,1.0,205.2
ANODE-p1,0,886,1.0,204.0
ANODE-p1,0,887,1.0,210.0
ANODE-p1,0,888,1.0,200.4
ANODE-p1,0,889,1.0,208.0
ANODE-p1,0,890,1.0,206.0
ANODE-p1,0,891,1.0,208.4
ANODE-p1,0,892,1.0,208.0
ANODE-p1,0,893,1.0,206.0
ANODE-p1,0,894,1.0,204.4
ANODE-p1,0,895,1.0,210.4
ANODE-p1,0,896,1.0,204.0
ANODE-p1,0,897,1.0,202.4
ANODE-p1,0,898,1.0,203.6
ANODE-p1,0,899,1.0,208.0
ANODE-p1,0,900,1.0,204.8
ANODE-p1,0,901,1.0,204.8
ANODE-p1,0,902,1.0,205.2
ANODE-p1,0,903,1.0,208.0
ANODE-p1,0,904,1.0,202.0
ANODE-p1,0,905,1.0,204.4
ANODE-p1,0,906,1.0,205.6
ANODE-p1,0,907,1.0,204.0
ANODE-p1,0,908,1.0,201.2
ANODE-p1,0,909,1.0,201.6
ANODE-p1,0,910,1.0,199.6
ANODE-p1,0,911,1.0,202.8
ANODE-p1,0,912,1.0,208.4
ANODE-p1,0,913,1.0,205.2
ANODE-p1,0,914,1.0,205.6
ANODE-p1,0,915,1.0,210.4
ANODE-p1,0,916,1.0,202.0
ANODE-p1,0,917,1.0,208.0
ANODE-p1,0,918,1.0,204.8
ANODE-p1,0,919,1.0,208.0
ANODE-p1,0,920,1.0,204.0
ANODE-p1,0,921,1.0,207.2
ANODE-p1,0,922,1.0,205.6
ANODE-p1,0,923,1.0,205.6
ANODE-p1,0,924,1.0,207.2
ANODE-p1,0,925,1.0,204.0
ANODE-p1,0,926,1.0,203.6
ANODE-p1,0,927,1.0,202.0
ANODE-p1,0,928,1.0,206.0
ANODE-p1,0,929,1.0,203.2
ANODE-p1,0,930,1.0,200.4
ANODE-p1,0,931,1.0,204.8
ANODE-p1,0,932,1.0,203.2
ANODE-p1,0,933,1.0,206.8
ANODE-p1,0,934,1.0,200.0
ANODE-p1,0,935,1.0,201.2
ANODE-p1,0,936,1.0,203.2
ANODE-p1,0,937,1.0,202.0
ANODE-p1,0,938,1.0,204.8
ANODE-p1,0,939,1.0,206.0
ANODE-p1,0,940,1.0,205.6
ANODE-p1,0,941,1.0,203.6
ANODE-p1,0,942,1.0,202.8
ANODE-p1,0,943,1.0,208.0
ANODE-p1,0,944,1.0,200.8
ANODE-p1,0,945,1.0,204.0
ANODE-p1,0,946,1.0,203.2
ANODE-p1,0,947,1.0,206.0
ANODE-p1,0,948,1.0,202.8
ANODE-p1,0,949,1.0,202.0
ANODE-p1,0,950,1.0,208.0
ANODE-p1,0,951,1.0,209.2
ANODE-p1,0,952,1.0,204.0
ANODE-p1,0,953,1.0,201.6
ANODE-p1,0,954,1.0,206.0
ANODE-p1,0,955,1.0,207.6
ANODE-p1,0,956,1.0,208.4
ANODE-p1,0,957,1.0,201.6
ANODE-p1,0,958,1.0,202.8
ANODE-p1,0,959,1.0,205.2
ANODE-p1,0,960,1.0,204.4
ANODE-p1,0,961,1.0,203.6
ANODE-p1,0,962,1.0,204.4
ANODE-p1,0,963,1.0,206.8
ANODE-p1,0,964,1.0,206.4
ANODE-p1,0,965,1.0,204.4
ANODE-p1,0,966,1.0,206.8
ANODE-p1,0,967,1.0,205.6
ANODE-p1,0,968,1.0,204.8
ANODE-p1,0,969,1.0,207.2
ANODE-p1,0,970,1.0,202.8
ANODE-p1,0,971,1.0,207.6
ANODE-p1,0,972,1.0,206.8
ANODE-p1,0,973,1.0,201.6
ANODE-p1,0,974,1.0,205.2
ANODE-p1,0,975,1.0,200.8
ANODE-p1,0,976,1.0,208.4
ANODE-p1,0,977,1.0,200.8
ANODE-p1,0,978,1.0,206.0
ANODE-p1,0,979,1.0,204.8
ANODE-p1,0,980,1.0,206.4
ANODE-p1,0,981,1.0,202.4
ANODE-p1,0,982,1.0,203.6
ANODE-p1,0,983,1.0,201.6
ANODE-p1,0,984,1.0,206.4
ANODE-p1,0,985,1.0,204.4
ANODE-p1,0,986,1.0,207.6
ANODE-p1,0,987,1.0,206.8
ANODE-p1,0,988,1.0,202.8
ANODE-p1,0,989,1.0,205.2
ANODE-p1,0,990,1.0,203.6
ANODE-p1,0,991,1.0,207.2
ANODE-p1,0,992,1.0,206.4
ANODE-p1,0,993,1.0,199.6
ANODE-p1,0,994,1.0,202.8
ANODE-p1,0,995,1.0,201.2
ANODE-p1,0,996,1.0,205.6
ANODE-p1,0,997,1.0,205.6
ANODE-p1,0,998,1.0,206.0
ANODE-p1,0,999,1.0,199.6
ANODE-p1,0,1000,1.0,204.8
ANODE-p1,1,1,0.490625,40.8
ANODE-p1,1,2,0.6541666666666667,48.8
ANODE-p1,1,3,0.6625,55.6
ANODE-p1,1,4,0.78125,68.0
ANODE-p1,1,5,0.99375,96.0
ANODE-p1,1,6,1.0,126.0
ANODE-p1,1,7,0.9989583333333333,145.6
ANODE-p1,1,8,1.0,157.6
ANODE-p1,1,9,1.0,162.4
ANODE-p1,1,10,1.0,164.4
ANODE-p1,1,11,0.9989583333333333,167.6
ANODE-p1,1,12,0.953125,158.0
ANODE-p1,1,13,1.0,146.4
ANODE-p1,1,14,0.9979166666666667,147.2
ANODE-p1,1,15,1.0,142.8
ANODE-p1,1,16,1.0,143.6
ANODE-p1,1,17,1.0,143.2
ANODE-p1,1,18,1.0,144.8
ANODE-p1,1,19,1.0,144.8
ANODE-p1,1,20,1.0,143.2
ANODE-p1,1,21,1.0,146.0
ANODE-p1,1,22,1.0,146.8
ANODE-p1,1,23,1.0,146.8
ANODE-p1,1,24,1.0,144.8
ANODE-p1,1,25,1.0,146.0
ANODE-p1,1,26,1.0,148.4
ANODE-p1,1,27,1.0,147.6
ANODE-p1,1,28,1.0,145.2
ANODE-p1,1,29,1.0,149.6
ANODE-p1,1,30,1.0,148.4
ANODE-p1,1,31,1.0,148.4
ANODE-p1,1,32,1.0,146.8
ANODE-p1,1,33,1.0,148.8
ANODE-p1,1,34,1.0,148.4
ANODE-p1,1,35,1.0,149.2
ANODE-p1,1,36,1.0,148.0
ANODE-p1,1,37,1.0,150.0
ANODE-p1,1,38,1.0,146.8
ANODE-p1,1,39,1.0,150.8
ANODE-p1,1,40,1.0,148.8
ANODE-p1,1,41,1.0,149.6
ANODE-p1,1,42,1.0,149.2
ANODE-p1,1,43,1.0,148.8
ANODE-p1,1,44,1.0,148.8
ANODE-p1,1,45,1.0,148.4
ANODE-p1,1,46,1.0,149.2
ANODE-p1,1,47,1.0,148.4
ANODE-p1,1,48,1.0,149.2
ANODE-p1,1,49,1.0,148.4
ANODE-p1,1,50,1.0,151.6
ANODE-p1,1,51,1.0,152.0
ANODE-p1,1,52,1.0,150.0
ANODE-p1,1,53,1.0,149.6
ANODE-p1,1,54,1.0,150.8
ANODE-p1,1,55,1.0,150.8
ANODE-p1,1,56,1.0,149.2
ANODE-p1,1,57,1.0,148.8
ANODE-p1,1,58,1.0,148.8
ANODE-p1,1,59,1.0,148.8
ANODE-p1,1,60,1.0,150.8
ANODE-p1,1,61,1.0,149.2
ANODE-p1,1,62,1.0,150.0
ANODE-p1,1,63,1.0,148.8
ANODE-p1,1,64,1.0,150.0
ANODE-p1,1,65,1.0,150.8
ANODE-p1,1,66,1.0,150.8
ANODE-p1,1,67,1.0,151.2
ANODE-p1,1,68,1.0,150.4
ANODE-p1,1,69,1.0,150.0
ANODE-p1,1,70,1.0,152.0
ANODE-p1,1,71,1.0,150.8
ANODE-p1,1,72,1.0,151.6
ANODE-p1,1,73,1.0,151.6
ANODE-p1,1,74,1.0,152.0
ANODE-p1,1,75,1.0,149.6
ANODE-p1,1,76,1.0,152.0
ANODE-p1,1,77,1.0,151.2
ANODE-p1,1,78,1.0,150.8
ANODE-p1,1,79,1.0,150.8
ANODE-p1,1,80,1.0,151.2
ANODE-p1,1,81,1.0,151.6
ANODE-p1,1,82,1.0,151.2
ANODE-p1,1,83,1.0,151.6
ANODE-p1,1,84,1.0,151.6
ANODE-p1,1,85,1.0,151.2
ANODE-p1,1,86,1.0,153.2
ANODE-p1,1,87,1.0,152.8
ANODE-p1,1,88,1.0,153.2
ANODE-p1,1,89,1.0,150.4
ANODE-p1,1,90,1.0,150.8
ANODE-p1,1,91,1.0,152.8
ANODE-p1,1,92,1.0,151.6
ANODE-p1,1,93,1.0,151.6
ANODE-p1,1,94,1.0,152.4
ANODE-p1,1,95,1.0,152.8
ANODE-p1,1,96,1.0,153.2
ANODE-p1,1,97,1.0,150.0
ANODE-p1,1,98,1.0,151.2
ANODE-p1,1,99,1.0,151.6
ANODE-p1,1,100,1.0,151.2
ANODE-p1,1,101,1.0,151.2
ANODE-p1,1,102,1.0,152.4
ANODE-p1,1,103,1.0,153.2
ANODE-p1,1,104,1.0,153.2
ANODE-p1,1,105,1.0,152.8
ANODE-p1,1,106,1.0,151.6
ANODE-p1,1,107,1.0,153.6
ANODE-p1,1,108,1.0,152.8
ANODE-p1,1,109,1.0,152.0
ANODE-p1,1,110,1.0,150.4
ANODE-p1,1,111,1.0,152.0
ANODE-p1,1,112,1.0,152.8
ANODE-p1,1,113,1.0,152.8
ANODE-p1,1,114,1.0,153.6
ANODE-p1,1,115,1.0,151.2
ANODE-p1,1,116,1.0,151.6
ANODE-p1,1,117,1.0,152.0
ANODE-p1,1,118,1.0,152.0
ANODE-p1,1,119,1.0,153.6
ANODE-p1,1,120,1.0,152.8
ANODE-p1,1,121,1.0,154.4
ANODE-p1,1,122,1.0,154.8
ANODE-p1,1,123,1.0,154.8
ANODE-p1,1,124,1.0,153.2
ANODE-p1,1,125,1.0,154.8
ANODE-p1,1,126,1.0,154.4
ANODE-p1,1,127,1.0,153.6
ANODE-p1,1,128,1.0,152.0
ANODE-p1,1,129,1.0,153.2
ANODE-p1,1,130,1.0,153.6
ANODE-p1,1,131,1.0,152.8
ANODE-p1,1,132,1.0,152.8
ANODE-p1,1,133,1.0,154.0
ANODE-p1,1,134,1.0,153.6
ANODE-p1,1,135,1.0,154.8
ANODE-p1,1,136,1.0,151.6
ANODE-p1,1,137,1.0,154.0
ANODE-p1,1,138,1.0,154.0
ANODE-p1,1,139,1.0,153.2
ANODE-p1,1,140,1.0,156.4
ANODE-p1,1,141,1.0,153.2
ANODE-p1,1,142,1.0,154.4
ANODE-p1,1,143,1.0,154.8
ANODE-p1,1,144,1.0,152.4
ANODE-p1,1,145,1.0,156.0
ANODE-p1,1,146,1.0,155.6
ANODE-p1,1,147,1.0,155.2
ANODE-p1,1,148,1.0,152.4
ANODE-p1,1,149,1.0,155.2
ANODE-p1,1,150,1.0,154.8
ANODE-p1,1,151,1.0,153.2
ANODE-p1,1,152,1.0,152.4
ANODE-p1,1,153,1.0,156.0
ANODE-p1,1,154,1.0,154.8
ANODE-p1,1,155,1.0,155.2
ANODE-p1,1,156,1.0,155.2
ANODE-p1,1,157,1.0,154.4
ANODE-p1,1,158,1.0,152.8
ANODE-p1,1,159,1.0,155.2
ANODE-p1,1,160,1.0,154.0
ANODE-p1,1,161,1.0,156.0
ANODE-p1,1,162,1.0,155.2
ANODE-p1,1,163,1.0,154.4
ANODE-p1,1,164,1.0,154.4
ANODE-p1,1,165,1.0,153.2
ANODE-p1,1,166,1.0,153.6
ANODE-p1,1,167,1.0,153.2
ANODE-p1,1,168,1.0,154.4
ANODE-p1,1,169,1.0,153.2
ANODE-p1,1,170,1.0,153.2
ANODE-p1,1,171,1.0,156.0
ANODE-p1,1,172,1.0,154.8
ANODE-p1,1,173,1.0,155.6
ANODE-p1,1,174,1.0,155.2
ANODE-p1,1,175,1.0,153.6
ANODE-p1,1,176,1.0,156.8
ANODE-p1,1,177,1.0,155.2
ANODE-p1,1,178,1.0,154.4
ANODE-p1,1,179,1.0,154.4
ANODE-p1,1,180,1.0,152.4
ANODE-p1,1,181,1.0,155.6
ANODE-p1,1,182,1.0,156.4
ANODE-p1,1,183,1.0,155.2
ANODE-p1,1,184,1.0,156.4
ANODE-p1,1,185,1.0,155.6
ANODE-p1,1,186,1.0,154.4
ANODE-p1,1,187,1.0,154.4
ANODE-p1,1,188,1.0,155.6
ANODE-p1,1,189,1.0,154.0
ANODE-p1,1,190,1.0,154.8
ANODE-p1,1,191,1.0,158.0
ANODE-p1,1,192,1.0,156.0
ANODE-p1,1,193,1.0,155.2
ANODE-p1,1,194,1.0,156.4
ANODE-p1,1,195,1.0,155.2
ANODE-p1,1,196,1.0,155.2
ANODE-p1,1,197,1.0,155.6
ANODE-p1,1,198,1.0,157.2
ANODE-p1,1,199,1.0,156.0
ANODE-p1,1,200,1.0,157.2
ANODE-p1,1,201,1.0,157.6
ANODE-p1,1,202,1.0,156.8
ANODE-p1,1,203,1.0,155.2
ANODE-p1,1,204,1.0,156.8
ANODE-p1,1,205,1.0,155.6
ANODE-p1,1,206,1.0,153.2
ANODE-p1,1,207,1.0,155.6
ANODE-p1,1,208,1.0,157.6
ANODE-p1,1,209,1.0,155.6
ANODE-p1,1,210,1.0,154.8
ANODE-p1,1,211,1.0,156.0
ANODE-p1,1,212,1.0,154.4
ANODE-p1,1,213,1.0,155.6
ANODE-p1,1,214,1.0,155.2
ANODE-p1,1,215,1.0,155.2
ANODE-p1,1,216,1.0,153.2
ANODE-p1,1,217,1.0,157.2
ANODE-p1,1,218,1.0,155.2
ANODE-p1,1,219,1.0,156.0
ANODE-p1,1,220,1.0,154.4
ANODE-p1,1,221,1.0,155.2
ANODE-p1,1,222,1.0,154.0
ANODE-p1,1,223,1.0,155.2
ANODE-p1,1,224,1.0,155.6
ANODE-p1,1,225,1.0,154.4
ANODE-p1,1,226,1.0,155.2
ANODE-p1,1,227,1.0,156.4
ANODE-p1,1,228,1.0,154.0
ANODE-p1,1,229,1.0,156.4
ANODE-p1,1,230,1.0,156.4
ANODE-p1,1,231,1.0,155.6
ANODE-p1,1,232,1.0,155.2
ANODE-p1,1,233,1.0,156.4
ANODE-p1,1,234,1.0,156.0
ANODE-p1,1,235,1.0,159.6
ANODE-p1,1,236,1.0,156.0
ANODE-p1,1,237,1.0,154.4
ANODE-p1,1,238,1.0,155.6
ANODE-p1,1,239,1.0,154.0
ANODE-p1,1,240,1.0,156.0
ANODE-p1,1,241,1.0,154.8
ANODE-p1,1,242,1.0,156.0
ANODE-p1,1,243,1.0,154.8
ANODE-p1,1,244,1.0,155.2
ANODE-p1,1,245,1.0,156.0
ANODE-p1,1,246,1.0,156.0
ANODE-p1,1,247,1.0,153.6
ANODE-p1,1,248,1.0,156.4
ANODE-p1,1,249,1.0,160.4
ANODE-p1,1,250,1.0,156.0
ANODE-p1,1,251,1.0,157.6
ANODE-p1,1,252,1.0,156.0
ANODE-p1,1,253,1.0,155.6
ANODE-p1,1,254,1.0,156.4
ANODE-p1,1,255,1.0,159.6
ANODE-p1,1,256,1.0,156.4
ANODE-p1,1,257,1.0,155.2
ANODE-p1,1,258,1.0,155.6
ANODE-p1,1,259,1.0,156.8
ANODE-p1,1,260,1.0,156.0
ANODE-p1,1,261,1.0,156.4
ANODE-p1,1,262,1.0,158.4
ANODE-p1,1,263,1.0,155.2
ANODE-p1,1,264,1.0,156.4
ANODE-p1,1,265,1.0,154.0
ANODE-p1,1,266,1.0,154.4
ANODE-p1,1,267,1.0,154.4
ANODE-p1,1,268,1.0,156.0
ANODE-p1,1,269,1.0,155.6
ANODE-p1,1,270,1.0,156.4
ANODE-p1,1,271,1.0,154.4
ANODE-p1,1,272,1.0,156.0
ANODE-p1,1,273,1.0,156.4
ANODE-p1,1,274,1.0,157.2
ANODE-p1,1,275,1.0,159.2
ANODE-p1,1,276,1.0,156.8
ANODE-p1,1,277,1.0,157.6
ANODE-p1,1,278,1.0,154.0
ANODE-p1,1,279,1.0,154.8
ANODE-p1,1,280,1.0,157.2
ANODE-p1,1,281,1.0,158.0
ANODE-p1,1,282,1.0,155.6
ANODE-p1,1,283,1.0,158.0
ANODE-p1,1,284,1.0,157.2
ANODE-p1,1,285,1.0,156.8
ANODE-p1,1,286,1.0,156.8
ANODE-p1,1,287,1.0,161.6
ANODE-p1,1,288,1.0,157.6
ANODE-p1,1,289,1.0,156.0
ANODE-p1,1,290,1.0,155.6
ANODE-p1,1,291,1.0,156.4
ANODE-p1,1,292,1.0,157.6
ANODE-p1,1,293,1.0,157.2
ANODE-p1,1,294,1.0,156.0
ANODE-p1,1,295,1.0,156.0
ANODE-p1,1,296,1.0,157.2
ANODE-p1,1,297,1.0,156.8
ANODE-p1,1,298,1.0,155.2
ANODE-p1,1,299,1.0,157.6
ANODE-p1,1,300,1.0,155.6
ANODE-p1,1,301,1.0,156.8
ANODE-p1,1,302,1.0,156.8
ANODE-p1,1,303,1.0,156.4
ANODE-p1,1,304,1.0,158.8
ANODE-p1,1,305,1.0,156.8
ANODE-p1,1,306,1.0,156.0
ANODE-p1,1,307,1.0,156.0
ANODE-p1,1,308,1.0,157.2
ANODE-p1,1,309,1.0,159.2
ANODE-p1,1,310,1.0,155.6
ANODE-p1,1,311,1.0,157.2
ANODE-p1,1,312,1.0,155.6
ANODE-p1,1,313,1.0,156.0
ANODE-p1,1,314,1.0,159.6
ANODE-p1,1,315,1.0,158.0
ANODE-p1,1,316,1.0,155.6
ANODE-p1,1,317,1.0,156.4
ANODE-p1,1,318,1.0,158.0
ANODE-p1,1,319,1.0,156.8
ANODE-p1,1,320,1.0,156.8
ANODE-p1,1,321,1.0,156.4
ANODE-p1,1,322,1.0,157.2
ANODE-p1,1,323,1.0,156.4
ANODE-p1,1,324,1.0,158.4
ANODE-p1,1,325,1.0,158.0
ANODE-p1,1,326,1.0,157.6
ANODE-p1,1,327,1.0,156.0
ANODE-p1,1,328,1.0,156.8
ANODE-p1,1,329,1.0,155.6
ANODE-p1,1,330,1.0,156.0
ANODE-p1,1,331,1.0,156.4
ANODE-p1,1,332,1.0,156.0
ANODE-p1,1,333,1.0,156.8
ANODE-p1,1,334,1.0,157.2
ANODE-p1,1,335,1.0,156.0
ANODE-p1,1,336,1.0,159.6
ANODE-p1,1,337,1.0,156.4
ANODE-p1,1,338,1.0,155.6
ANODE-p1,1,339,1.0,158.8
ANODE-p1,1,340,1.0,158.8
ANODE-p1,1,341,1.0,156.0
ANODE-p1,1,342,1.0,157.2
ANODE-p1,1,343,1.0,158.0
ANODE-p1,1,344,1.0,156.0
ANODE-p1,1,345,1.0,158.4
ANODE-p1,1,346,1.0,160.0
ANODE-p1,1,347,1.0,158.4
ANODE-p1,1,348,1.0,157.6
ANODE-p1,1,349,1.0,157.2
ANODE-p1,1,350,1.0,158.8
ANODE-p1,1,351,1.0,159.2
ANODE-p1,1,352,1.0,157.6
ANODE-p1,1,353,1.0,155.2
ANODE-p1,1,354,1.0,159.2
ANODE-p1,1,355,1.0,157.2
ANODE-p1,1,356,1.0,158.8
ANODE-p1,1,357,1.0,156.8
ANODE-p1,1,358,1.0,158.8
ANODE-p1,1,359,1.0,157.6
ANODE-p1,1,360,1.0,156.4
ANODE-p1,1,361,1.0,159.2
ANODE-p1,1,362,1.0,158.0
ANODE-p1,1,363,1.0,157.2
ANODE-p1,1,364,1.0,156.8
ANODE-p1,1,365,1.0,157.2
ANODE-p1,1,366,1.0,156.4
ANODE-p1,1,367,1.0,157.6
ANODE-p1,1,368,1.0,158.0
ANODE-p1,1,369,1.0,156.8
ANODE-p1,1,370,1.0,158.0
ANODE-p1,1,371,1.0,156.4
ANODE-p1,1,372,1.0,158.0
ANODE-p1,1,373,1.0,155.2
ANODE-p1,1,374,1.0,157.6
ANODE-p1,1,375,1.0,156.0
ANODE-p1,1,376,1.0,157.2
ANODE-p1,1,377,1.0,157.6
ANODE-p1,1,378,1.0,156.8
ANODE-p1,1,379,1.0,156.4
ANODE-p1,1,380,1.0,157.2
ANODE-p1,1,381,1.0,156.4
ANODE-p1,1,382,1.0,156.8
ANODE-p1,1,383,1.0,158.0
ANODE-p1,1,384,1.0,156.0
ANODE-p1,1,385,1.0,158.4
ANODE-p1,1,386,1.0,156.0
ANODE-p1,1,387,1.0,158.0
ANODE-p1,1,388,1.0,155.2
ANODE-p1,1,389,1.0,158.8
ANODE-p1,1,390,1.0,155.2
ANODE-p1,1,391,1.0,158.0
ANODE-p1,1,392,1.0,158.0
ANODE-p1,1,393,1.0,160.0
ANODE-p1,1,394,1.0,155.6
ANODE-p1,1,395,1.0,158.0
ANODE-p1,1,396,1.0,159.2
ANODE-p1,1,397,1.0,158.8
ANODE-p1,1,398,1.0,158.0
ANODE-p1,1,399,1.0,157.2
ANODE-p1,1,400,1.0,156.4
ANODE-p1,1,401,1.0,159.6
ANODE-p1,1,402,1.0,158.0
ANODE-p1,1,403,1.0,157.6
ANODE-p1,1,404,1.0,161.2
ANODE-p1,1,405,1.0,155.6
ANODE-p1,1,406,1.0,157.2
ANODE-p1,1,407,1.0,156.4
ANODE-p1,1,408,1.0,160.0
ANODE-p1,1,409,1.0,156.4
ANODE-p1,1,410,1.0,158.0
ANODE-p1,1,411,1.0,156.4
ANODE-p1,1,412,1.0,160.0
ANODE-p1,1,413,1.0,159.2
ANODE-p1,1,414,1.0,157.2
ANODE-p1,1,415,1.0,160.4
ANODE-p1,1,416,1.0,158.0
ANODE-p1,1,417,1.0,160.4
ANODE-p1,1,418,1.0,160.0
ANODE-p1,1,419,1.0,160.4
ANODE-p1,1,420,1.0,160.0
ANODE-p1,1,421,1.0,159.2
ANODE-p1,1,422,1.0,159.6
ANODE-p1,1,423,1.0,157.6
ANODE-p1,1,424,1.0,158.0
ANODE-p1,1,425,1.0,156.0
ANODE-p1,1,426,1.0,159.2
ANODE-p1,1,427,1.0,160.0
ANODE-p1,1,428,1.0,156.0
ANODE-p1,1,429,1.0,158.4
ANODE-p1,1,430,1.0,158.8
ANODE-p1,1,431,1.0,158.0
ANODE-p1,1,432,1.0,157.2
ANODE-p1,1,433,1.0,156.0
ANODE-p1,1,434,1.0,156.8
ANODE-p1,1,435,1.0,158.8
ANODE-p1,1,436,1.0,160.4
ANODE-p1,1,437,1.0,158.0
ANODE-p1,1,438,1.0,154.8
ANODE-p1,1,439,1.0,157.6
ANODE-p1,1,440,1.0,158.0
ANODE-p1,1,441,1.0,158.8
ANODE-p1,1,442,1.0,158.0
ANODE-p1,1,443,1.0,158.4
ANODE-p1,1,444,1.0,158.4
ANODE-p1,1,445,1.0,158.0
ANODE-p1,1,446,1.0,156.8
ANODE-p1,1,447,1.0,159.6
ANODE-p1,1,448,1.0,158.4
ANODE-p1,1,449,1.0,158.8
ANODE-p1,1,450,1.0,160.0
ANODE-p1,1,451,1.0,158.4
ANODE-p1,1,452,1.0,160.0
ANODE-p1,1,453,1.0,158.8
ANODE-p1,1,454,1.0,156.4
ANODE-p1,1,455,1.0,160.0
ANODE-p1,1,456,1.0,156.4
ANODE-p1,1,457,1.0,159.6
ANODE-p1,1,458,1.0,158.0
ANODE-p1,1,459,1.0,157.2
ANODE-p1,1,460,1.0,159.2
ANODE-p1,1,461,1.0,161.2
ANODE-p1,1,462,1.0,158.4
ANODE-p1,1,463,1.0,159.2
ANODE-p1,1,464,1.0,158.0
ANODE-p1,1,465,1.0,160.0
ANODE-p1,1,466,1.0,158.4
ANODE-p1,1,467,1.0,159.2
ANODE-p1,1,468,1.0,160.0
ANODE-p1,1,469,1.0,156.0
ANODE-p1,1,470,1.0,160.0
ANODE-p1,1,471,1.0,163.2
ANODE-p1,1,472,1.0,158.8
ANODE-p1,1,473,1.0,158.4
ANODE-p1,1,474,1.0,158.8
ANODE-p1,1,475,1.0,158.0
ANODE-p1,1,476,1.0,160.0
ANODE-p1,1,477,1.0,158.4
ANODE-p1,1,478,1.0,158.4
ANODE-p1,1,479,1.0,157.2
ANODE-p1,1,480,1.0,159.6
ANODE-p1,1,481,1.0,160.0
ANODE-p1,1,482,1.0,157.6
ANODE-p1,1,483,1.0,157.2
ANODE-p1,1,484,1.0,160.4
ANODE-p1,1,485,1.0,159.6
ANODE-p1,1,486,1.0,157.6
ANODE-p1,1,487,1.0,157.2
ANODE-p1,1,488,1.0,158.8
ANODE-p1,1,489,1.0,159.2
ANODE-p1,1,490,1.0,157.6
ANODE-p1,1,491,1.0,161.6
ANODE-p1,1,492,1.0,160.0
ANODE-p1,1,493,1.0,160.0
ANODE-p1,1,494,1.0,160.0
ANODE-p1,1,495,1.0,160.0
ANODE-p1,1,496,1.0,158.8
ANODE-p1,1,497,1.0,156.0
ANODE-p1,1,498,1.0,157.2
ANODE-p1,1,499,1.0,158.4
ANODE-p1,1,500,1.0,161.6
ANODE-p1,1,501,1.0,159.2
ANODE-p1,1,502,1.0,157.6
ANODE-p1,1,503,1.0,158.0
ANODE-p1,1,504,1.0,158.8
ANODE-p1,1,505,1.0,159.2
ANODE-p1,1,506,1.0,156.8
ANODE-p1,1,507,1.0,160.0
ANODE-p1,1,508,1.0,160.4
ANODE-p1,1,509,1.0,160.4
ANODE-p1,1,510,1.0,158.0
ANODE-p1,1,511,1.0,158.4
ANODE-p1,1,512,1.0,159.6
ANODE-p1,1,513,1.0,159.2
ANODE-p1,1,514,1.0,158.4
ANODE-p1,1,515,1.0,158.8
ANODE-p1,1,516,1.0,159.6
ANODE-p1,1,517,1.0,160.4
ANODE-p1,1,518,1.0,160.0
ANODE-p1,1,519,1.0,158.4
ANODE-p1,1,520,1.0,160.0
ANODE-p1,1,521,1.0,159.2
ANODE-p1,1,522,1.0,160.4
ANODE-p1,1,523,1.0,158.0
ANODE-p1,1,524,1.0,157.2
ANODE-p1,1,525,1.0,160.4
ANODE-p1,1,526,1.0,158.8
ANODE-p1,1,527,1.0,158.4
ANODE-p1,1,528,1.0,158.8
ANODE-p1,1,529,1.0,158.4
ANODE-p1,1,530,1.0,160.8
ANODE-p1,1,531,1.0,156.8
ANODE-p1,1,532,1.0,158.8
ANODE-p1,1,533,1.0,158.8
ANODE-p1,1,534,1.0,160.8
ANODE-p1,1,535,1.0,160.4
ANODE-p1,1,536,1.0,158.4
ANODE-p1,1,537,1.0,160.0
ANODE-p1,1,538,1.0,159.2
ANODE-p1,1,539,1.0,159.6
ANODE-p1,1,540,1.0,158.8
ANODE-p1,1,541,1.0,158.0
ANODE-p1,1,542,1.0,159.6
ANODE-p1,1,543,1.0,159.6
ANODE-p1,1,544,1.0,161.2
ANODE-p1,1,545,1.0,159.2
ANODE-p1,1,546,1.0,158.4
ANODE-p1,1,547,1.0,154.8
ANODE-p1,1,548,1.0,161.2
ANODE-p1,1,549,1.0,160.4
ANODE-p1,1,550,1.0,159.6
ANODE-p1,1,551,1.0,157.2
ANODE-p1,1,552,1.0,158.4
ANODE-p1,1,553,1.0,159.2
ANODE-p1,1,554,1.0,160.4
ANODE-p1,1,555,1.0,159.2
ANODE-p1,1,556,1.0,159.6
ANODE-p1,1,557,1.0,160.4
ANODE-p1,1,558,1.0,163.6
ANODE-p1,1,559,1.0,159.6
ANODE-p1,1,560,1.0,161.2
ANODE-p1,1,561,1.0,158.0
ANODE-p1,1,562,1.0,159.6
ANODE-p1,1,563,1.0,159.2
ANODE-p1,1,564,1.0,158.4
ANODE-p1,1,565,1.0,158.4
ANODE-p1,1,566,1.0,159.6
ANODE-p1,1,567,1.0,157.2
ANODE-p1,1,568,1.0,157.6
ANODE-p1,1,569,1.0,160.0
ANODE-p1,1,570,1.0,158.8
ANODE-p1,1,571,1.0,159.6
ANODE-p1,1,572,1.0,158.8
ANODE-p1,1,573,1.0,159.6
ANODE-p1,1,574,1.0,159.6
ANODE-p1,1,575,1.0,159.6
ANODE-p1,1,576,1.0,160.8
ANODE-p1,1,577,1.0,159.6
ANODE-p1,1,578,1.0,160.0
ANODE-p1,1,579,1.0,160.0
ANODE-p1,1,580,1.0,159.6
ANODE-p1,1,581,1.0,159.6
ANODE-p1,1,582,1.0,158.8
ANODE-p1,1,583,1.0,159.2
ANODE-p1,1,584,1.0,159.6
ANODE-p1,1,585,1.0,158.0
ANODE-p1,1,586,1.0,161.2
ANODE-p1,1,587,1.0,158.8
ANODE-p1,1,588,1.0,158.8
ANODE-p1,1,589,1.0,160.8
ANODE-p1,1,590,1.0,161.2
ANODE-p1,1,591,1.0,159.6
ANODE-p1,1,592,1.0,162.4
ANODE-p1,1,593,1.0,162.0
ANODE-p1,1,594,1.0,159.6
ANODE-p1,1,595,1.0,159.2
ANODE-p1,1,596,1.0,159.2
ANODE-p1,1,597,1.0,159.2
ANODE-p1,1,598,1.0,158.8
ANODE-p1,1,599,1.0,160.4
ANODE-p1,1,600,1.0,160.4
ANODE-p1,1,601,1.0,160.4
ANODE-p1,1,602,1.0,159.2
ANODE-p1,1,603,1.0,159.6
ANODE-p1,1,604,1.0,160.4
ANODE-p1,1,605,1.0,159.6
ANODE-p1,1,606,1.0,160.4
ANODE-p1,1,607,1.0,162.8
ANODE-p1,1,608,1.0,161.2
ANODE-p1,1,609,1.0,160.4
ANODE-p1,1,610,1.0,158.0
ANODE-p1,1,611,1.0,162.0
ANODE-p1,1,612,1.0,161.6
ANODE-p1,1,613,1.0,159.2
ANODE-p1,1,614,1.0,160.0
ANODE-p1,1,615,1.0,162.4
ANODE-p1,1,616,1.0,158.0
ANODE-p1,1,617,1.0,161.2
ANODE-p1,1,618,1.0,161.2
ANODE-p1,1,619,1.0,160.8
ANODE-p1,1,620,1.0,160.0
ANODE-p1,1,621,1.0,159.2
ANODE-p1,1,622,1.0,163.2
ANODE-p1,1,623,1.0,160.4
ANODE-p1,1,624,1.0,162.8
ANODE-p1,1,625,1.0,159.6
ANODE-p1,1,626,1.0,162.4
ANODE-p1,1,627,1.0,162.0
ANODE-p1,1,628,1.0,160.0
ANODE-p1,1,629,1.0,161.2
ANODE-p1,1,630,1.0,160.0
ANODE-p1,1,631,1.0,158.0
ANODE-p1,1,632,1.0,161.6
ANODE-p1,1,633,1.0,158.8
ANODE-p1,1,634,1.0,163.6
ANODE-p1,1,635,1.0,160.0
ANODE-p1,1,636,1.0,159.2
ANODE-p1,1,637,1.0,162.8
ANODE-p1,1,638,1.0,164.0
ANODE-p1,1,639,1.0,163.2
ANODE-p1,1,640,1.0,160.4
ANODE-p1,1,641,1.0,163.2
ANODE-p1,1,642,1.0,162.0
ANODE-p1,1,643,1.0,158.8
ANODE-p1,1,644,1.0,161.6
ANODE-p1,1,645,1.0,160.0
ANODE-p1,1,646,1.0,162.8
ANODE-p1,1,647,1.0,159.2
ANODE-p1,1,648,1.0,161.6
ANODE-p1,1,649,1.0,159.6
ANODE-p1,1,650,1.0,160.8
ANODE-p1,1,651,1.0,162.4
ANODE-p1,1,652,1.0,163.2
ANODE-p1,1,653,1.0,158.8
ANODE-p1,1,654,1.0,161.2
ANODE-p1,1,655,1.0,160.4
ANODE-p1,1,656,1.0,162.0
ANODE-p1,1,657,1.0,159.2
ANODE-p1,1,658,1.0,158.8
ANODE-p1,1,659,1.0,162.8
ANODE-p1,1,660,1.0,162.8
ANODE-p1,1,661,1.0,161.2
ANODE-p1,1,662,1.0,159.2
ANODE-p1,1,663,1.0,161.2
ANODE-p1,1,664,1.0,162.0
ANODE-p1,1,665,1.0,162.0
ANODE-p1,1,666,1.0,162.8
ANODE-p1,1,667,1.0,162.4
ANODE-p1,1,668,1.0,162.0
ANODE-p1,1,669,1.0,161.6
ANODE-p1,1,670,1.0,160.4
ANODE-p1,1,671,1.0,160.0
ANODE-p1,1,672,1.0,159.2
ANODE-p1,1,673,1.0,164.4
ANODE-p1,1,674,1.0,163.6
ANODE-p1,1,675,1.0,162.0
ANODE-p1,1,676,1.0,162.8
ANODE-p1,1,677,1.0,162.0
ANODE-p1,1,678,1.0,159.6
ANODE-p1,1,679,1.0,162.8
ANODE-p1,1,680,1.0,161.2
ANODE-p1,1,681,1.0,160.4
ANODE-p1,1,682,1.0,159.6
ANODE-p1,1,683,1.0,160.4
ANODE-p1,1,684,1.0,162.0
ANODE-p1,1,685,1.0,162.4
ANODE-p1,1,686,1.0,163.6
ANODE-p1,1,687,1.0,162.4
ANODE-p1,1,688,1.0,160.4
ANODE-p1,1,689,1.0,162.0
ANODE-p1,1,690,1.0,162.0
ANODE-p1,1,691,1.0,161.2
ANODE-p1,1,692,1.0,161.6
ANODE-p1,1,693,1.0,163.2
ANODE-p1,1,694,1.0,165.2
ANODE-p1,1,695,1.0,163.6
ANODE-p1,1,696,1.0,160.8
ANODE-p1,1,697,1.0,160.8
ANODE-p1,1,698,1.0,162.0
ANODE-p1,1,699,1.0,159.6
ANODE-p1,1,700,1.0,161.6
ANODE-p1,1,701,1.0,163.2
ANODE-p1,1,702,1.0,161.2
ANODE-p1,1,703,1.0,162.0
ANODE-p1,1,704,1.0,162.0
ANODE-p1,1,705,1.0,158.8
ANODE-p1,1,706,1.0,161.2
ANODE-p1,1,707,1.0,162.4
ANODE-p1,1,708,1.0,161.6
ANODE-p1,1,709,1.0,161.2
ANODE-p1,1,710,1.0,162.4
ANODE-p1,1,711,1.0,160.8
ANODE-p1,1,712,1.0,160.8
ANODE-p1,1,713,1.0,161.6
ANODE-p1,1,714,1.0,164.0
ANODE-p1,1,715,1.0,162.8
ANODE-p1,1,716,1.0,162.0
ANODE-p1,1,717,1.0,161.6
ANODE-p1,1,718,1.0,165.2
ANODE-p1,1,719,1.0,159.6
ANODE-p1,1,720,1.0,161.6
ANODE-p1,1,721,1.0,162.8
ANODE-p1,1,722,1.0,162.4
ANODE-p1,1,723,1.0,162.8
ANODE-p1,1,724,1.0,164.4
ANODE-p1,1,725,1.0,163.2
ANODE-p1,1,726,1.0,163.6
ANODE-p1,1,727,1.0,163.2
ANODE-p1,1,728,1.0,164.8
ANODE-p1,1,729,1.0,162.0
ANODE-p1,1,730,1.0,160.4
ANODE-p1,1,731,1.0,162.8
ANODE-p1,1,732,1.0,165.2
ANODE-p1,1,733,1.0,162.4
ANODE-p1,1,734,1.0,162.0
ANODE-p1,1,735,1.0,162.8
ANODE-p1,1,736,1.0,162.4
ANODE-p1,1,737,1.0,164.4
ANODE-p1,1,738,1.0,162.8
ANODE-p1,1,739,1.0,163.6
ANODE-p1,1,740,1.0,163.2
ANODE-p1,1,741,1.0,164.0
ANODE-p1,1,742,1.0,160.0
ANODE-p1,1,743,1.0,164.0
ANODE-p1,1,744,1.0,160.8
ANODE-p1,1,745,1.0,159.6
ANODE-p1,1,746,1.0,164.4
ANODE-p1,1,747,1.0,165.2
ANODE-p1,1,748,1.0,161.2
ANODE-p1,1,749,1.0,162.4
ANODE-p1,1,750,1.0,162.4
ANODE-p1,1,751,1.0,163.2
ANODE-p1,1,752,1.0,159.6
ANODE-p1,1,753,1.0,165.2
ANODE-p1,1,754,1.0,163.2
ANODE-p1,1,755,1.0,163.2
ANODE-p1,1,756,1.0,162.4
ANODE-p1,1,757,1.0,163.6
ANODE-p1,1,758,1.0,162.0
ANODE-p1,1,759,1.0,163.2
ANODE-p1,1,760,1.0,162.4
ANODE-p1,1,761,1.0,162.4
ANODE-p1,1,762,1.0,166.0
ANODE-p1,1,763,1.0,161.2
ANODE-p1,1,764,1.0,161.6
ANODE-p1,1,765,1.0,165.2
ANODE-p1,1,766,1.0,164.4
ANODE-p1,1,767,1.0,163.2
ANODE-p1,1,768,1.0,162.0
ANODE-p1,1,769,1.0,163.6
ANODE-p1,1,770,1.0,159.2
ANODE-p1,1,771,1.0,162.0
ANODE-p1,1,772,1.0,162.4
ANODE-p1,1,773,1.0,163.6
ANODE-p1,1,774,1.0,165.2
ANODE-p1,1,775,1.0,164.8
ANODE-p1,1,776,1.0,161.6
ANODE-p1,1,777,1.0,163.6
ANODE-p1,1,778,1.0,164.0
ANODE-p1,1,779,1.0,163.2
ANODE-p1,1,780,1.0,161.6
ANODE-p1,1,781,1.0,164.4
ANODE-p1,1,782,1.0,162.0
ANODE-p1,1,783,1.0,162.0
ANODE-p1,1,784,1.0,161.6
ANODE-p1,1,785,1.0,162.8
ANODE-p1,1,786,1.0,161.2
ANODE-p1,1,787,1.0,160.8
ANODE-p1,1,788,1.0,164.4
ANODE-p1,1,789,1.0,164.4
ANODE-p1,1,790,1.0,165.6
ANODE-p1,1,791,1.0,162.8
ANODE-p1,1,792,1.0,164.0
ANODE-p1,1,793,1.0,163.2
ANODE-p1,1,794,1.0,162.8
ANODE-p1,1,795,1.0,162.0
ANODE-p1,1,796,1.0,160.0
ANODE-p1,1,797,1.0,163.2
ANODE-p1,1,798,1.0,164.0
ANODE-p1,1,799,1.0,164.0
ANODE-p1,1,800,1.0,162.4
ANODE-p1,1,801,1.0,164.0
ANODE-p1,1,802,1.0,163.2
ANODE-p1,1,803,1.0,162.8
ANODE-p1,1,804,1.0,161.6
ANODE-p1,1,805,1.0,162.4
ANODE-p1,1,806,1.0,163.2
ANODE-p1,1,807,1.0,162.4
ANODE-p1,1,808,1.0,165.2
ANODE-p1,1,809,1.0,162.8
ANODE-p1,1,810,1.0,163.6
ANODE-p1,1,811,1.0,163.6
ANODE-p1,1,812,1.0,162.8
ANODE-p1,1,813,1.0,163.6
ANODE-p1,1,814,1.0,161.2
ANODE-p1,1,815,1.0,162.8
ANODE-p1,1,816,1.0,162.8
ANODE-p1,1,817,1.0,165.6
ANODE-p1,1,818,1.0,164.0
ANODE-p1,1,819,1.0,163.2
ANODE-p1,1,820,1.0,162.4
ANODE-p1,1,821,1.0,165.6
ANODE-p1,1,822,1.0,162.0
ANODE-p1,1,823,1.0,160.0
ANODE-p1,1,824,1.0,162.8
ANODE-p1,1,825,1.0,163.6
ANODE-p1,1,826,1.0,162.8
ANODE-p1,1,827,1.0,163.2
ANODE-p1,1,828,1.0,162.4
ANODE-p1,1,829,1.0,162.0
ANODE-p1,1,830,1.0,162.8
ANODE-p1,1,831,1.0,163.6
ANODE-p1,1,832,1.0,162.0
ANODE-p1,1,833,1.0,162.8
ANODE-p1,1,834,1.0,162.4
ANODE-p1,1,835,1.0,162.0
ANODE-p1,1,836,1.0,163.2
ANODE-p1,1,837,1.0,164.8
ANODE-p1,1,838,1.0,163.6
ANODE-p1,1,839,1.0,164.8
ANODE-p1,1,840,1.0,161.6
ANODE-p1,1,841,1.0,164.4
ANODE-p1,1,842,1.0,160.8
ANODE-p1,1,843,1.0,166.0
ANODE-p1,1,844,1.0,162.8
ANODE-p1,1,845,1.0,161.2
ANODE-p1,1,846,1.0,162.0
ANODE-p1,1,847,1.0,161.6
ANODE-p1,1,848,1.0,162.8
ANODE-p1,1,849,1.0,163.2
ANODE-p1,1,850,1.0,161.6
ANODE-p1,1,851,1.0,162.8
ANODE-p1,1,852,1.0,164.4
ANODE-p1,1,853,1.0,162.0
ANODE-p1,1,854,1.0,162.8
ANODE-p1,1,855,1.0,160.8
ANODE-p1,1,856,1.0,161.6
ANODE-p1,1,857,1.0,160.4
ANODE-p1,1,858,1.0,164.0
ANODE-p1,1,859,1.0,164.0
ANODE-p1,1,860,1.0,166.0
ANODE-p1,1,861,1.0,166.4
ANODE-p1,1,862,1.0,161.6
ANODE-p1,1,863,1.0,163.2
ANODE-p1,1,864,1.0,162.0
ANODE-p1,1,865,1.0,160.0
ANODE-p1,1,866,1.0,161.2
ANODE-p1,1,867,1.0,162.8
ANODE-p1,1,868,1.0,162.4
ANODE-p1,1,869,1.0,162.0
ANODE-p1,1,870,1.0,164.8
ANODE-p1,1,871,1.0,163.6
ANODE-p1,1,872,1.0,162.8
ANODE-p1,1,873,1.0,161.6
ANODE-p1,1,874,1.0,162.4
ANODE-p1,1,875,1.0,159.2
ANODE-p1,1,876,1.0,162.0
ANODE-p1,1,877,1.0,163.6
ANODE-p1,1,878,1.0,162.0
ANODE-p1,1,879,1.0,161.2
ANODE-p1,1,880,1.0,162.0
ANODE-p1,1,881,1.0,164.0
ANODE-p1,1,882,1.0,162.4
ANODE-p1,1,883,1.0,160.8
ANODE-p1,1,884,1.0,163.6
ANODE-p1,1,885,1.0,160.8
ANODE-p1,1,886,1.0,162.8
ANODE-p1,1,887,1.0,163.2
ANODE-p1,1,888,1.0,164.0
ANODE-p1,1,889,1.0,162.0
ANODE-p1,1,890,1.0,162.8
ANODE-p1,1,891,1.0,160.8
ANODE-p1,1,892,1.0,161.2
ANODE-p1,1,893,1.0,164.0
ANODE-p1,1,894,1.0,159.6
ANODE-p1,1,895,1.0,162.0
ANODE-p1,1,896,1.0,161.6
ANODE-p1,1,897,1.0,162.8
ANODE-p1,1,898,1.0,164.8
ANODE-p1,1,899,1.0,163.2
ANODE-p1,1,900,1.0,159.6
ANODE-p1,1,901,1.0,161.6
ANODE-p1,1,902,1.0,160.8
ANODE-p1,1,903,1.0,160.4
ANODE-p1,1,904,1.0,161.2
ANODE-p1,1,905,1.0,158.0
ANODE-p1,1,906,1.0,160.8
ANODE-p1,1,907,1.0,162.0
ANODE-p1,1,908,1.0,159.6
ANODE-p1,1,909,1.0,162.8
ANODE-p1,1,910,1.0,162.8
ANODE-p1,1,911,1.0,161.2
ANODE-p1,1,912,1.0,162.0
ANODE-p1,1,913,1.0,161.2
ANODE-p1,1,914,1.0,164.0
ANODE-p1,1,915,1.0,161.2
ANODE-p1,1,916,1.0,163.2
ANODE-p1,1,917,1.0,158.8
ANODE-p1,1,918,1.0,160.8
ANODE-p1,1,919,1.0,162.0
ANODE-p1,1,920,1.0,162.0
ANODE-p1,1,921,1.0,161.2
ANODE-p1,1,922,1.0,161.6
ANODE-p1,1,923,1.0,161.6
ANODE-p1,1,924,1.0,159.6
ANODE-p1,1,925,1.0,160.8
ANODE-p1,1,926,1.0,160.8
ANODE-p1,1,927,1.0,163.2
ANODE-p1,1,928,1.0,162.0
ANODE-p1,1,929,1.0,160.0
ANODE-p1,1,930,1.0,160.8
ANODE-p1,1,931,1.0,162.8
ANODE-p1,1,932,1.0,161.6
ANODE-p1,1,933,1.0,160.8
ANODE-p1,1,934,1.0,160.8
ANODE-p1,1,935,1.0,163.6
ANODE-p1,1,936,1.0,160.0
ANODE-p1,1,937,1.0,162.0
ANODE-p1,1,938,1.0,161.6
ANODE-p1,1,939,1.0,161.2
ANODE-p1,1,940,1.0,159.2
ANODE-p1,1,941,1.0,160.8
ANODE-p1,1,942,1.0,162.8
ANODE-p1,1,943,1.0,162.0
ANODE-p1,1,944,1.0,159.2
ANODE-p1,1,945,1.0,160.4
ANODE-p1,1,946,1.0,160.8
ANODE-p1,1,947,1.0,163.6
ANODE-p1,1,948,1.0,162.8
ANODE-p1,1,949,1.0,159.6
ANODE-p1,1,950,1.0,162.4
ANODE-p1,1,951,1.0,161.2
ANODE-p1,1,952,1.0,160.4
ANODE-p1,1,953,1.0,161.6
ANODE-p1,1,954,1.0,161.2
ANODE-p1,1,955,1.0,160.8
ANODE-p1,1,956,1.0,161.6
ANODE-p1,1,957,1.0,162.8
ANODE-p1,1,958,1.0,161.2
ANODE-p1,1,959,1.0,161.2
ANODE-p1,1,960,1.0,160.0
ANODE-p1,1,961,1.0,161.2
ANODE-p1,1,962,1.0,160.4
ANODE-p1,1,963,1.0,160.4
ANODE-p1,1,964,1.0,163.2
ANODE-p1,1,965,1.0,160.4
ANODE-p1,1,966,1.0,161.2
ANODE-p1,1,967,1.0,162.8
ANODE-p1,1,968,1.0,158.4
ANODE-p1,1,969,1.0,160.8
ANODE-p1,1,970,1.0,163.2
ANODE-p1,1,971,1.0,162.8
ANODE-p1,1,972,1.0,160.0
ANODE-p1,1,973,1.0,161.6
ANODE-p1,1,974,1.0,160.4
ANODE-p1,1,975,1.0,161.2
ANODE-p1,1,976,1.0,160.0
ANODE-p1,1,977,1.0,162.4
ANODE-p1,1,978,1.0,161.2
ANODE-p1,1,979,1.0,160.4
ANODE-p1,1,980,1.0,162.0
ANODE-p1,1,981,1.0,159.6
ANODE-p1,1,982,1.0,160.8
ANODE-p1,1,983,1.0,162.4
ANODE-p1,1,984,1.0,162.0
ANODE-p1,1,985,1.0,162.8
ANODE-p1,1,986,1.0,160.8
ANODE-p1,1,987,1.0,160.0
ANODE-p1,1,988,1.0,159.2
ANODE-p1,1,989,1.0,162.0
ANODE-p1,1,990,1.0,160.8
ANODE-p1,1,991,1.0,158.4
ANODE-p1,1,992,1.0,157.2
ANODE-p1,1,993,1.0,160.8
ANODE-p1,1,994,1.0,162.4
ANODE-p1,1,995,1.0,160.0
ANODE-p1,1,996,1.0,161.2
ANODE-p1,1,997,1.0,161.6
ANODE-p1,1,998,1.0,159.2
ANODE-p1,1,999,1.0,160.4
ANODE-p1,1,1000,1.0,162.0
ANODE-p1,2,1,0.53125,43.2
ANODE-p1,2,2,0.5989583333333334,52.4
ANODE-p1,2,3,0.6729166666666667,54.8
ANODE-p1,2,4,0.6729166666666667,59.6
ANODE-p1,2,5,0.846875,80.4
ANODE-p1,2,6,0.9885416666666667,109.6
ANODE-p1,2,7,1.0,125.6
ANODE-p1,2,8,1.0,136.0
ANODE-p1,2,9,1.0,139.2
ANODE-p1,2,10,1.0,147.6
ANODE-p1,2,11,1.0,154.8
ANODE-p1,2,12,1.0,158.4
ANODE-p1,2,13,1.0,165.6
ANODE-p1,2,14,1.0,169.2
ANODE-p1,2,15,1.0,177.2
ANODE-p1,2,16,1.0,180.0
ANODE-p1,2,17,1.0,178.4
ANODE-p1,2,18,1.0,181.6
ANODE-p1,2,19,0.9989583333333333,181.2
ANODE-p1,2,20,0.9666666666666667,173.6
ANODE-p1,2,21,0.9927083333333333,169.6
ANODE-p1,2,22,0.996875,163.6
ANODE-p1,2,23,1.0,158.0
ANODE-p1,2,24,1.0,155.6
ANODE-p1,2,25,1.0,157.2
ANODE-p1,2,26,1.0,154.8
ANODE-p1,2,27,1.0,155.2
ANODE-p1,2,28,1.0,161.2
ANODE-p1,2,29,1.0,158.8
ANODE-p1,2,30,1.0,160.4
ANODE-p1,2,31,1.0,158.0
ANODE-p1,2,32,1.0,162.0
ANODE-p1,2,33,1.0,161.2
ANODE-p1,2,34,1.0,160.8
ANODE-p1,2,35,1.0,157.6
ANODE-p1,2,36,1.0,160.4
ANODE-p1,2,37,1.0,161.6
ANODE-p1,2,38,1.0,161.2
ANODE-p1,2,39,1.0,156.8
ANODE-p1,2,40,1.0,160.0
ANODE-p1,2,41,1.0,164.0
ANODE-p1,2,42,1.0,161.2
ANODE-p1,2,43,1.0,160.0
ANODE-p1,2,44,1.0,159.2
ANODE-p1,2,45,1.0,160.8
ANODE-p1,2,46,1.0,160.8
ANODE-p1,2,47,1.0,158.8
ANODE-p1,2,48,1.0,162.0
ANODE-p1,2,49,1.0,160.8
ANODE-p1,2,50,1.0,158.8
ANODE-p1,2,51,1.0,158.4
ANODE-p1,2,52,1.0,161.6
ANODE-p1,2,53,1.0,162.4
ANODE-p1,2,54,1.0,160.8
ANODE-p1,2,55,1.0,161.6
ANODE-p1,2,56,1.0,162.8
ANODE-p1,2,57,1.0,161.6
ANODE-p1,2,58,1.0,161.2
ANODE-p1,2,59,1.0,163.6
ANODE-p1,2,60,1.0,165.2
ANODE-p1,2,61,1.0,161.2
ANODE-p1,2,62,1.0,166.8
ANODE-p1,2,63,1.0,163.6
ANODE-p1,2,64,1.0,161.6
ANODE-p1,2,65,1.0,162.4
ANODE-p1,2,66,1.0,161.2
ANODE-p1,2,67,1.0,160.8
ANODE-p1,2,68,1.0,162.8
ANODE-p1,2,69,1.0,162.4
ANODE-p1,2,70,1.0,158.8
ANODE-p1,2,71,1.0,164.4
ANODE-p1,2,72,1.0,162.0
ANODE-p1,2,73,1.0,164.0
ANODE-p1,2,74,1.0,161.2
ANODE-p1,2,75,1.0,165.2
ANODE-p1,2,76,1.0,166.0
ANODE-p1,2,77,1.0,160.8
ANODE-p1,2,78,1.0,164.0
ANODE-p1,2,79,1.0,163.2
ANODE-p1,2,80,1.0,162.8
ANODE-p1,2,81,1.0,162.0
ANODE-p1,2,82,1.0,166.0
ANODE-p1,2,83,1.0,162.8
ANODE-p1,2,84,1.0,162.8
ANODE-p1,2,85,1.0,162.4
ANODE-p1,2,86,1.0,164.4
ANODE-p1,2,87,1.0,164.8
ANODE-p1,2,88,1.0,163.6
ANODE-p1,2,89,1.0,160.8
ANODE-p1,2,90,1.0,163.2
ANODE-p1,2,91,1.0,164.4
ANODE-p1,2,92,1.0,167.6
ANODE-p1,2,93,1.0,165.2
ANODE-p1,2,94,1.0,162.4
ANODE-p1,2,95,1.0,163.6
ANODE-p1,2,96,1.0,161.6
ANODE-p1,2,97,1.0,163.2
ANODE-p1,2,98,1.0,165.2
ANODE-p1,2,99,1.0,163.2
ANODE-p1,2,100,1.0,163.6
ANODE-p1,2,101,1.0,161.6
ANODE-p1,2,102,1.0,162.4
ANODE-p1,2,103,1.0,162.4
ANODE-p1,2,104,1.0,164.4
ANODE-p1,2,105,1.0,162.8
ANODE-p1,2,106,1.0,163.6
ANODE-p1,2,107,1.0,162.0
ANODE-p1,2,108,1.0,162.0
ANODE-p1,2,109,1.0,162.0
ANODE-p1,2,110,1.0,166.0
ANODE-p1,2,111,1.0,167.6
ANODE-p1,2,112,1.0,164.8
ANODE-p1,2,113,1.0,166.4
ANODE-p1,2,114,1.0,161.2
ANODE-p1,2,115,1.0,164.4
ANODE-p1,2,116,1.0,164.8
ANODE-p1,2,117,1.0,168.8
ANODE-p1,2,118,1.0,164.4
ANODE-p1,2,119,1.0,164.4
ANODE-p1,2,120,1.0,164.0
ANODE-p1,2,121,1.0,165.6
ANODE-p1,2,122,1.0,163.2
ANODE-p1,2,123,1.0,165.6
ANODE-p1,2,124,1.0,166.4
ANODE-p1,2,125,1.0,164.8
ANODE-p1,2,126,1.0,164.4
ANODE-p1,2,127,1.0,160.8
ANODE-p1,2,128,1.0,165.6
ANODE-p1,2,129,1.0,164.4
ANODE-p1,2,130,1.0,165.2
ANODE-p1,2,131,1.0,165.6
ANODE-p1,2,132,1.0,163.6
ANODE-p1,2,133,1.0,166.0
ANODE-p1,2,134,1.0,164.4
ANODE-p1,2,135,1.0,163.2
ANODE-p1,2,136,1.0,163.6
ANODE-p1,2,137,1.0,164.0
ANODE-p1,2,138,1.0,162.8
ANODE-p1,2,139,1.0,166.0
ANODE-p1,2,140,1.0,166.0
ANODE-p1,2,141,1.0,163.2
ANODE-p1,2,142,1.0,164.8
ANODE-p1,2,143,1.0,166.0
ANODE-p1,2,144,1.0,164.0
ANODE-p1,2,145,1.0,162.4
ANODE-p1,2,146,1.0,169.6
ANODE-p1,2,147,1.0,162.8
ANODE-p1,2,148,1.0,163.6
ANODE-p1,2,149,1.0,164.4
ANODE-p1,2,150,1.0,163.6
ANODE-p1,2,151,1.0,166.0
ANODE-p1,2,152,1.0,164.8
ANODE-p1,2,153,1.0,166.4
ANODE-p1,2,154,1.0,164.4
ANODE-p1,2,155,1.0,167.2
ANODE-p1,2,156,1.0,164.8
ANODE-p1,2,157,1.0,164.4
ANODE-p1,2,158,1.0,168.0
ANODE-p1,2,159,1.0,167.6
ANODE-p1,2,160,1.0,164.0
ANODE-p1,2,161,1.0,165.2
ANODE-p1,2,162,1.0,165.6
ANODE-p1,2,163,1.0,167.6
ANODE-p1,2,164,1.0,165.6
ANODE-p1,2,165,1.0,166.0
ANODE-p1,2,166,1.0,163.6
ANODE-p1,2,167,1.0,166.4
ANODE-p1,2,168,1.0,166.0
ANODE-p1,2,169,1.0,167.6
ANODE-p1,2,170,1.0,170.0
ANODE-p1,2,171,1.0,166.8
ANODE-p1,2,172,1.0,165.2
ANODE-p1,2,173,1.0,165.6
ANODE-p1,2,174,1.0,165.2
ANODE-p1,2,175,1.0,166.0
ANODE-p1,2,176,1.0,166.0
ANODE-p1,2,177,1.0,167.6
ANODE-p1,2,178,1.0,167.6
ANODE-p1,2,179,1.0,167.6
ANODE-p1,2,180,1.0,166.4
ANODE-p1,2,181,1.0,165.6
ANODE-p1,2,182,1.0,165.2
ANODE-p1,2,183,1.0,165.6
ANODE-p1,2,184,1.0,164.0
ANODE-p1,2,185,1.0,165.2
ANODE-p1,2,186,1.0,167.6
ANODE-p1,2,187,1.0,162.8
ANODE-p1,2,188,1.0,168.0
ANODE-p1,2,189,1.0,164.4
ANODE-p1,2,190,1.0,165.2
ANODE-p1,2,191,1.0,165.2
ANODE-p1,2,192,1.0,166.8
ANODE-p1,2,193,1.0,166.4
ANODE-p1,2,194,1.0,164.4
ANODE-p1,2,195,1.0,167.2
ANODE-p1,2,196,1.0,165.6
ANODE-p1,2,197,1.0,167.2
ANODE-p1,2,198,1.0,164.8
ANODE-p1,2,199,1.0,166.8
ANODE-p1,2,200,1.0,164.4
ANODE-p1,2,201,1.0,165.2
ANODE-p1,2,202,1.0,166.8
ANODE-p1,2,203,1.0,168.0
ANODE-p1,2,204,1.0,168.4
ANODE-p1,2,205,1.0,166.4
ANODE-p1,2,206,1.0,166.0
ANODE-p1,2,207,1.0,167.6
ANODE-p1,2,208,1.0,168.8
ANODE-p1,2,209,1.0,164.0
ANODE-p1,2,210,1.0,164.0
ANODE-p1,2,211,1.0,166.4
ANODE-p1,2,212,1.0,166.8
ANODE-p1,2,213,1.0,168.4
ANODE-p1,2,214,1.0,163.6
ANODE-p1,2,215,1.0,165.6
ANODE-p1,2,216,1.0,166.8
ANODE-p1,2,217,1.0,166.4
ANODE-p1,2,218,1.0,166.4
ANODE-p1,2,219,1.0,164.8
ANODE-p1,2,220,1.0,165.2
ANODE-p1,2,221,1.0,164.4
ANODE-p1,2,222,1.0,165.6
ANODE-p1,2,223,1.0,167.2
ANODE-p1,2,224,1.0,166.8
ANODE-p1,2,225,1.0,169.6
ANODE-p1,2,226,1.0,170.0
ANODE-p1,2,227,1.0,167.6
ANODE-p1,2,228,1.0,165.2
ANODE-p1,2,229,1.0,168.4
ANODE-p1,2,230,1.0,169.6
ANODE-p1,2,231,1.0,165.2
ANODE-p1,2,232,1.0,170.0
ANODE-p1,2,233,1.0,167.2
ANODE-p1,2,234,1.0,165.6
ANODE-p1,2,235,1.0,164.0
ANODE-p1,2,236,1.0,166.0
ANODE-p1,2,237,1.0,165.2
ANODE-p1,2,238,1.0,166.0
ANODE-p1,2,239,1.0,168.0
ANODE-p1,2,240,1.0,166.0
ANODE-p1,2,241,1.0,164.4
ANODE-p1,2,242,1.0,164.8
ANODE-p1,2,243,1.0,169.2
ANODE-p1,2,244,1.0,168.0
ANODE-p1,2,245,1.0,166.8
ANODE-p1,2,246,1.0,168.4
ANODE-p1,2,247,1.0,167.2
ANODE-p1,2,248,1.0,166.0
ANODE-p1,2,249,1.0,165.6
ANODE-p1,2,250,1.0,164.4
ANODE-p1,2,251,1.0,166.0
ANODE-p1,2,252,1.0,167.6
ANODE-p1,2,253,1.0,171.6
ANODE-p1,2,254,1.0,167.2
ANODE-p1,2,255,1.0,169.6
ANODE-p1,2,256,1.0,168.0
ANODE-p1,2,257,1.0,167.6
ANODE-p1,2,258,1.0,167.6
ANODE-p1,2,259,1.0,167.2
ANODE-p1,2,260,1.0,168.0
ANODE-p1,2,261,1.0,164.8
ANODE-p1,2,262,1.0,165.2
ANODE-p1,2,263,1.0,166.0
ANODE-p1,2,264,1.0,168.0
ANODE-p1,2,265,1.0,167.6
ANODE-p1,2,266,1.0,165.6
ANODE-p1,2,267,1.0,168.4
ANODE-p1,2,268,1.0,164.0
ANODE-p1,2,269,1.0,167.6
ANODE-p1,2,270,1.0,165.6
ANODE-p1,2,271,1.0,168.8
ANODE-p1,2,272,1.0,169.2
ANODE-p1,2,273,1.0,168.8
ANODE-p1,2,274,1.0,168.0
ANODE-p1,2,275,1.0,166.8
ANODE-p1,2,276,1.0,164.4
ANODE-p1,2,277,1.0,168.0
ANODE-p1,2,278,1.0,168.8
ANODE-p1,2,279,1.0,165.2
ANODE-p1,2,280,1.0,167.6
ANODE-p1,2,281,1.0,168.4
ANODE-p1,2,282,1.0,162.8
ANODE-p1,2,283,1.0,167.2
ANODE-p1,2,284,1.0,166.0
ANODE-p1,2,285,1.0,169.2
ANODE-p1,2,286,1.0,169.6
ANODE-p1,2,287,1.0,168.4
ANODE-p1,2,288,1.0,168.4
ANODE-p1,2,289,1.0,165.2
ANODE-p1,2,290,1.0,166.8
ANODE-p1,2,291,1.0,164.4
ANODE-p1,2,292,1.0,166.8
ANODE-p1,2,293,1.0,166.4
ANODE-p1,2,294,1.0,168.8
ANODE-p1,2,295,1.0,167.6
ANODE-p1,2,296,1.0,169.6
ANODE-p1,2,297,1.0,168.0
ANODE-p1,2,298,1.0,166.4
ANODE-p1,2,299,1.0,166.8
ANODE-p1,2,300,1.0,169.6
ANODE-p1,2,301,1.0,168.4
ANODE-p1,2,302,1.0,168.0
ANODE-p1,2,303,1.0,169.2
ANODE-p1,2,304,1.0,166.4
ANODE-p1,2,305,1.0,170.4
ANODE-p1,2,306,1.0,166.8
ANODE-p1,2,307,1.0,168.4
ANODE-p1,2,308,1.0,166.4
ANODE-p1,2,309,1.0,171.2
ANODE-p1,2,310,1.0,170.0
ANODE-p1,2,311,1.0,169.6
ANODE-p1,2,312,1.0,167.6
ANODE-p1,2,313,1.0,166.0
ANODE-p1,2,314,1.0,166.0
ANODE-p1,2,315,1.0,170.0
ANODE-p1,2,316,1.0,170.4
ANODE-p1,2,317,1.0,166.8
ANODE-p1,2,318,1.0,167.2
ANODE-p1,2,319,1.0,166.8
ANODE-p1,2,320,1.0,164.4
ANODE-p1,2,321,1.0,168.8
ANODE-p1,2,322,1.0,167.2
ANODE-p1,2,323,1.0,168.0
ANODE-p1,2,324,1.0,166.4
ANODE-p1,2,325,1.0,168.8
ANODE-p1,2,326,1.0,166.4
ANODE-p1,2,327,1.0,168.4
ANODE-p1,2,328,1.0,168.0
ANODE-p1,2,329,1.0,166.8
ANODE-p1,2,330,1.0,168.0
ANODE-p1,2,331,1.0,166.4
ANODE-p1,2,332,1.0,168.8
ANODE-p1,2,333,1.0,169.2
ANODE-p1,2,334,1.0,169.6
ANODE-p1,2,335,1.0,167.2
ANODE-p1,2,336,1.0,168.0
ANODE-p1,2,337,1.0,168.4
ANODE-p1,2,338,1.0,168.0
ANODE-p1,2,339,1.0,168.0
ANODE-p1,2,340,1.0,170.4
ANODE-p1,2,341,1.0,170.4
ANODE-p1,2,342,1.0,170.0
ANODE-p1,2,343,1.0,164.0
ANODE-p1,2,344,1.0,167.6
ANODE-p1,2,345,1.0,170.0
ANODE-p1,2,346,1.0,168.8
ANODE-p1,2,347,1.0,168.0
ANODE-p1,2,348,1.0,167.6
ANODE-p1,2,349,1.0,169.6
ANODE-p1,2,350,1.0,170.0
ANODE-p1,2,351,1.0,167.6
ANODE-p1,2,352,1.0,169.2
ANODE-p1,2,353,1.0,171.2
ANODE-p1,2,354,1.0,167.2
ANODE-p1,2,355,1.0,165.2
ANODE-p1,2,356,1.0,168.0
ANODE-p1,2,357,1.0,167.6
ANODE-p1,2,358,1.0,166.8
ANODE-p1,2,359,1.0,168.4
ANODE-p1,2,360,1.0,170.0
ANODE-p1,2,361,1.0,164.4
ANODE-p1,2,362,1.0,164.4
ANODE-p1,2,363,1.0,170.4
ANODE-p1,2,364,1.0,170.0
ANODE-p1,2,365,1.0,165.6
ANODE-p1,2,366,1.0,168.0
ANODE-p1,2,367,1.0,170.0
ANODE-p1,2,368,1.0,168.0
ANODE-p1,2,369,1.0,168.0
ANODE-p1,2,370,1.0,168.0
ANODE-p1,2,371,1.0,168.4
ANODE-p1,2,372,1.0,166.4
ANODE-p1,2,373,1.0,169.6
ANODE-p1,2,374,1.0,169.6
ANODE-p1,2,375,1.0,166.0
ANODE-p1,2,376,1.0,165.6
ANODE-p1,2,377,1.0,164.8
ANODE-p1,2,378,1.0,166.8
ANODE-p1,2,379,1.0,168.0
ANODE-p1,2,380,1.0,168.8
ANODE-p1,2,381,1.0,170.0
ANODE-p1,2,382,1.0,166.8
ANODE-p1,2,383,1.0,165.2
ANODE-p1,2,384,1.0,165.6
ANODE-p1,2,385,1.0,167.2
ANODE-p1,2,386,1.0,166.4
ANODE-p1,2,387,1.0,168.0
ANODE-p1,2,388,1.0,166.8
ANODE-p1,2,389,1.0,169.2
ANODE-p1,2,390,1.0,167.6
ANODE-p1,2,391,1.0,168.4
ANODE-p1,2,392,1.0,167.2
ANODE-p1,2,393,1.0,169.6
ANODE-p1,2,394,1.0,168.4
ANODE-p1,2,395,1.0,168.0
ANODE-p1,2,396,1.0,166.4
ANODE-p1,2,397,1.0,169.6
ANODE-p1,2,398,1.0,166.8
ANODE-p1,2,399,1.0,168.4
ANODE-p1,2,400,1.0,166.8
ANODE-p1,2,401,1.0,168.4
ANODE-p1,2,402,1.0,169.2
ANODE-p1,2,403,1.0,168.0
ANODE-p1,2,404,1.0,168.8
ANODE-p1,2,405,1.0,167.2
ANODE-p1,2,406,1.0,169.6
ANODE-p1,2,407,1.0,172.0
ANODE-p1,2,408,1.0,166.8
ANODE-p1,2,409,1.0,166.8
ANODE-p1,2,410,1.0,168.8
ANODE-p1,2,411,1.0,168.8
ANODE-p1,2,412,1.0,168.0
ANODE-p1,2,413,1.0,168.4
ANODE-p1,2,414,1.0,168.0
ANODE-p1,2,415,1.0,168.0
ANODE-p1,2,416,1.0,168.8
ANODE-p1,2,417,1.0,166.0
ANODE-p1,2,418,1.0,166.0
ANODE-p1,2,419,1.0,167.6
ANODE-p1,2,420,1.0,168.8
ANODE-p1,2,421,1.0,166.8
ANODE-p1,2,422,1.0,174.0
ANODE-p1,2,423,1.0,170.8
ANODE-p1,2,424,1.0,166.8
ANODE-p1,2,425,1.0,170.8
ANODE-p1,2,426,1.0,168.8
ANODE-p1,2,427,1.0,167.6
ANODE-p1,2,428,1.0,170.4
ANODE-p1,2,429,1.0,168.0
ANODE-p1,2,430,1.0,167.2
ANODE-p1,2,431,1.0,167.6
ANODE-p1,2,432,1.0,166.4
ANODE-p1,2,433,1.0,168.4
ANODE-p1,2,434,1.0,166.4
ANODE-p1,2,435,1.0,171.6
ANODE-p1,2,436,1.0,169.2
ANODE-p1,2,437,1.0,168.8
ANODE-p1,2,438,1.0,172.4
ANODE-p1,2,439,1.0,168.0
ANODE-p1,2,440,1.0,170.0
ANODE-p1,2,441,1.0,168.0
ANODE-p1,2,442,1.0,168.4
ANODE-p1,2,443,1.0,171.2
ANODE-p1,2,444,1.0,168.0
ANODE-p1,2,445,1.0,169.6
ANODE-p1,2,446,1.0,172.0
ANODE-p1,2,447,1.0,170.4
ANODE-p1,2,448,1.0,167.6
ANODE-p1,2,449,1.0,167.2
ANODE-p1,2,450,1.0,170.4
ANODE-p1,2,451,1.0,170.4
ANODE-p1,2,452,1.0,166.0
ANODE-p1,2,453,1.0,169.6
ANODE-p1,2,454,1.0,170.4
ANODE-p1,2,455,1.0,165.6
ANODE-p1,2,456,1.0,166.8
ANODE-p1,2,457,1.0,171.2
ANODE-p1,2,458,1.0,172.8
ANODE-p1,2,459,1.0,168.0
ANODE-p1,2,460,1.0,171.2
ANODE-p1,2,461,1.0,168.8
ANODE-p1,2,462,1.0,170.0
ANODE-p1,2,463,1.0,167.2
ANODE-p1,2,464,1.0,167.6
ANODE-p1,2,465,1.0,170.0
ANODE-p1,2,466,1.0,169.2
ANODE-p1,2,467,1.0,168.0
ANODE-p1,2,468,1.0,168.8
ANODE-p1,2,469,1.0,168.0
ANODE-p1,2,470,1.0,170.0
ANODE-p1,2,471,1.0,168.4
ANODE-p1,2,472,1.0,166.8
ANODE-p1,2,473,1.0,168.8
ANODE-p1,2,474,1.0,170.8
ANODE-p1,2,475,1.0,169.2
ANODE-p1,2,476,1.0,168.0
ANODE-p1,2,477,1.0,169.2
ANODE-p1,2,478,1.0,167.6
ANODE-p1,2,479,1.0,168.4
ANODE-p1,2,480,1.0,166.4
ANODE-p1,2,481,1.0,169.2
ANODE-p1,2,482,1.0,169.6
ANODE-p1,2,483,1.0,168.8
ANODE-p1,2,484,1.0,171.2
ANODE-p1,2,485,1.0,168.0
ANODE-p1,2,486,1.0,169.6
ANODE-p1,2,487,1.0,167.2
ANODE-p1,2,488,1.0,167.2
ANODE-p1,2,489,1.0,171.2
ANODE-p1,2,490,1.0,168.0
ANODE-p1,2,491,1.0,167.2
ANODE-p1,2,492,1.0,168.4
ANODE-p1,2,493,1.0,170.0
ANODE-p1,2,494,1.0,169.2
ANODE-p1,2,495,1.0,172.8
ANODE-p1,2,496,1.0,170.8
ANODE-p1,2,497,1.0,166.4
ANODE-p1,2,498,1.0,167.6
ANODE-p1,2,499,1.0,166.0
ANODE-p1,2,500,1.0,169.2
ANODE-p1,2,501,1.0,168.4
ANODE-p1,2,502,1.0,168.8
ANODE-p1,2,503,1.0,164.8
ANODE-p1,2,504,1.0,170.0
ANODE-p1,2,505,1.0,168.4
ANODE-p1,2,506,1.0,166.4
ANODE-p1,2,507,1.0,170.8
ANODE-p1,2,508,1.0,172.0
ANODE-p1,2,509,1.0,169.2
ANODE-p1,2,510,1.0,170.4
ANODE-p1,2,511,1.0,165.6
ANODE-p1,2,512,1.0,171.2
ANODE-p1,2,513,1.0,170.4
ANODE-p1,2,514,1.0,168.8
ANODE-p1,2,515,1.0,166.0
ANODE-p1,2,516,1.0,168.0
ANODE-p1,2,517,1.0,168.0
ANODE-p1,2,518,1.0,166.8
ANODE-p1,2,519,1.0,168.4
ANODE-p1,2,520,1.0,170.0
ANODE-p1,2,521,1.0,169.2
ANODE-p1,2,522,1.0,168.0
ANODE-p1,2,523,1.0,169.2
ANODE-p1,2,524,1.0,171.2
ANODE-p1,2,525,1.0,168.8
ANODE-p1,2,526,1.0,170.4
ANODE-p1,2,527,1.0,171.2
ANODE-p1,2,528,1.0,170.0
ANODE-p1,2,529,1.0,167.6
ANODE-p1,2,530,1.0,169.2
ANODE-p1,2,531,1.0,168.4
ANODE-p1,2,532,1.0,170.4
ANODE-p1,2,533,1.0,172.8
ANODE-p1,2,534,1.0,170.4
ANODE-p1,2,535,1.0,167.2
ANODE-p1,2,536,1.0,168.0
ANODE-p1,2,537,1.0,170.8
ANODE-p1,2,538,1.0,170.8
ANODE-p1,2,539,1.0,172.0
ANODE-p1,2,540,1.0,170.0
ANODE-p1,2,541,1.0,171.2
ANODE-p1,2,542,1.0,167.2
ANODE-p1,2,543,1.0,170.4
ANODE-p1,2,544,1.0,170.8
ANODE-p1,2,545,1.0,169.6
ANODE-p1,2,546,1.0,168.0
ANODE-p1,2,547,1.0,167.6
ANODE-p1,2,548,1.0,172.8
ANODE-p1,2,549,1.0,168.4
ANODE-p1,2,550,1.0,168.8
ANODE-p1,2,551,1.0,169.6
ANODE-p1,2,552,1.0,167.6
ANODE-p1,2,553,1.0,169.6
ANODE-p1,2,554,1.0,172.8
ANODE-p1,2,555,1.0,171.6
ANODE-p1,2,556,1.0,169.2
ANODE-p1,2,557,1.0,167.6
ANODE-p1,2,558,1.0,173.6
ANODE-p1,2,559,1.0,169.6
ANODE-p1,2,560,1.0,170.8
ANODE-p1,2,561,1.0,168.4
ANODE-p1,2,562,1.0,169.2
ANODE-p1,2,563,1.0,168.8
ANODE-p1,2,564,1.0,169.6
ANODE-p1,2,565,1.0,166.8
ANODE-p1,2,566,1.0,171.6
ANODE-p1,2,567,1.0,168.0
ANODE-p1,2,568,1.0,172.4
ANODE-p1,2,569,1.0,170.4
ANODE-p1,2,570,1.0,170.8
ANODE-p1,2,571,1.0,171.6
ANODE-p1,2,572,1.0,173.2
ANODE-p1,2,573,1.0,167.2
ANODE-p1,2,574,1.0,170.4
ANODE-p1,2,575,1.0,170.8
ANODE-p1,2,576,1.0,169.2
ANODE-p1,2,577,1.0,170.0
ANODE-p1,2,578,1.0,169.2
ANODE-p1,2,579,1.0,170.8
ANODE-p1,2,580,1.0,170.8
ANODE-p1,2,581,1.0,170.8
ANODE-p1,2,582,1.0,167.6
ANODE-p1,2,583,1.0,170.4
ANODE-p1,2,584,1.0,166.4
ANODE-p1,2,585,1.0,171.2
ANODE-p1,2,586,1.0,169.6
ANODE-p1,2,587,1.0,170.4
ANODE-p1,2,588,1.0,170.0
ANODE-p1,2,589,1.0,168.4
ANODE-p1,2,590,1.0,167.6
ANODE-p1,2,591,1.0,170.0
ANODE-p1,2,592,1.0,172.4
ANODE-p1,2,593,1.0,172.8
ANODE-p1,2,594,1.0,171.2
ANODE-p1,2,595,1.0,170.8
ANODE-p1,2,596,1.0,170.8
ANODE-p1,2,597,1.0,171.6
ANODE-p1,2,598,1.0,168.8
ANODE-p1,2,599,1.0,169.2
ANODE-p1,2,600,1.0,171.2
ANODE-p1,2,601,1.0,170.0
ANODE-p1,2,602,1.0,169.6
ANODE-p1,2,603,1.0,164.0
ANODE-p1,2,604,1.0,170.8
ANODE-p1,2,605,1.0,171.6
ANODE-p1,2,606,1.0,170.8
ANODE-p1,2,607,1.0,170.8
ANODE-p1,2,608,1.0,171.2
ANODE-p1,2,609,1.0,171.6
ANODE-p1,2,610,1.0,171.6
ANODE-p1,2,611,1.0,169.2
ANODE-p1,2,612,1.0,170.4
ANODE-p1,2,613,1.0,172.0
ANODE-p1,2,614,1.0,171.6
ANODE-p1,2,615,1.0,167.2
ANODE-p1,2,616,1.0,175.6
ANODE-p1,2,617,1.0,170.0
ANODE-p1,2,618,1.0,171.6
ANODE-p1,2,619,1.0,174.4
ANODE-p1,2,620,1.0,171.2
ANODE-p1,2,621,1.0,170.8
ANODE-p1,2,622,1.0,172.8
ANODE-p1,2,623,1.0,172.4
ANODE-p1,2,624,1.0,168.8
ANODE-p1,2,625,1.0,173.6
ANODE-p1,2,626,1.0,170.4
ANODE-p1,2,627,1.0,175.2
ANODE-p1,2,628,1.0,168.8
ANODE-p1,2,629,1.0,170.0
ANODE-p1,2,630,1.0,172.4
ANODE-p1,2,631,1.0,167.6
ANODE-p1,2,632,1.0,171.6
ANODE-p1,2,633,1.0,169.6
ANODE-p1,2,634,1.0,173.2
ANODE-p1,2,635,1.0,170.4
ANODE-p1,2,636,1.0,170.8
ANODE-p1,2,637,1.0,172.8
ANODE-p1,2,638,1.0,169.6
ANODE-p1,2,639,1.0,168.4
ANODE-p1,2,640,1.0,170.8
ANODE-p1,2,641,1.0,170.8
ANODE-p1,2,642,1.0,167.6
ANODE-p1,2,643,1.0,170.4
ANODE-p1,2,644,1.0,172.4
ANODE-p1,2,645,1.0,170.4
ANODE-p1,2,646,1.0,172.0
ANODE-p1,2,647,1.0,169.2
ANODE-p1,2,648,1.0,166.8
ANODE-p1,2,649,1.0,167.6
ANODE-p1,2,650,1.0,172.4
ANODE-p1,2,651,1.0,170.8
ANODE-p1,2,652,1.0,169.6
ANODE-p1,2,653,1.0,169.6
ANODE-p1,2,654,1.0,165.2
ANODE-p1,2,655,1.0,173.6
ANODE-p1,2,656,1.0,172.0
ANODE-p1,2,657,1.0,170.0
ANODE-p1,2,658,1.0,167.2
ANODE-p1,2,659,1.0,172.0
ANODE-p1,2,660,1.0,170.8
ANODE-p1,2,661,1.0,173.2
ANODE-p1,2,662,1.0,170.8
ANODE-p1,2,663,1.0,170.0
ANODE-p1,2,664,1.0,169.2
ANODE-p1,2,665,1.0,169.2
ANODE-p1,2,666,1.0,170.0
ANODE-p1,2,667,1.0,170.4
ANODE-p1,2,668,1.0,169.2
ANODE-p1,2,669,1.0,169.2
ANODE-p1,2,670,1.0,173.2
ANODE-p1,2,671,1.0,170.4
ANODE-p1,2,672,1.0,172.8
ANODE-p1,2,673,1.0,170.4
ANODE-p1,2,674,1.0,169.2
ANODE-p1,2,675,1.0,168.0
ANODE-p1,2,676,1.0,169.6
ANODE-p1,2,677,1.0,172.0
ANODE-p1,2,678,1.0,171.2
ANODE-p1,2,679,1.0,171.2
ANODE-p1,2,680,1.0,170.8
ANODE-p1,2,681,1.0,168.0
ANODE-p1,2,682,1.0,168.8
ANODE-p1,2,683,1.0,170.0
ANODE-p1,2,684,1.0,172.4
ANODE-p1,2,685,1.0,170.8
ANODE-p1,2,686,1.0,169.6
ANODE-p1,2,687,1.0,171.6
ANODE-p1,2,688,1.0,170.8
ANODE-p1,2,689,1.0,172.0
ANODE-p1,2,690,1.0,170.0
ANODE-p1,2,691,1.0,170.4
ANODE-p1,2,692,1.0,170.4
ANODE-p1,2,693,1.0,170.4
ANODE-p1,2,694,1.0,173.2
ANODE-p1,2,695,1.0,169.2
ANODE-p1,2,696,1.0,170.8
ANODE-p1,2,697,1.0,167.6
ANODE-p1,2,698,1.0,170.0
ANODE-p1,2,699,1.0,170.0
ANODE-p1,2,700,1.0,168.0
ANODE-p1,2,701,1.0,168.0
ANODE-p1,2,702,1.0,172.8
ANODE-p1,2,703,1.0,171.2
ANODE-p1,2,704,1.0,171.6
ANODE-p1,2,705,1.0,170.0
ANODE-p1,2,706,1.0,175.2
ANODE-p1,2,707,1.0,169.6
ANODE-p1,2,708,1.0,169.6
ANODE-p1,2,709,1.0,170.0
ANODE-p1,2,710,1.0,168.4
ANODE-p1,2,711,1.0,168.0
ANODE-p1,2,712,1.0,171.2
ANODE-p1,2,713,1.0,171.6
ANODE-p1,2,714,1.0,172.4
ANODE-p1,2,715,1.0,173.6
ANODE-p1,2,716,1.0,171.6
ANODE-p1,2,717,1.0,170.0
ANODE-p1,2,718,1.0,170.4
ANODE-p1,2,719,1.0,169.6
ANODE-p1,2,720,1.0,170.4
ANODE-p1,2,721,1.0,169.6
ANODE-p1,2,722,1.0,169.2
ANODE-p1,2,723,1.0,169.6
ANODE-p1,2,724,1.0,168.4
ANODE-p1,2,725,1.0,166.8
ANODE-p1,2,726,1.0,170.4
ANODE-p1,2,727,1.0,170.0
ANODE-p1,2,728,1.0,171.6
ANODE-p1,2,729,1.0,171.2
ANODE-p1,2,730,1.0,170.0
ANODE-p1,2,731,1.0,172.4
ANODE-p1,2,732,1.0,171.6
ANODE-p1,2,733,1.0,172.0
ANODE-p1,2,734,1.0,169.2
ANODE-p1,2,735,1.0,170.8
ANODE-p1,2,736,1.0,167.6
ANODE-p1,2,737,1.0,170.4
ANODE-p1,2,738,1.0,173.2
ANODE-p1,2,739,1.0,170.8
ANODE-p1,2,740,1.0,170.8
ANODE-p1,2,741,1.0,172.8
ANODE-p1,2,742,1.0,170.8
ANODE-p1,2,743,1.0,170.4
ANODE-p1,2,744,1.0,169.2
ANODE-p1,2,745,1.0,170.0
ANODE-p1,2,746,1.0,171.2
ANODE-p1,2,747,1.0,171.6
ANODE-p1,2,748,1.0,169.2
ANODE-p1,2,749,1.0,168.4
ANODE-p1,2,750,1.0,172.4
ANODE-p1,2,751,1.0,172.0
ANODE-p1,2,752,1.0,172.4
ANODE-p1,2,753,1.0,176.8
ANODE-p1,2,754,1.0,170.8
ANODE-p1,2,755,1.0,170.0
ANODE-p1,2,756,1.0,171.2
ANODE-p1,2,757,1.0,170.4
ANODE-p1,2,758,1.0,169.2
ANODE-p1,2,759,1.0,168.8
ANODE-p1,2,760,1.0,171.6
ANODE-p1,2,761,1.0,170.8
ANODE-p1,2,762,1.0,171.6
ANODE-p1,2,763,1.0,170.4
ANODE-p1,2,764,1.0,170.8
ANODE-p1,2,765,1.0,173.2
ANODE-p1,2,766,1.0,172.0
ANODE-p1,2,767,1.0,167.6
ANODE-p1,2,768,1.0,170.4
ANODE-p1,2,769,1.0,169.2
ANODE-p1,2,770,1.0,171.6
ANODE-p1,2,771,1.0,169.2
ANODE-p1,2,772,1.0,168.8
ANODE-p1,2,773,1.0,169.6
ANODE-p1,2,774,1.0,169.6
ANODE-p1,2,775,1.0,172.0
ANODE-p1,2,776,1.0,172.8
ANODE-p1,2,777,1.0,173.2
ANODE-p1,2,778,1.0,172.0
ANODE-p1,2,779,1.0,169.6
ANODE-p1,2,780,1.0,170.4
ANODE-p1,2,781,1.0,172.0
ANODE-p1,2,782,1.0,171.6
ANODE-p1,2,783,1.0,171.2
ANODE-p1,2,784,1.0,171.2
ANODE-p1,2,785,1.0,170.0
ANODE-p1,2,786,1.0,172.4
ANODE-p1,2,787,1.0,173.2
ANODE-p1,2,788,1.0,174.8
ANODE-p1,2,789,1.0,169.2
ANODE-p1,2,790,1.0,167.6
ANODE-p1,2,791,1.0,170.0
ANODE-p1,2,792,1.0,170.8
ANODE-p1,2,793,1.0,168.8
ANODE-p1,2,794,1.0,172.8
ANODE-p1,2,795,1.0,171.6
ANODE-p1,2,796,1.0,167.6
ANODE-p1,2,797,1.0,170.0
ANODE-p1,2,798,1.0,166.8
ANODE-p1,2,799,1.0,172.0
ANODE-p1,2,800,1.0,168.4
ANODE-p1,2,801,1.0,172.4
ANODE-p1,2,802,1.0,168.8
ANODE-p1,2,803,1.0,171.2
ANODE-p1,2,804,1.0,171.2
ANODE-p1,2,805,1.0,168.4
ANODE-p1,2,806,1.0,166.4
ANODE-p1,2,807,1.0,169.6
ANODE-p1,2,808,1.0,171.2
ANODE-p1,2,809,1.0,168.4
ANODE-p1,2,810,1.0,172.0
ANODE-p1,2,811,1.0,168.8
ANODE-p1,2,812,1.0,168.8
ANODE-p1,2,813,1.0,168.4
ANODE-p1,2,814,1.0,172.8
ANODE-p1,2,815,1.0,172.4
ANODE-p1,2,816,1.0,168.4
ANODE-p1,2,817,1.0,170.4
ANODE-p1,2,818,1.0,172.4
ANODE-p1,2,819,1.0,172.0
ANODE-p1,2,820,1.0,170.4
ANODE-p1,2,821,1.0,170.0
ANODE-p1,2,822,1.0,171.6
ANODE-p1,2,823,1.0,170.4
ANODE-p1,2,824,1.0,169.6
ANODE-p1,2,825,1.0,169.2
ANODE-p1,2,826,1.0,169.2
ANODE-p1,2,827,1.0,171.2
ANODE-p1,2,828,1.0,169.2
ANODE-p1,2,829,1.0,168.0
ANODE-p1,2,830,1.0,170.0
ANODE-p1,2,831,1.0,170.8
ANODE-p1,2,832,1.0,170.4
ANODE-p1,2,833,1.0,171.6
ANODE-p1,2,834,1.0,169.2
ANODE-p1,2,835,1.0,171.2
ANODE-p1,2,836,1.0,172.8
ANODE-p1,2,837,1.0,170.8
ANODE-p1,2,838,1.0,168.0
ANODE-p1,2,839,1.0,170.8
ANODE-p1,2,840,1.0,171.6
ANODE-p1,2,841,1.0,171.6
ANODE-p1,2,842,1.0,170.4
ANODE-p1,2,843,1.0,170.4
ANODE-p1,2,844,1.0,170.0
ANODE-p1,2,845,1.0,169.6
ANODE-p1,2,846,1.0,170.4
ANODE-p1,2,847,1.0,169.6
ANODE-p1,2,848,1.0,167.2
ANODE-p1,2,849,1.0,168.4
ANODE-p1,2,850,1.0,167.6
ANODE-p1,2,851,1.0,172.0
ANODE-p1,2,852,1.0,174.4
ANODE-p1,2,853,1.0,172.4
ANODE-p1,2,854,1.0,170.0
ANODE-p1,2,855,1.0,173.2
ANODE-p1,2,856,1.0,170.4
ANODE-p1,2,857,1.0,172.4
ANODE-p1,2,858,1.0,170.4
ANODE-p1,2,859,1.0,173.2
ANODE-p1,2,860,1.0,171.6
ANODE-p1,2,861,1.0,169.6
ANODE-p1,2,862,1.0,172.4
ANODE-p1,2,863,1.0,168.4
ANODE-p1,2,864,1.0,170.8
ANODE-p1,2,865,1.0,172.8
ANODE-p1,2,866,1.0,171.6
ANODE-p1,2,867,1.0,169.6
ANODE-p1,2,868,1.0,175.6
ANODE-p1,2,869,1.0,172.4
ANODE-p1,2,870,1.0,175.6
ANODE-p1,2,871,1.0,171.6
ANODE-p1,2,872,1.0,172.4
ANODE-p1,2,873,1.0,172.0
ANODE-p1,2,874,1.0,172.8
ANODE-p1,2,875,1.0,170.0
ANODE-p1,2,876,1.0,169.6
ANODE-p1,2,877,1.0,171.6
ANODE-p1,2,878,1.0,169.6
ANODE-p1,2,879,1.0,171.6
ANODE-p1,2,880,1.0,170.8
ANODE-p1,2,881,1.0,169.6
ANODE-p1,2,882,1.0,172.4
ANODE-p1,2,883,1.0,171.2
ANODE-p1,2,884,1.0,171.6
ANODE-p1,2,885,1.0,170.8
ANODE-p1,2,886,1.0,170.0
ANODE-p1,2,887,1.0,174.0
ANODE-p1,2,888,1.0,170.8
ANODE-p1,2,889,1.0,170.4
ANODE-p1,2,890,1.0,168.8
ANODE-p1,2,891,1.0,166.8
ANODE-p1,2,892,1.0,168.4
ANODE-p1,2,893,1.0,174.4
ANODE-p1,2,894,1.0,171.6
ANODE-p1,2,895,1.0,171.6
ANODE-p1,2,896,1.0,170.8
ANODE-p1,2,897,1.0,170.0
ANODE-p1,2,898,1.0,169.2
ANODE-p1,2,899,1.0,172.0
ANODE-p1,2,900,1.0,169.2
ANODE-p1,2,901,1.0,172.8
ANODE-p1,2,902,1.0,168.4
ANODE-p1,2,903,1.0,170.0
ANODE-p1,2,904,1.0,170.8
ANODE-p1,2,905,1.0,170.4
ANODE-p1,2,906,1.0,171.6
ANODE-p1,2,907,1.0,171.2
ANODE-p1,2,908,1.0,172.8
ANODE-p1,2,909,1.0,170.4
ANODE-p1,2,910,1.0,168.4
ANODE-p1,2,911,1.0,171.6
ANODE-p1,2,912,1.0,170.4
ANODE-p1,2,913,1.0,172.8
ANODE-p1,2,914,1.0,172.8
ANODE-p1,2,915,1.0,171.2
ANODE-p1,2,916,1.0,167.6
ANODE-p1,2,917,1.0,173.2
ANODE-p1,2,918,1.0,170.4
ANODE-p1,2,919,1.0,170.0
ANODE-p1,2,920,1.0,166.4
ANODE-p1,2,921,1.0,168.8
ANODE-p1,2,922,1.0,172.4
ANODE-p1,2,923,1.0,168.0
ANODE-p1,2,924,1.0,174.0
ANODE-p1,2,925,1.0,168.0
ANODE-p1,2,926,1.0,171.2
ANODE-p1,2,927,1.0,168.0
ANODE-p1,2,928,1.0,170.4
ANODE-p1,2,929,1.0,167.2
ANODE-p1,2,930,1.0,172.4
ANODE-p1,2,931,1.0,173.2
ANODE-p1,2,932,1.0,173.2
ANODE-p1,2,933,1.0,171.2
ANODE-p1,2,934,1.0,170.8
ANODE-p1,2,935,1.0,174.0
ANODE-p1,2,936,1.0,170.0
ANODE-p1,2,937,1.0,171.2
ANODE-p1,2,938,1.0,172.8
ANODE-p1,2,939,1.0,168.4
ANODE-p1,2,940,1.0,170.4
ANODE-p1,2,941,1.0,172.0
ANODE-p1,2,942,1.0,170.0
ANODE-p1,2,943,1.0,171.2
ANODE-p1,2,944,1.0,171.6
ANODE-p1,2,945,1.0,174.0
ANODE-p1,2,946,1.0,170.0
ANODE-p1,2,947,1.0,170.4
ANODE-p1,2,948,1.0,170.4
ANODE-p1,2,949,1.0,168.8
ANODE-p1,2,950,1.0,171.2
ANODE-p1,2,951,1.0,168.0
ANODE-p1,2,952,1.0,172.4
ANODE-p1,2,953,1.0,170.8
ANODE-p1,2,954,1.0,172.0
ANODE-p1,2,955,1.0,174.4
ANODE-p1,2,956,1.0,172.0
ANODE-p1,2,957,1.0,173.2
ANODE-p1,2,958,1.0,170.4
ANODE-p1,2,959,1.0,170.8
ANODE-p1,2,960,1.0,171.6
ANODE-p1,2,961,1.0,168.0
ANODE-p1,2,962,1.0,170.0
ANODE-p1,2,963,1.0,170.8
ANODE-p1,2,964,1.0,172.4
ANODE-p1,2,965,1.0,171.6
ANODE-p1,2,966,1.0,170.8
ANODE-p1,2,967,1.0,171.2
ANODE-p1,2,968,1.0,174.0
ANODE-p1,2,969,1.0,169.6
ANODE-p1,2,970,1.0,168.4
ANODE-p1,2,971,1.0,174.4
ANODE-p1,2,972,1.0,170.8
ANODE-p1,2,973,1.0,170.4
ANODE-p1,2,974,1.0,171.6
ANODE-p1,2,975,1.0,172.8
ANODE-p1,2,976,1.0,172.0
ANODE-p1,2,977,1.0,173.6
ANODE-p1,2,978,1.0,168.8
ANODE-p1,2,979,1.0,169.6
ANODE-p1,2,980,1.0,170.0
ANODE-p1,2,981,1.0,173.2
ANODE-p1,2,982,1.0,170.8
ANODE-p1,2,983,1.0,170.4
ANODE-p1,2,984,1.0,171.2
ANODE-p1,2,985,1.0,174.0
ANODE-p1,2,986,1.0,169.6
ANODE-p1,2,987,1.0,172.0
ANODE-p1,2,988,1.0,169.6
ANODE-p1,2,989,1.0,168.0
ANODE-p1,2,990,1.0,170.8
ANODE-p1,2,991,1.0,173.2
ANODE-p1,2,992,1.0,175.6
ANODE-p1,2,993,1.0,171.2
ANODE-p1,2,994,1.0,172.8
ANODE-p1,2,995,1.0,170.4
ANODE-p1,2,996,1.0,169.6
ANODE-p1,2,997,1.0,170.4
ANODE-p1,2,998,1.0,174.8
ANODE-p1,2,999,1.0,171.6
ANODE-p1,2,1000,1.0,173.2
ANODE-p1,3,1,0.4895833333333333,46.0
ANODE-p1,3,2,0.6572916666666667,62.8
ANODE-p1,3,3,0.66875,75.2
ANODE-p1,3,4,0.803125,92.8
ANODE-p1,3,5,0.9854166666666667,121.6
ANODE-p1,3,6,0.996875,149.6
ANODE-p1,3,7,1.0,176.4
ANODE-p1,3,8,1.0,187.6
ANODE-p1,3,9,0.9989583333333333,194.4
ANODE-p1,3,10,1.0,198.0
ANODE-p1,3,11,0.9989583333333333,196.0
ANODE-p1,3,12,0.9989583333333333,200.4
ANODE-p1,3,13,0.9979166666666667,198.8
ANODE-p1,3,14,0.9875,188.0
ANODE-p1,3,15,0.990625,159.2
ANODE-p1,3,16,1.0,150.4
ANODE-p1,3,17,1.0,152.4
ANODE-p1,3,18,1.0,153.6
ANODE-p1,3,19,1.0,152.8
ANODE-p1,3,20,1.0,154.4
ANODE-p1,3,21,1.0,154.0
ANODE-p1,3,22,1.0,156.0
ANODE-p1,3,23,1.0,154.4
ANODE-p1,3,24,1.0,155.6
ANODE-p1,3,25,1.0,154.0
ANODE-p1,3,26,1.0,156.0
ANODE-p1,3,27,1.0,153.2
ANODE-p1,3,28,1.0,154.8
ANODE-p1,3,29,1.0,156.4
ANODE-p1,3,30,1.0,154.0
ANODE-p1,3,31,1.0,154.8
ANODE-p1,3,32,1.0,154.8
ANODE-p1,3,33,1.0,155.6
ANODE-p1,3,34,1.0,154.4
ANODE-p1,3,35,1.0,158.4
ANODE-p1,3,36,1.0,155.2
ANODE-p1,3,37,1.0,158.0
ANODE-p1,3,38,1.0,157.6
ANODE-p1,3,39,1.0,154.0
ANODE-p1,3,40,1.0,157.6
ANODE-p1,3,41,1.0,155.2
ANODE-p1,3,42,1.0,155.6
ANODE-p1,3,43,1.0,155.6
ANODE-p1,3,44,1.0,155.6
ANODE-p1,3,45,1.0,154.8
ANODE-p1,3,46,1.0,156.8
ANODE-p1,3,47,1.0,158.0
ANODE-p1,3,48,1.0,158.4
ANODE-p1,3,49,1.0,158.4
ANODE-p1,3,50,1.0,155.6
ANODE-p1,3,51,1.0,158.0
ANODE-p1,3,52,1.0,155.2
ANODE-p1,3,53,1.0,159.2
ANODE-p1,3,54,1.0,157.6
ANODE-p1,3,55,1.0,157.6
ANODE-p1,3,56,1.0,156.4
ANODE-p1,3,57,1.0,157.6
ANODE-p1,3,58,1.0,156.4
ANODE-p1,3,59,1.0,156.4
ANODE-p1,3,60,1.0,155.2
ANODE-p1,3,61,1.0,156.8
ANODE-p1,3,62,1.0,156.8
ANODE-p1,3,63,1.0,158.4
ANODE-p1,3,64,1.0,158.0
ANODE-p1,3,65,1.0,160.0
ANODE-p1,3,66,1.0,156.0
ANODE-p1,3,67,1.0,160.8
ANODE-p1,3,68,1.0,159.2
ANODE-p1,3,69,1.0,158.4
ANODE-p1,3,70,1.0,158.4
ANODE-p1,3,71,1.0,158.0
ANODE-p1,3,72,1.0,159.6
ANODE-p1,3,73,1.0,158.0
ANODE-p1,3,74,1.0,157.6
ANODE-p1,3,75,1.0,160.8
ANODE-p1,3,76,1.0,159.2
ANODE-p1,3,77,1.0,158.4
ANODE-p1,3,78,1.0,158.0
ANODE-p1,3,79,1.0,159.2
ANODE-p1,3,80,1.0,159.2
ANODE-p1,3,81,1.0,158.4
ANODE-p1,3,82,1.0,160.8
ANODE-p1,3,83,1.0,160.4
ANODE-p1,3,84,1.0,156.8
ANODE-p1,3,85,1.0,158.0
ANODE-p1,3,86,1.0,159.6
ANODE-p1,3,87,1.0,160.4
ANODE-p1,3,88,1.0,158.4
ANODE-p1,3,89,1.0,155.2
ANODE-p1,3,90,1.0,162.0
ANODE-p1,3,91,1.0,159.6
ANODE-p1,3,92,1.0,157.6
ANODE-p1,3,93,1.0,160.4
ANODE-p1,3,94,1.0,161.6
ANODE-p1,3,95,1.0,161.2
ANODE-p1,3,96,1.0,158.8
ANODE-p1,3,97,1.0,159.2
ANODE-p1,3,98,1.0,160.4
ANODE-p1,3,99,1.0,161.2
ANODE-p1,3,100,1.0,158.8
ANODE-p1,3,101,1.0,160.0
ANODE-p1,3,102,1.0,158.8
ANODE-p1,3,103,1.0,159.2
ANODE-p1,3,104,1.0,159.2
ANODE-p1,3,105,1.0,159.6
ANODE-p1,3,106,1.0,158.4
ANODE-p1,3,107,1.0,159.2
ANODE-p1,3,108,1.0,157.6
ANODE-p1,3,109,1.0,159.2
ANODE-p1,3,110,1.0,159.2
ANODE-p1,3,111,1.0,158.4
ANODE-p1,3,112,1.0,160.8
ANODE-p1,3,113,1.0,159.6
ANODE-p1,3,114,1.0,157.6
ANODE-p1,3,115,1.0,162.8
ANODE-p1,3,116,1.0,160.8
ANODE-p1,3,117,1.0,156.8
ANODE-p1,3,118,1.0,162.0
ANODE-p1,3,119,1.0,160.8
ANODE-p1,3,120,1.0,159.2
ANODE-p1,3,121,1.0,162.0
ANODE-p1,3,122,1.0,160.8
ANODE-p1,3,123,1.0,161.2
ANODE-p1,3,124,1.0,161.2
ANODE-p1,3,125,1.0,159.6
ANODE-p1,3,126,1.0,161.2
ANODE-p1,3,127,1.0,158.4
ANODE-p1,3,128,1.0,164.0
ANODE-p1,3,129,1.0,158.8
ANODE-p1,3,130,1.0,161.6
ANODE-p1,3,131,1.0,163.2
ANODE-p1,3,132,1.0,163.2
ANODE-p1,3,133,1.0,159.6
ANODE-p1,3,134,1.0,161.6
ANODE-p1,3,135,1.0,158.8
ANODE-p1,3,136,1.0,162.0
ANODE-p1,3,137,1.0,160.4
ANODE-p1,3,138,1.0,157.6
ANODE-p1,3,139,1.0,160.8
ANODE-p1,3,140,1.0,160.0
ANODE-p1,3,141,1.0,163.2
ANODE-p1,3,142,1.0,162.0
ANODE-p1,3,143,1.0,161.2
ANODE-p1,3,144,1.0,159.6
ANODE-p1,3,145,1.0,160.0
ANODE-p1,3,146,1.0,159.2
ANODE-p1,3,147,1.0,158.0
ANODE-p1,3,148,1.0,161.2
ANODE-p1,3,149,1.0,160.4
ANODE-p1,3,150,1.0,162.0
ANODE-p1,3,151,1.0,159.6
ANODE-p1,3,152,1.0,160.4
ANODE-p1,3,153,1.0,160.8
ANODE-p1,3,154,1.0,160.0
ANODE-p1,3,155,1.0,160.4
ANODE-p1,3,156,1.0,158.8
ANODE-p1,3,157,1.0,163.2
ANODE-p1,3,158,1.0,161.6
ANODE-p1,3,159,1.0,161.2
ANODE-p1,3,160,1.0,162.4
ANODE-p1,3,161,1.0,159.2
ANODE-p1,3,162,1.0,158.8
ANODE-p1,3,163,1.0,161.2
ANODE-p1,3,164,1.0,165.2
ANODE-p1,3,165,1.0,163.6
ANODE-p1,3,166,1.0,162.4
ANODE-p1,3,167,1.0,160.8
ANODE-p1,3,168,1.0,158.0
ANODE-p1,3,169,1.0,162.8
ANODE-p1,3,170,1.0,163.2
ANODE-p1,3,171,1.0,159.6
ANODE-p1,3,172,1.0,162.0
ANODE-p1,3,173,1.0,161.6
ANODE-p1,3,174,1.0,160.4
ANODE-p1,3,175,1.0,160.8
ANODE-p1,3,176,1.0,161.6
ANODE-p1,3,177,1.0,160.0
ANODE-p1,3,178,1.0,159.6
ANODE-p1,3,179,1.0,162.4
ANODE-p1,3,180,1.0,162.0
ANODE-p1,3,181,1.0,160.0
ANODE-p1,3,182,1.0,163.6
ANODE-p1,3,183,1.0,164.8
ANODE-p1,3,184,1.0,161.2
ANODE-p1,3,185,1.0,163.6
ANODE-p1,3,186,1.0,160.0
ANODE-p1,3,187,1.0,164.0
ANODE-p1,3,188,1.0,162.8
ANODE-p1,3,189,1.0,162.0
ANODE-p1,3,190,1.0,160.8
ANODE-p1,3,191,1.0,161.6
ANODE-p1,3,192,1.0,160.8
ANODE-p1,3,193,1.0,163.2
ANODE-p1,3,194,1.0,161.6
ANODE-p1,3,195,1.0,163.2
ANODE-p1,3,196,1.0,162.0
ANODE-p1,3,197,1.0,160.4
ANODE-p1,3,198,1.0,162.0
ANODE-p1,3,199,1.0,160.4
ANODE-p1,3,200,1.0,161.2
ANODE-p1,3,201,1.0,162.8
ANODE-p1,3,202,1.0,158.8
ANODE-p1,3,203,1.0,162.0
ANODE-p1,3,204,1.0,161.6
ANODE-p1,3,205,1.0,163.2
ANODE-p1,3,206,1.0,163.2
ANODE-p1,3,207,1.0,162.4
ANODE-p1,3,208,1.0,162.8
ANODE-p1,3,209,1.0,164.0
ANODE-p1,3,210,1.0,163.2
ANODE-p1,3,211,1.0,162.8
ANODE-p1,3,212,1.0,162.4
ANODE-p1,3,213,1.0,164.0
ANODE-p1,3,214,1.0,162.4
ANODE-p1,3,215,1.0,160.4
ANODE-p1,3,216,1.0,163.2
ANODE-p1,3,217,1.0,163.6
ANODE-p1,3,218,1.0,162.8
ANODE-p1,3,219,1.0,162.0
ANODE-p1,3,220,1.0,161.6
ANODE-p1,3,221,1.0,158.4
ANODE-p1,3,222,1.0,162.8
ANODE-p1,3,223,1.0,163.2
ANODE-p1,3,224,1.0,162.0
ANODE-p1,3,225,1.0,160.4
ANODE-p1,3,226,1.0,160.4
ANODE-p1,3,227,1.0,160.0
ANODE-p1,3,228,1.0,163.6
ANODE-p1,3,229,1.0,158.8
ANODE-p1,3,230,1.0,159.6
ANODE-p1,3,231,1.0,162.0
ANODE-p1,3,232,1.0,163.2
ANODE-p1,3,233,1.0,163.6
ANODE-p1,3,234,1.0,159.6
ANODE-p1,3,235,1.0,161.6
ANODE-p1,3,236,1.0,164.0
ANODE-p1,3,237,1.0,160.8
ANODE-p1,3,238,1.0,162.0
ANODE-p1,3,239,1.0,162.8
ANODE-p1,3,240,1.0,161.2
ANODE-p1,3,241,1.0,166.4
ANODE-p1,3,242,1.0,162.0
ANODE-p1,3,243,1.0,160.0
ANODE-p1,3,244,1.0,160.8
ANODE-p1,3,245,1.0,162.0
ANODE-p1,3,246,1.0,162.8
ANODE-p1,3,247,1.0,161.6
ANODE-p1,3,248,1.0,163.2
ANODE-p1,3,249,1.0,162.4
ANODE-p1,3,250,1.0,162.4
ANODE-p1,3,251,1.0,162.8
ANODE-p1,3,252,1.0,163.6
ANODE-p1,3,253,1.0,160.8
ANODE-p1,3,254,1.0,160.8
ANODE-p1,3,255,1.0,163.6
ANODE-p1,3,256,1.0,165.2
ANODE-p1,3,257,1.0,165.6
ANODE-p1,3,258,1.0,161.2
ANODE-p1,3,259,1.0,162.0
ANODE-p1,3,260,1.0,162.8
ANODE-p1,3,261,1.0,162.8
ANODE-p1,3,262,1.0,161.2
ANODE-p1,3,263,1.0,161.2
ANODE-p1,3,264,1.0,162.0
ANODE-p1,3,265,1.0,164.0
ANODE-p1,3,266,1.0,160.4
ANODE-p1,3,267,1.0,161.2
ANODE-p1,3,268,1.0,160.4
ANODE-p1,3,269,1.0,164.0
ANODE-p1,3,270,1.0,161.6
ANODE-p1,3,271,1.0,163.2
ANODE-p1,3,272,1.0,161.6
ANODE-p1,3,273,1.0,160.0
ANODE-p1,3,274,1.0,161.2
ANODE-p1,3,275,1.0,160.8
ANODE-p1,3,276,1.0,162.0
ANODE-p1,3,277,1.0,162.4
ANODE-p1,3,278,1.0,160.0
ANODE-p1,3,279,1.0,164.4
ANODE-p1,3,280,1.0,164.8
ANODE-p1,3,281,1.0,163.2
ANODE-p1,3,282,1.0,160.0
ANODE-p1,3,283,1.0,164.0
ANODE-p1,3,284,1.0,164.0
ANODE-p1,3,285,1.0,162.8
ANODE-p1,3,286,1.0,162.4
ANODE-p1,3,287,1.0,162.4
ANODE-p1,3,288,1.0,160.8
ANODE-p1,3,289,1.0,164.4
ANODE-p1,3,290,1.0,164.8
ANODE-p1,3,291,1.0,160.4
ANODE-p1,3,292,1.0,166.4
ANODE-p1,3,293,1.0,160.8
ANODE-p1,3,294,1.0,162.0
ANODE-p1,3,295,1.0,162.0
ANODE-p1,3,296,1.0,162.0
ANODE-p1,3,297,1.0,162.0
ANODE-p1,3,298,1.0,162.4
ANODE-p1,3,299,1.0,163.6
ANODE-p1,3,300,1.0,162.8
ANODE-p1,3,301,1.0,163.2
ANODE-p1,3,302,1.0,162.0
ANODE-p1,3,303,1.0,162.8
ANODE-p1,3,304,1.0,165.2
ANODE-p1,3,305,1.0,164.0
ANODE-p1,3,306,1.0,163.2
ANODE-p1,3,307,1.0,162.8
ANODE-p1,3,308,1.0,163.2
ANODE-p1,3,309,1.0,162.8
ANODE-p1,3,310,1.0,160.8
ANODE-p1,3,311,1.0,163.2
ANODE-p1,3,312,1.0,160.8
ANODE-p1,3,313,1.0,163.6
ANODE-p1,3,314,1.0,160.0
ANODE-p1,3,315,1.0,164.4
ANODE-p1,3,316,1.0,162.0
ANODE-p1,3,317,1.0,162.4
ANODE-p1,3,318,1.0,162.4
ANODE-p1,3,319,1.0,162.4
ANODE-p1,3,320,1.0,161.2
ANODE-p1,3,321,1.0,166.0
ANODE-p1,3,322,1.0,162.0
ANODE-p1,3,323,1.0,163.6
ANODE-p1,3,324,1.0,163.2
ANODE-p1,3,325,1.0,161.2
ANODE-p1,3,326,1.0,160.0
ANODE-p1,3,327,1.0,160.8
ANODE-p1,3,328,1.0,163.2
ANODE-p1,3,329,1.0,160.8
ANODE-p1,3,330,1.0,162.0
ANODE-p1,3,331,1.0,161.2
ANODE-p1,3,332,1.0,164.0
ANODE-p1,3,333,1.0,166.0
ANODE-p1,3,334,1.0,162.0
ANODE-p1,3,335,1.0,163.6
ANODE-p1,3,336,1.0,164.0
ANODE-p1,3,337,1.0,162.8
ANODE-p1,3,338,1.0,163.2
ANODE-p1,3,339,1.0,161.6
ANODE-p1,3,340,1.0,165.2
ANODE-p1,3,341,1.0,163.2
ANODE-p1,3,342,1.0,163.6
ANODE-p1,3,343,1.0,162.8
ANODE-p1,3,344,1.0,162.4
ANODE-p1,3,345,1.0,162.8
ANODE-p1,3,346,1.0,162.8
ANODE-p1,3,347,1.0,163.2
ANODE-p1,3,348,1.0,166.0
ANODE-p1,3,349,1.0,162.8
ANODE-p1,3,350,1.0,160.8
ANODE-p1,3,351,1.0,163.2
ANODE-p1,3,352,1.0,161.2
ANODE-p1,3,353,1.0,158.8
ANODE-p1,3,354,1.0,162.8
ANODE-p1,3,355,1.0,162.0
ANODE-p1,3,356,1.0,164.8
ANODE-p1,3,357,1.0,162.0
ANODE-p1,3,358,1.0,165.2
ANODE-p1,3,359,1.0,162.8
ANODE-p1,3,360,1.0,164.8
ANODE-p1,3,361,1.0,162.4
ANODE-p1,3,362,1.0,161.6
ANODE-p1,3,363,1.0,163.6
ANODE-p1,3,364,1.0,162.0
ANODE-p1,3,365,1.0,162.8
ANODE-p1,3,366,1.0,162.0
ANODE-p1,3,367,1.0,164.0
ANODE-p1,3,368,1.0,163.2
ANODE-p1,3,369,1.0,165.6
ANODE-p1,3,370,1.0,165.6
ANODE-p1,3,371,1.0,164.4
ANODE-p1,3,372,1.0,165.6
ANODE-p1,3,373,1.0,165.6
ANODE-p1,3,374,1.0,163.6
ANODE-p1,3,375,1.0,161.6
ANODE-p1,3,376,1.0,162.8
ANODE-p1,3,377,1.0,167.6
ANODE-p1,3,378,1.0,162.4
ANODE-p1,3,379,1.0,164.4
ANODE-p1,3,380,1.0,164.8
ANODE-p1,3,381,1.0,164.4
ANODE-p1,3,382,1.0,162.0
ANODE-p1,3,383,1.0,163.6
ANODE-p1,3,384,1.0,162.8
ANODE-p1,3,385,1.0,162.8
ANODE-p1,3,386,1.0,160.4
ANODE-p1,3,387,1.0,162.0
ANODE-p1,3,388,1.0,162.4
ANODE-p1,3,389,1.0,164.0
ANODE-p1,3,390,1.0,164.4
ANODE-p1,3,391,1.0,164.0
ANODE-p1,3,392,1.0,162.8
ANODE-p1,3,393,1.0,164.8
ANODE-p1,3,394,1.0,161.6
ANODE-p1,3,395,1.0,163.2
ANODE-p1,3,396,1.0,162.4
ANODE-p1,3,397,1.0,165.2
ANODE-p1,3,398,1.0,162.8
ANODE-p1,3,399,1.0,164.0
ANODE-p1,3,400,1.0,166.0
ANODE-p1,3,401,1.0,166.8
ANODE-p1,3,402,1.0,162.0
ANODE-p1,3,403,1.0,163.2
ANODE-p1,3,404,1.0,162.8
ANODE-p1,3,405,1.0,166.4
ANODE-p1,3,406,1.0,164.0
ANODE-p1,3,407,1.0,162.0
ANODE-p1,3,408,1.0,164.8
ANODE-p1,3,409,1.0,164.8
ANODE-p1,3,410,1.0,163.6
ANODE-p1,3,411,1.0,164.8
ANODE-p1,3,412,1.0,160.0
ANODE-p1,3,413,1.0,164.8
ANODE-p1,3,414,1.0,162.8
ANODE-p1,3,415,1.0,163.2
ANODE-p1,3,416,1.0,162.0
ANODE-p1,3,417,1.0,163.2
ANODE-p1,3,418,1.0,165.2
ANODE-p1,3,419,1.0,165.6
ANODE-p1,3,420,1.0,164.8
ANODE-p1,3,421,1.0,163.6
ANODE-p1,3,422,1.0,166.8
ANODE-p1,3,423,1.0,161.2
ANODE-p1,3,424,1.0,165.2
ANODE-p1,3,425,1.0,163.2
ANODE-p1,3,426,1.0,162.4
ANODE-p1,3,427,1.0,165.6
ANODE-p1,3,428,1.0,164.0
ANODE-p1,3,429,1.0,164.0
ANODE-p1,3,430,1.0,162.4
ANODE-p1,3,431,1.0,166.0
ANODE-p1,3,432,1.0,162.0
ANODE-p1,3,433,1.0,164.4
ANODE-p1,3,434,1.0,162.8
ANODE-p1,3,435,1.0,161.6
ANODE-p1,3,436,1.0,162.8
ANODE-p1,3,437,1.0,162.0
ANODE-p1,3,438,1.0,164.0
ANODE-p1,3,439,1.0,162.8
ANODE-p1,3,440,1.0,166.4
ANODE-p1,3,441,1.0,164.8
ANODE-p1,3,442,1.0,163.6
ANODE-p1,3,443,1.0,164.4
ANODE-p1,3,444,1.0,164.4
ANODE-p1,3,445,1.0,166.4
ANODE-p1,3,446,1.0,164.0
ANODE-p1,3,447,1.0,164.0
ANODE-p1,3,448,1.0,164.4
ANODE-p1,3,449,1.0,164.0
ANODE-p1,3,450,1.0,163.6
ANODE-p1,3,451,1.0,162.8
ANODE-p1,3,452,1.0,163.2
ANODE-p1,3,453,1.0,163.2
ANODE-p1,3,454,1.0,166.4
ANODE-p1,3,455,1.0,161.2
ANODE-p1,3,456,1.0,166.0
ANODE-p1,3,457,1.0,165.6
ANODE-p1,3,458,1.0,164.8
ANODE-p1,3,459,1.0,164.8
ANODE-p1,3,460,1.0,163.6
ANODE-p1,3,461,1.0,164.0
ANODE-p1,3,462,1.0,164.8
ANODE-p1,3,463,1.0,165.2
ANODE-p1,3,464,1.0,162.0
ANODE-p1,3,465,1.0,165.2
ANODE-p1,3,466,1.0,165.6
ANODE-p1,3,467,1.0,164.8
ANODE-p1,3,468,1.0,162.8
ANODE-p1,3,469,1.0,162.0
ANODE-p1,3,470,1.0,163.2
ANODE-p1,3,471,1.0,162.4
ANODE-p1,3,472,1.0,164.0
ANODE-p1,3,473,1.0,163.2
ANODE-p1,3,474,1.0,164.4
ANODE-p1,3,475,1.0,163.6
ANODE-p1,3,476,1.0,163.2
ANODE-p1,3,477,1.0,163.6
ANODE-p1,3,478,1.0,164.4
ANODE-p1,3,479,1.0,166.8
ANODE-p1,3,480,1.0,161.2
ANODE-p1,3,481,1.0,164.0
ANODE-p1,3,482,1.0,165.6
ANODE-p1,3,483,1.0,163.2
ANODE-p1,3,484,1.0,163.6
ANODE-p1,3,485,1.0,163.6
ANODE-p1,3,486,1.0,163.2
ANODE-p1,3,487,1.0,164.4
ANODE-p1,3,488,1.0,163.6
ANODE-p1,3,489,1.0,163.6
ANODE-p1,3,490,1.0,164.0
ANODE-p1,3,491,1.0,164.0
ANODE-p1,3,492,1.0,164.8
ANODE-p1,3,493,1.0,164.4
ANODE-p1,3,494,1.0,165.6
ANODE-p1,3,495,1.0,166.0
ANODE-p1,3,496,1.0,165.2
ANODE-p1,3,497,1.0,166.0
ANODE-p1,3,498,1.0,163.6
ANODE-p1,3,499,1.0,164.4
ANODE-p1,3,500,1.0,167.6
ANODE-p1,3,501,1.0,166.8
ANODE-p1,3,502,1.0,162.8
ANODE-p1,3,503,1.0,166.0
ANODE-p1,3,504,1.0,167.6
ANODE-p1,3,505,1.0,163.6
ANODE-p1,3,506,1.0,165.6
ANODE-p1,3,507,1.0,161.2
ANODE-p1,3,508,1.0,165.2
ANODE-p1,3,509,1.0,163.2
ANODE-p1,3,510,1.0,164.8
ANODE-p1,3,511,1.0,166.0
ANODE-p1,3,512,1.0,164.0
ANODE-p1,3,513,1.0,164.0
ANODE-p1,3,514,1.0,165.2
ANODE-p1,3,515,1.0,163.6
ANODE-p1,3,516,1.0,163.2
ANODE-p1,3,517,1.0,166.8
ANODE-p1,3,518,1.0,166.0
ANODE-p1,3,519,1.0,164.8
ANODE-p1,3,520,1.0,165.2
ANODE-p1,3,521,1.0,164.8
ANODE-p1,3,522,1.0,164.0
ANODE-p1,3,523,1.0,165.2
ANODE-p1,3,524,1.0,166.4
ANODE-p1,3,525,1.0,164.8
ANODE-p1,3,526,1.0,165.2
ANODE-p1,3,527,1.0,164.4
ANODE-p1,3,528,1.0,164.8
ANODE-p1,3,529,1.0,164.8
ANODE-p1,3,530,1.0,162.8
ANODE-p1,3,531,1.0,164.8
ANODE-p1,3,532,1.0,163.6
ANODE-p1,3,533,1.0,166.4
ANODE-p1,3,534,1.0,163.6
ANODE-p1,3,535,1.0,162.4
ANODE-p1,3,536,1.0,166.0
ANODE-p1,3,537,1.0,166.0
ANODE-p1,3,538,1.0,161.6
ANODE-p1,3,539,1.0,163.6
ANODE-p1,3,540,1.0,162.4
ANODE-p1,3,541,1.0,166.4
ANODE-p1,3,542,1.0,165.6
ANODE-p1,3,543,1.0,162.8
ANODE-p1,3,544,1.0,165.2
ANODE-p1,3,545,1.0,166.0
ANODE-p1,3,546,1.0,166.0
ANODE-p1,3,547,1.0,162.8
ANODE-p1,3,548,1.0,166.0
ANODE-p1,3,549,1.0,165.2
ANODE-p1,3,550,1.0,165.2
ANODE-p1,3,551,1.0,163.2
ANODE-p1,3,552,1.0,167.6
ANODE-p1,3,553,1.0,164.4
ANODE-p1,3,554,1.0,166.0
ANODE-p1,3,555,1.0,166.8
ANODE-p1,3,556,1.0,163.6
ANODE-p1,3,557,1.0,167.6
ANODE-p1,3,558,1.0,163.2
ANODE-p1,3,559,1.0,165.6
ANODE-p1,3,560,1.0,164.4
ANODE-p1,3,561,1.0,164.8
ANODE-p1,3,562,1.0,165.2
ANODE-p1,3,563,1.0,163.2
ANODE-p1,3,564,1.0,164.4
ANODE-p1,3,565,1.0,162.8
ANODE-p1,3,566,1.0,162.8
ANODE-p1,3,567,1.0,164.8
ANODE-p1,3,568,1.0,167.2
ANODE-p1,3,569,1.0,163.6
ANODE-p1,3,570,1.0,168.0
ANODE-p1,3,571,1.0,166.0
ANODE-p1,3,572,1.0,162.4
ANODE-p1,3,573,1.0,164.8
ANODE-p1,3,574,1.0,167.2
ANODE-p1,3,575,1.0,162.8
ANODE-p1,3,576,1.0,164.0
ANODE-p1,3,577,1.0,165.6
ANODE-p1,3,578,1.0,166.0
ANODE-p1,3,579,1.0,162.4
ANODE-p1,3,580,1.0,166.8
ANODE-p1,3,581,1.0,164.4
ANODE-p1,3,582,1.0,163.6
ANODE-p1,3,583,1.0,166.8
ANODE-p1,3,584,1.0,165.6
ANODE-p1,3,585,1.0,164.0
ANODE-p1,3,586,1.0,166.8
ANODE-p1,3,587,1.0,166.0
ANODE-p1,3,588,1.0,166.8
ANODE-p1,3,589,1.0,164.4
ANODE-p1,3,590,1.0,164.4
ANODE-p1,3,591,1.0,164.0
ANODE-p1,3,592,1.0,164.0
ANODE-p1,3,593,1.0,164.8
ANODE-p1,3,594,1.0,165.2
ANODE-p1,3,595,1.0,167.6
ANODE-p1,3,596,1.0,165.2
ANODE-p1,3,597,1.0,163.6
ANODE-p1,3,598,1.0,166.0
ANODE-p1,3,599,1.0,165.2
ANODE-p1,3,600,1.0,167.6
ANODE-p1,3,601,1.0,164.8
ANODE-p1,3,602,1.0,166.8
ANODE-p1,3,603,1.0,164.4
ANODE-p1,3,604,1.0,164.8
ANODE-p1,3,605,1.0,164.4
ANODE-p1,3,606,1.0,163.2
ANODE-p1,3,607,1.0,164.8
ANODE-p1,3,608,1.0,168.0
ANODE-p1,3,609,1.0,164.0
ANODE-p1,3,610,1.0,165.6
ANODE-p1,3,611,1.0,164.4
ANODE-p1,3,612,1.0,168.0
ANODE-p1,3,613,1.0,166.0
ANODE-p1,3,614,1.0,164.8
ANODE-p1,3,615,1.0,166.4
ANODE-p1,3,616,1.0,165.6
ANODE-p1,3,617,1.0,166.8
ANODE-p1,3,618,1.0,164.4
ANODE-p1,3,619,1.0,165.2
ANODE-p1,3,620,1.0,165.6
ANODE-p1,3,621,1.0,166.0
ANODE-p1,3,622,1.0,164.0
ANODE-p1,3,623,1.0,167.2
ANODE-p1,3,624,1.0,164.4
ANODE-p1,3,625,1.0,163.6
ANODE-p1,3,626,1.0,166.0
ANODE-p1,3,627,1.0,167.6
ANODE-p1,3,628,1.0,166.0
ANODE-p1,3,629,1.0,164.4
ANODE-p1,3,630,1.0,166.8
ANODE-p1,3,631,1.0,167.2
ANODE-p1,3,632,1.0,166.0
ANODE-p1,3,633,1.0,163.6
ANODE-p1,3,634,1.0,165.6
ANODE-p1,3,635,1.0,162.4
ANODE-p1,3,636,1.0,164.8
ANODE-p1,3,637,1.0,163.6
ANODE-p1,3,638,1.0,164.8
ANODE-p1,3,639,1.0,162.0
ANODE-p1,3,640,1.0,166.0
ANODE-p1,3,641,1.0,166.4
ANODE-p1,3,642,1.0,163.6
ANODE-p1,3,643,1.0,163.6
ANODE-p1,3,644,1.0,168.4
ANODE-p1,3,645,1.0,164.4
ANODE-p1,3,646,1.0,164.8
ANODE-p1,3,647,1.0,165.2
ANODE-p1,3,648,1.0,164.0
ANODE-p1,3,649,1.0,166.4
ANODE-p1,3,650,1.0,165.2
ANODE-p1,3,651,1.0,165.6
ANODE-p1,3,652,1.0,164.8
ANODE-p1,3,653,1.0,168.8
ANODE-p1,3,654,1.0,163.6
ANODE-p1,3,655,1.0,164.4
ANODE-p1,3,656,1.0,163.2
ANODE-p1,3,657,1.0,165.6
ANODE-p1,3,658,1.0,166.8
ANODE-p1,3,659,1.0,166.4
ANODE-p1,3,660,1.0,166.0
ANODE-p1,3,661,1.0,167.6
ANODE-p1,3,662,1.0,166.4
ANODE-p1,3,663,1.0,162.8
ANODE-p1,3,664,1.0,166.4
ANODE-p1,3,665,1.0,167.6
ANODE-p1,3,666,1.0,165.2
ANODE-p1,3,667,1.0,164.0
ANODE-p1,3,668,1.0,164.0
ANODE-p1,3,669,1.0,166.4
ANODE-p1,3,670,1.0,165.2
ANODE-p1,3,671,1.0,166.0
ANODE-p1,3,672,1.0,165.2
ANODE-p1,3,673,1.0,164.0
ANODE-p1,3,674,1.0,165.6
ANODE-p1,3,675,1.0,168.4
ANODE-p1,3,676,1.0,165.2
ANODE-p1,3,677,1.0,165.2
ANODE-p1,3,678,1.0,166.0
ANODE-p1,3,679,1.0,165.6
ANODE-p1,3,680,1.0,165.6
ANODE-p1,3,681,1.0,169.6
ANODE-p1,3,682,1.0,168.8
ANODE-p1,3,683,1.0,166.8
ANODE-p1,3,684,1.0,165.6
ANODE-p1,3,685,1.0,166.0
ANODE-p1,3,686,1.0,166.4
ANODE-p1,3,687,1.0,165.6
ANODE-p1,3,688,1.0,166.0
ANODE-p1,3,689,1.0,164.8
ANODE-p1,3,690,1.0,166.0
ANODE-p1,3,691,1.0,164.8
ANODE-p1,3,692,1.0,164.8
ANODE-p1,3,693,1.0,166.4
ANODE-p1,3,694,1.0,168.4
ANODE-p1,3,695,1.0,167.2
ANODE-p1,3,696,1.0,163.2
ANODE-p1,3,697,1.0,166.4
ANODE-p1,3,698,1.0,166.4
ANODE-p1,3,699,1.0,166.4
ANODE-p1,3,700,1.0,165.6
ANODE-p1,3,701,1.0,165.6
ANODE-p1,3,702,1.0,168.0
ANODE-p1,3,703,1.0,166.4
ANODE-p1,3,704,1.0,166.4
ANODE-p1,3,705,1.0,168.4
ANODE-p1,3,706,1.0,166.4
ANODE-p1,3,707,1.0,166.4
ANODE-p1,3,708,1.0,164.8
ANODE-p1,3,709,1.0,165.2
ANODE-p1,3,710,1.0,165.6
ANODE-p1,3,711,1.0,166.4
ANODE-p1,3,712,1.0,168.4
ANODE-p1,3,713,1.0,167.2
ANODE-p1,3,714,1.0,166.4
ANODE-p1,3,715,1.0,166.0
ANODE-p1,3,716,1.0,166.0
ANODE-p1,3,717,1.0,166.0
ANODE-p1,3,718,1.0,167.2
ANODE-p1,3,719,1.0,164.8
ANODE-p1,3,720,1.0,163.6
ANODE-p1,3,721,1.0,166.4
ANODE-p1,3,722,1.0,166.4
ANODE-p1,3,723,1.0,168.8
ANODE-p1,3,724,1.0,165.6
ANODE-p1,3,725,1.0,165.2
ANODE-p1,3,726,1.0,166.8
ANODE-p1,3,727,1.0,168.4
ANODE-p1,3,728,1.0,167.2
ANODE-p1,3,729,1.0,166.0
ANODE-p1,3,730,1.0,168.8
ANODE-p1,3,731,1.0,164.0
ANODE-p1,3,732,1.0,164.8
ANODE-p1,3,733,1.0,169.6
ANODE-p1,3,734,1.0,168.0
ANODE-p1,3,735,1.0,166.0
ANODE-p1,3,736,1.0,166.4
ANODE-p1,3,737,1.0,163.6
ANODE-p1,3,738,1.0,165.6
ANODE-p1,3,739,1.0,162.8
ANODE-p1,3,740,1.0,166.4
ANODE-p1,3,741,1.0,166.4
ANODE-p1,3,742,1.0,166.0
ANODE-p1,3,743,1.0,168.0
ANODE-p1,3,744,1.0,166.8
ANODE-p1,3,745,1.0,168.0
ANODE-p1,3,746,1.0,166.8
ANODE-p1,3,747,1.0,167.2
ANODE-p1,3,748,1.0,168.0
ANODE-p1,3,749,1.0,166.8
ANODE-p1,3,750,1.0,168.0
ANODE-p1,3,751,1.0,167.2
ANODE-p1,3,752,1.0,167.2
ANODE-p1,3,753,1.0,169.2
ANODE-p1,3,754,1.0,166.4
ANODE-p1,3,755,1.0,166.4
ANODE-p1,3,756,1.0,165.6
ANODE-p1,3,757,1.0,165.6
ANODE-p1,3,758,1.0,167.6
ANODE-p1,3,759,1.0,167.6
ANODE-p1,3,760,1.0,167.6
ANODE-p1,3,761,1.0,166.4
ANODE-p1,3,762,1.0,165.2
ANODE-p1,3,763,1.0,167.2
ANODE-p1,3,764,1.0,168.0
ANODE-p1,3,765,1.0,168.4
ANODE-p1,3,766,1.0,167.2
ANODE-p1,3,767,1.0,167.6
ANODE-p1,3,768,1.0,168.4
ANODE-p1,3,769,1.0,169.6
ANODE-p1,3,770,1.0,166.0
ANODE-p1,3,771,1.0,165.2
ANODE-p1,3,772,1.0,168.4
ANODE-p1,3,773,1.0,167.6
ANODE-p1,3,774,1.0,165.6
ANODE-p1,3,775,1.0,166.0
ANODE-p1,3,776,1.0,167.2
ANODE-p1,3,777,1.0,168.8
ANODE-p1,3,778,1.0,168.0
ANODE-p1,3,779,1.0,166.0
ANODE-p1,3,780,1.0,168.0
ANODE-p1,3,781,1.0,166.0
ANODE-p1,3,782,1.0,167.6
ANODE-p1,3,783,1.0,169.2
ANODE-p1,3,784,1.0,166.8
ANODE-p1,3,785,1.0,166.0
ANODE-p1,3,786,1.0,166.8
ANODE-p1,3,787,1.0,167.6
ANODE-p1,3,788,1.0,166.8
ANODE-p1,3,789,1.0,166.8
ANODE-p1,3,790,1.0,170.0
ANODE-p1,3,791,1.0,165.2
ANODE-p1,3,792,1.0,168.4
ANODE-p1,3,793,1.0,166.4
ANODE-p1,3,794,1.0,167.6
ANODE-p1,3,795,1.0,168.0
ANODE-p1,3,796,1.0,168.0
ANODE-p1,3,797,1.0,166.0
ANODE-p1,3,798,1.0,166.8
ANODE-p1,3,799,1.0,166.0
ANODE-p1,3,800,1.0,164.8
ANODE-p1,3,801,1.0,169.2
ANODE-p1,3,802,1.0,168.4
ANODE-p1,3,803,1.0,164.8
ANODE-p1,3,804,1.0,168.8
ANODE-p1,3,805,1.0,167.6
ANODE-p1,3,806,1.0,166.4
ANODE-p1,3,807,1.0,166.8
ANODE-p1,3,808,1.0,164.4
ANODE-p1,3,809,1.0,165.6
ANODE-p1,3,810,1.0,165.2
ANODE-p1,3,811,1.0,164.8
ANODE-p1,3,812,1.0,167.6
ANODE-p1,3,813,1.0,166.8
ANODE-p1,3,814,1.0,165.2
ANODE-p1,3,815,1.0,166.8
ANODE-p1,3,816,1.0,168.8
ANODE-p1,3,817,1.0,167.6
ANODE-p1,3,818,1.0,166.0
ANODE-p1,3,819,1.0,165.2
ANODE-p1,3,820,1.0,168.0
ANODE-p1,3,821,1.0,165.6
ANODE-p1,3,822,1.0,168.8
ANODE-p1,3,823,1.0,168.0
ANODE-p1,3,824,1.0,168.8
ANODE-p1,3,825,1.0,169.2
ANODE-p1,3,826,1.0,168.8
ANODE-p1,3,827,1.0,164.8
ANODE-p1,3,828,1.0,165.6
ANODE-p1,3,829,1.0,165.6
ANODE-p1,3,830,1.0,168.0
ANODE-p1,3,831,1.0,170.0
ANODE-p1,3,832,1.0,168.4
ANODE-p1,3,833,1.0,166.0
ANODE-p1,3,834,1.0,165.6
ANODE-p1,3,835,1.0,166.0
ANODE-p1,3,836,1.0,165.6
ANODE-p1,3,837,1.0,168.0
ANODE-p1,3,838,1.0,163.6
ANODE-p1,3,839,1.0,171.2
ANODE-p1,3,840,1.0,166.4
ANODE-p1,3,841,1.0,166.0
ANODE-p1,3,842,1.0,168.4
ANODE-p1,3,843,1.0,167.2
ANODE-p1,3,844,1.0,167.2
ANODE-p1,3,845,1.0,168.8
ANODE-p1,3,846,1.0,166.0
ANODE-p1,3,847,1.0,164.8
ANODE-p1,3,848,1.0,167.6
ANODE-p1,3,849,1.0,168.8
ANODE-p1,3,850,1.0,168.4
ANODE-p1,3,851,1.0,164.0
ANODE-p1,3,852,1.0,166.0
ANODE-p1,3,853,1.0,167.2
ANODE-p1,3,854,1.0,167.2
ANODE-p1,3,855,1.0,164.4
ANODE-p1,3,856,1.0,167.2
ANODE-p1,3,857,1.0,168.4
ANODE-p1,3,858,1.0,168.0
ANODE-p1,3,859,1.0,166.4
ANODE-p1,3,860,1.0,164.4
ANODE-p1,3,861,1.0,166.8
ANODE-p1,3,862,1.0,166.0
ANODE-p1,3,863,1.0,169.6
ANODE-p1,3,864,1.0,167.2
ANODE-p1,3,865,1.0,166.4
ANODE-p1,3,866,1.0,170.8
ANODE-p1,3,867,1.0,165.6
ANODE-p1,3,868,1.0,166.8
ANODE-p1,3,869,1.0,168.4
ANODE-p1,3,870,1.0,168.4
ANODE-p1,3,871,1.0,168.0
ANODE-p1,3,872,1.0,166.8
ANODE-p1,3,873,1.0,165.6
ANODE-p1,3,874,1.0,166.0
ANODE-p1,3,875,1.0,168.4
ANODE-p1,3,876,1.0,168.4
ANODE-p1,3,877,1.0,166.8
ANODE-p1,3,878,1.0,166.0
ANODE-p1,3,879,1.0,167.2
ANODE-p1,3,880,1.0,166.4
ANODE-p1,3,881,1.0,167.2
ANODE-p1,3,882,1.0,167.2
ANODE-p1,3,883,1.0,168.8
ANODE-p1,3,884,1.0,163.6
ANODE-p1,3,885,1.0,166.0
ANODE-p1,3,886,1.0,165.6
ANODE-p1,3,887,1.0,168.8
ANODE-p1,3,888,1.0,164.8
ANODE-p1,3,889,1.0,167.2
ANODE-p1,3,890,1.0,168.4
ANODE-p1,3,891,1.0,168.0
ANODE-p1,3,892,1.0,166.4
ANODE-p1,3,893,1.0,167.2
ANODE-p1,3,894,1.0,170.0
ANODE-p1,3,895,1.0,169.6
ANODE-p1,3,896,1.0,168.8
ANODE-p1,3,897,1.0,164.4
ANODE-p1,3,898,1.0,168.0
ANODE-p1,3,899,1.0,166.8
ANODE-p1,3,900,1.0,168.0
ANODE-p1,3,901,1.0,167.6
ANODE-p1,3,902,1.0,166.0
ANODE-p1,3,903,1.0,167.2
ANODE-p1,3,904,1.0,168.8
ANODE-p1,3,905,1.0,167.2
ANODE-p1,3,906,1.0,165.2
ANODE-p1,3,907,1.0,170.0
ANODE-p1,3,908,1.0,166.4
ANODE-p1,3,909,1.0,167.6
ANODE-p1,3,910,1.0,167.2
ANODE-p1,3,911,1.0,169.2
ANODE-p1,3,912,1.0,167.6
ANODE-p1,3,913,1.0,166.0
ANODE-p1,3,914,1.0,166.4
ANODE-p1,3,915,1.0,167.6
ANODE-p1,3,916,1.0,168.8
ANODE-p1,3,917,1.0,168.8
ANODE-p1,3,918,1.0,166.8
ANODE-p1,3,919,1.0,166.8
ANODE-p1,3,920,1.0,169.6
ANODE-p1,3,921,1.0,170.4
ANODE-p1,3,922,1.0,170.0
ANODE-p1,3,923,1.0,167.2
ANODE-p1,3,924,1.0,167.6
ANODE-p1,3,925,1.0,166.0
ANODE-p1,3,926,1.0,167.2
ANODE-p1,3,927,1.0,168.0
ANODE-p1,3,928,1.0,167.2
ANODE-p1,3,929,1.0,167.6
ANODE-p1,3,930,1.0,167.6
ANODE-p1,3,931,1.0,168.0
ANODE-p1,3,932,1.0,166.4
ANODE-p1,3,933,1.0,167.6
ANODE-p1,3,934,1.0,167.2
ANODE-p1,3,935,1.0,166.4
ANODE-p1,3,936,1.0,169.2
ANODE-p1,3,937,1.0,166.4
ANODE-p1,3,938,1.0,166.8
ANODE-p1,3,939,1.0,166.8
ANODE-p1,3,940,1.0,167.6
ANODE-p1,3,941,1.0,167.6
ANODE-p1,3,942,1.0,166.0
ANODE-p1,3,943,1.0,168.8
ANODE-p1,3,944,1.0,168.8
ANODE-p1,3,945,1.0,165.6
ANODE-p1,3,946,1.0,168.8
ANODE-p1,3,947,1.0,168.0
ANODE-p1,3,948,1.0,163.2
ANODE-p1,3,949,1.0,168.8
ANODE-p1,3,950,1.0,170.0
ANODE-p1,3,951,1.0,169.6
ANODE-p1,3,952,1.0,166.8
ANODE-p1,3,953,1.0,167.6
ANODE-p1,3,954,1.0,168.8
ANODE-p1,3,955,1.0,166.8
ANODE-p1,3,956,1.0,168.0
ANODE-p1,3,957,1.0,169.2
ANODE-p1,3,958,1.0,167.6
ANODE-p1,3,959,1.0,167.2
ANODE-p1,3,960,1.0,166.8
ANODE-p1,3,961,1.0,167.2
ANODE-p1,3,962,1.0,168.0
ANODE-p1,3,963,1.0,167.6
ANODE-p1,3,964,1.0,166.8
ANODE-p1,3,965,1.0,166.4
ANODE-p1,3,966,1.0,168.4
ANODE-p1,3,967,1.0,166.8
ANODE-p1,3,968,1.0,171.2
ANODE-p1,3,969,1.0,171.2
ANODE-p1,3,970,1.0,167.2
ANODE-p1,3,971,1.0,165.2
ANODE-p1,3,972,1.0,166.8
ANODE-p1,3,973,1.0,167.2
ANODE-p1,3,974,1.0,169.6
ANODE-p1,3,975,1.0,168.8
ANODE-p1,3,976,1.0,166.0
ANODE-p1,3,977,1.0,170.0
ANODE-p1,3,978,1.0,168.4
ANODE-p1,3,979,1.0,169.2
ANODE-p1,3,980,1.0,169.2
ANODE-p1,3,981,1.0,168.0
ANODE-p1,3,982,1.0,167.2
ANODE-p1,3,983,1.0,166.0
ANODE-p1,3,984,1.0,169.2
ANODE-p1,3,985,1.0,166.8
ANODE-p1,3,986,1.0,167.2
ANODE-p1,3,987,1.0,165.2
ANODE-p1,3,988,1.0,165.6
ANODE-p1,3,989,1.0,165.2
ANODE-p1,3,990,1.0,166.8
ANODE-p1,3,991,1.0,167.2
ANODE-p1,3,992,1.0,169.6
ANODE-p1,3,993,1.0,170.8
ANODE-p1,3,994,1.0,168.4
ANODE-p1,3,995,1.0,167.2
ANODE-p1,3,996,1.0,168.4
ANODE-p1,3,997,1.0,169.6
ANODE-p1,3,998,1.0,168.0
ANODE-p1,3,999,1.0,167.2
ANODE-p1,3,1000,1.0,169.2
ANODE-p1,4,1,0.5125,43.2
ANODE-p1,4,2,0.6604166666666667,53.6
ANODE-p1,4,3,0.6604166666666667,67.2
ANODE-p1,4,4,0.7802083333333333,102.8
ANODE-p1,4,5,0.9947916666666666,132.4
ANODE-p1,4,6,1.0,152.4
ANODE-p1,4,7,1.0,168.0
ANODE-p1,4,8,1.0,196.4
ANODE-p1,4,9,1.0,209.2
ANODE-p1,4,10,0.9989583333333333,224.4
ANODE-p1,4,11,0.996875,222.0
ANODE-p1,4,12,0.9458333333333333,178.4
ANODE-p1,4,13,0.9697916666666667,178.4
ANODE-p1,4,14,0.9958333333333333,187.6
ANODE-p1,4,15,0.996875,187.6
ANODE-p1,4,16,1.0,190.0
ANODE-p1,4,17,1.0,192.4
ANODE-p1,4,18,1.0,194.0
ANODE-p1,4,19,1.0,194.0
ANODE-p1,4,20,1.0,193.2
ANODE-p1,4,21,1.0,192.8
ANODE-p1,4,22,1.0,192.4
ANODE-p1,4,23,1.0,190.8
ANODE-p1,4,24,1.0,191.6
ANODE-p1,4,25,1.0,190.0
ANODE-p1,4,26,1.0,192.4
ANODE-p1,4,27,1.0,192.0
ANODE-p1,4,28,1.0,191.6
ANODE-p1,4,29,1.0,191.2
ANODE-p1,4,30,1.0,191.2
ANODE-p1,4,31,1.0,191.6
ANODE-p1,4,32,1.0,195.6
ANODE-p1,4,33,1.0,192.0
ANODE-p1,4,34,1.0,192.8
ANODE-p1,4,35,1.0,191.2
ANODE-p1,4,36,1.0,192.8
ANODE-p1,4,37,1.0,191.6
ANODE-p1,4,38,1.0,192.0
ANODE-p1,4,39,1.0,192.0
ANODE-p1,4,40,1.0,194.0
ANODE-p1,4,41,1.0,190.0
ANODE-p1,4,42,1.0,191.2
ANODE-p1,4,43,1.0,193.2
ANODE-p1,4,44,1.0,192.0
ANODE-p1,4,45,1.0,192.0
ANODE-p1,4,46,1.0,191.2
ANODE-p1,4,47,1.0,190.4
ANODE-p1,4,48,1.0,193.2
ANODE-p1,4,49,1.0,194.4
ANODE-p1,4,50,1.0,192.8
ANODE-p1,4,51,1.0,194.4
ANODE-p1,4,52,1.0,194.4
ANODE-p1,4,53,1.0,193.6
ANODE-p1,4,54,1.0,194.4
ANODE-p1,4,55,1.0,191.6
ANODE-p1,4,56,1.0,191.2
ANODE-p1,4,57,1.0,192.8
ANODE-p1,4,58,1.0,190.4
ANODE-p1,4,59,1.0,191.6
ANODE-p1,4,60,1.0,191.2
ANODE-p1,4,61,1.0,195.2
ANODE-p1,4,62,1.0,192.4
ANODE-p1,4,63,1.0,194.0
ANODE-p1,4,64,1.0,192.8
ANODE-p1,4,65,1.0,192.8
ANODE-p1,4,66,1.0,192.8
ANODE-p1,4,67,1.0,193.6
ANODE-p1,4,68,1.0,192.8
ANODE-p1,4,69,1.0,192.8
ANODE-p1,4,70,1.0,193.6
ANODE-p1,4,71,1.0,192.4
ANODE-p1,4,72,1.0,191.6
ANODE-p1,4,73,1.0,192.8
ANODE-p1,4,74,1.0,194.0
ANODE-p1,4,75,1.0,196.4
ANODE-p1,4,76,1.0,192.0
ANODE-p1,4,77,1.0,193.2
ANODE-p1,4,78,1.0,191.6
ANODE-p1,4,79,1.0,191.2
ANODE-p1,4,80,1.0,194.4
ANODE-p1,4,81,1.0,194.0
ANODE-p1,4,82,1.0,194.8
ANODE-p1,4,83,1.0,192.8
ANODE-p1,4,84,1.0,192.0
ANODE-p1,4,85,1.0,193.2
ANODE-p1,4,86,1.0,191.6
ANODE-p1,4,87,1.0,193.6
ANODE-p1,4,88,1.0,192.4
ANODE-p1,4,89,1.0,194.0
ANODE-p1,4,90,1.0,190.4
ANODE-p1,4,91,1.0,192.8
ANODE-p1,4,92,1.0,192.0
ANODE-p1,4,93,1.0,194.4
ANODE-p1,4,94,1.0,193.2
ANODE-p1,4,95,1.0,193.2
ANODE-p1,4,96,1.0,193.2
ANODE-p1,4,97,1.0,192.8
ANODE-p1,4,98,1.0,194.0
ANODE-p1,4,99,1.0,192.8
ANODE-p1,4,100,1.0,192.0
ANODE-p1,4,101,1.0,192.0
ANODE-p1,4,102,1.0,196.0
ANODE-p1,4,103,1.0,193.2
ANODE-p1,4,104,1.0,191.2
ANODE-p1,4,105,1.0,195.2
ANODE-p1,4,106,1.0,194.0
ANODE-p1,4,107,1.0,193.6
ANODE-p1,4,108,1.0,194.8
ANODE-p1,4,109,1.0,195.6
ANODE-p1,4,110,1.0,192.0
ANODE-p1,4,111,1.0,192.4
ANODE-p1,4,112,1.0,190.4
ANODE-p1,4,113,1.0,193.2
ANODE-p1,4,114,1.0,191.6
ANODE-p1,4,115,1.0,195.2
ANODE-p1,4,116,1.0,193.2
ANODE-p1,4,117,1.0,194.0
ANODE-p1,4,118,1.0,192.4
ANODE-p1,4,119,1.0,195.2
ANODE-p1,4,120,1.0,195.6
ANODE-p1,4,121,1.0,194.0
ANODE-p1,4,122,1.0,192.0
ANODE-p1,4,123,1.0,192.8
ANODE-p1,4,124,1.0,193.6
ANODE-p1,4,125,1.0,193.2
ANODE-p1,4,126,1.0,192.8
ANODE-p1,4,127,1.0,190.8
ANODE-p1,4,128,1.0,194.8
ANODE-p1,4,129,1.0,194.8
ANODE-p1,4,130,1.0,191.6
ANODE-p1,4,131,1.0,193.2
ANODE-p1,4,132,1.0,195.2
ANODE-p1,4,133,1.0,193.2
ANODE-p1,4,134,1.0,191.6
ANODE-p1,4,135,1.0,193.2
ANODE-p1,4,136,1.0,194.8
ANODE-p1,4,137,1.0,194.0
ANODE-p1,4,138,1.0,194.4
ANODE-p1,4,139,1.0,192.4
ANODE-p1,4,140,1.0,193.2
ANODE-p1,4,141,1.0,192.0
ANODE-p1,4,142,1.0,192.4
ANODE-p1,4,143,1.0,192.4
ANODE-p1,4,144,1.0,194.0
ANODE-p1,4,145,1.0,195.2
ANODE-p1,4,146,1.0,192.8
ANODE-p1,4,147,1.0,193.2
ANODE-p1,4,148,1.0,193.6
ANODE-p1,4,149,1.0,193.6
ANODE-p1,4,150,1.0,192.4
ANODE-p1,4,151,1.0,193.2
ANODE-p1,4,152,1.0,194.4
ANODE-p1,4,153,1.0,192.4
ANODE-p1,4,154,1.0,194.8
ANODE-p1,4,155,1.0,195.6
ANODE-p1,4,156,1.0,194.0
ANODE-p1,4,157,1.0,193.2
ANODE-p1,4,158,1.0,194.4
ANODE-p1,4,159,1.0,192.0
ANODE-p1,4,160,1.0,194.8
ANODE-p1,4,161,1.0,192.8
ANODE-p1,4,162,1.0,194.4
ANODE-p1,4,163,1.0,194.0
ANODE-p1,4,164,1.0,195.6
ANODE-p1,4,165,1.0,194.8
ANODE-p1,4,166,1.0,192.8
ANODE-p1,4,167,1.0,193.6
ANODE-p1,4,168,1.0,193.2
ANODE-p1,4,169,1.0,194.4
ANODE-p1,4,170,1.0,191.2
ANODE-p1,4,171,1.0,192.8
ANODE-p1,4,172,1.0,194.8
ANODE-p1,4,173,1.0,193.6
ANODE-p1,4,174,1.0,194.4
ANODE-p1,4,175,1.0,193.2
ANODE-p1,4,176,1.0,193.6
ANODE-p1,4,177,1.0,193.6
ANODE-p1,4,178,1.0,193.6
ANODE-p1,4,179,1.0,193.6
ANODE-p1,4,180,1.0,194.8
ANODE-p1,4,181,1.0,196.4
ANODE-p1,4,182,1.0,194.8
ANODE-p1,4,183,1.0,194.4
ANODE-p1,4,184,1.0,193.2
ANODE-p1,4,185,1.0,194.4
ANODE-p1,4,186,1.0,191.6
ANODE-p1,4,187,1.0,192.8
ANODE-p1,4,188,1.0,192.8
ANODE-p1,4,189,1.0,194.0
ANODE-p1,4,190,1.0,192.8
ANODE-p1,4,191,1.0,192.4
ANODE-p1,4,192,1.0,192.0
ANODE-p1,4,193,1.0,193.2
ANODE-p1,4,194,1.0,194.0
ANODE-p1,4,195,1.0,194.0
ANODE-p1,4,196,1.0,195.2
ANODE-p1,4,197,1.0,192.8
ANODE-p1,4,198,1.0,192.0
ANODE-p1,4,199,1.0,195.6
ANODE-p1,4,200,1.0,192.8
ANODE-p1,4,201,1.0,194.0
ANODE-p1,4,202,1.0,194.0
ANODE-p1,4,203,1.0,192.4
ANODE-p1,4,204,1.0,194.0
ANODE-p1,4,205,1.0,190.8
ANODE-p1,4,206,1.0,192.8
ANODE-p1,4,207,1.0,193.6
ANODE-p1,4,208,1.0,194.4
ANODE-p1,4,209,1.0,196.4
ANODE-p1,4,210,1.0,192.8
ANODE-p1,4,211,1.0,192.8
ANODE-p1,4,212,1.0,193.6
ANODE-p1,4,213,1.0,192.0
ANODE-p1,4,214,1.0,192.0
ANODE-p1,4,215,1.0,193.2
ANODE-p1,4,216,1.0,194.8
ANODE-p1,4,217,1.0,196.0
ANODE-p1,4,218,1.0,194.4
ANODE-p1,4,219,1.0,196.8
ANODE-p1,4,220,1.0,196.0
ANODE-p1,4,221,1.0,193.2
ANODE-p1,4,222,1.0,192.0
ANODE-p1,4,223,1.0,192.8
ANODE-p1,4,224,1.0,194.4
ANODE-p1,4,225,1.0,194.4
ANODE-p1,4,226,1.0,194.8
ANODE-p1,4,227,1.0,194.8
ANODE-p1,4,228,1.0,192.8
ANODE-p1,4,229,1.0,195.2
ANODE-p1,4,230,1.0,194.4
ANODE-p1,4,231,1.0,192.8
ANODE-p1,4,232,1.0,193.6
ANODE-p1,4,233,1.0,194.0
ANODE-p1,4,234,1.0,194.8
ANODE-p1,4,235,1.0,193.6
ANODE-p1,4,236,1.0,195.6
ANODE-p1,4,237,1.0,192.8
ANODE-p1,4,238,1.0,196.0
ANODE-p1,4,239,1.0,195.2
ANODE-p1,4,240,1.0,196.0
ANODE-p1,4,241,1.0,192.8
ANODE-p1,4,242,1.0,193.6
ANODE-p1,4,243,1.0,194.8
ANODE-p1,4,244,1.0,193.6
ANODE-p1,4,245,1.0,193.6
ANODE-p1,4,246,1.0,194.0
ANODE-p1,4,247,1.0,192.4
ANODE-p1,4,248,1.0,193.2
ANODE-p1,4,249,1.0,194.4
ANODE-p1,4,250,1.0,192.8
ANODE-p1,4,251,1.0,193.2
ANODE-p1,4,252,1.0,194.0
ANODE-p1,4,253,1.0,191.6
ANODE-p1,4,254,1.0,194.4
ANODE-p1,4,255,1.0,194.4
ANODE-p1,4,256,1.0,196.4
ANODE-p1,4,257,1.0,193.6
ANODE-p1,4,258,1.0,196.4
ANODE-p1,4,259,1.0,193.6
ANODE-p1,4,260,1.0,193.2
ANODE-p1,4,261,1.0,191.6
ANODE-p1,4,262,1.0,192.0
ANODE-p1,4,263,1.0,194.4
ANODE-p1,4,264,1.0,194.8
ANODE-p1,4,265,1.0,194.8
ANODE-p1,4,266,1.0,194.8
ANODE-p1,4,267,1.0,196.4
ANODE-p1,4,268,1.0,196.4
ANODE-p1,4,269,1.0,193.2
ANODE-p1,4,270,1.0,193.2
ANODE-p1,4,271,1.0,194.8
ANODE-p1,4,272,1.0,194.0
ANODE-p1,4,273,1.0,194.8
ANODE-p1,4,274,1.0,193.6
ANODE-p1,4,275,1.0,192.8
ANODE-p1,4,276,1.0,193.6
ANODE-p1,4,277,1.0,192.8
ANODE-p1,4,278,1.0,196.0
ANODE-p1,4,279,1.0,194.8
ANODE-p1,4,280,1.0,196.4
ANODE-p1,4,281,1.0,195.6
ANODE-p1,4,282,1.0,195.6
ANODE-p1,4,283,1.0,196.0
ANODE-p1,4,284,1.0,196.0
ANODE-p1,4,285,1.0,196.0
ANODE-p1,4,286,1.0,192.4
ANODE-p1,4,287,1.0,195.6
ANODE-p1,4,288,1.0,193.6
ANODE-p1,4,289,1.0,193.6
ANODE-p1,4,290,1.0,194.8
ANODE-p1,4,291,1.0,195.2
ANODE-p1,4,292,1.0,193.6
ANODE-p1,4,293,1.0,192.8
ANODE-p1,4,294,1.0,194.8
ANODE-p1,4,295,1.0,193.2
ANODE-p1,4,296,1.0,196.0
ANODE-p1,4,297,1.0,192.8
ANODE-p1,4,298,1.0,192.4
ANODE-p1,4,299,1.0,194.8
ANODE-p1,4,300,1.0,193.2
ANODE-p1,4,301,1.0,194.4
ANODE-p1,4,302,1.0,195.2
ANODE-p1,4,303,1.0,192.4
ANODE-p1,4,304,1.0,195.6
ANODE-p1,4,305,1.0,195.2
ANODE-p1,4,306,1.0,195.2
ANODE-p1,4,307,1.0,195.6
ANODE-p1,4,308,1.0,193.6
ANODE-p1,4,309,1.0,194.8
ANODE-p1,4,310,1.0,193.6
ANODE-p1,4,311,1.0,195.6
ANODE-p1,4,312,1.0,194.4
ANODE-p1,4,313,1.0,195.6
ANODE-p1,4,314,1.0,194.8
ANODE-p1,4,315,1.0,194.4
ANODE-p1,4,316,1.0,194.4
ANODE-p1,4,317,1.0,191.2
ANODE-p1,4,318,1.0,193.6
ANODE-p1,4,319,1.0,194.4
ANODE-p1,4,320,1.0,194.4
ANODE-p1,4,321,1.0,194.4
ANODE-p1,4,322,1.0,193.6
ANODE-p1,4,323,1.0,194.0
ANODE-p1,4,324,1.0,194.8
ANODE-p1,4,325,1.0,192.8
ANODE-p1,4,326,1.0,195.6
ANODE-p1,4,327,1.0,193.2
ANODE-p1,4,328,1.0,195.2
ANODE-p1,4,329,1.0,192.8
ANODE-p1,4,330,1.0,194.8
ANODE-p1,4,331,1.0,196.4
ANODE-p1,4,332,1.0,193.2
ANODE-p1,4,333,1.0,192.0
ANODE-p1,4,334,1.0,194.4
ANODE-p1,4,335,1.0,193.2
ANODE-p1,4,336,1.0,196.4
ANODE-p1,4,337,1.0,194.8
ANODE-p1,4,338,1.0,193.6
ANODE-p1,4,339,1.0,195.2
ANODE-p1,4,340,1.0,192.8
ANODE-p1,4,341,1.0,193.6
ANODE-p1,4,342,1.0,194.4
ANODE-p1,4,343,1.0,192.8
ANODE-p1,4,344,1.0,194.4
ANODE-p1,4,345,1.0,194.8
ANODE-p1,4,346,1.0,194.4
ANODE-p1,4,347,1.0,195.6
ANODE-p1,4,348,1.0,195.6
ANODE-p1,4,349,1.0,196.8
ANODE-p1,4,350,1.0,195.2
ANODE-p1,4,351,1.0,195.6
ANODE-p1,4,352,1.0,194.0
ANODE-p1,4,353,1.0,195.2
ANODE-p1,4,354,1.0,195.6
ANODE-p1,4,355,1.0,196.8
ANODE-p1,4,356,1.0,194.0
ANODE-p1,4,357,1.0,194.8
ANODE-p1,4,358,1.0,196.0
ANODE-p1,4,359,1.0,193.6
ANODE-p1,4,360,1.0,193.2
ANODE-p1,4,361,1.0,193.6
ANODE-p1,4,362,1.0,194.0
ANODE-p1,4,363,1.0,194.4
ANODE-p1,4,364,1.0,196.0
ANODE-p1,4,365,1.0,192.8
ANODE-p1,4,366,1.0,192.8
ANODE-p1,4,367,1.0,194.0
ANODE-p1,4,368,1.0,191.6
ANODE-p1,4,369,1.0,195.6
ANODE-p1,4,370,1.0,196.4
ANODE-p1,4,371,1.0,193.6
ANODE-p1,4,372,1.0,194.4
ANODE-p1,4,373,1.0,192.4
ANODE-p1,4,374,1.0,193.2
ANODE-p1,4,375,1.0,194.8
ANODE-p1,4,376,1.0,194.0
ANODE-p1,4,377,1.0,193.2
ANODE-p1,4,378,1.0,195.2
ANODE-p1,4,379,1.0,194.4
ANODE-p1,4,380,1.0,193.2
ANODE-p1,4,381,1.0,194.4
ANODE-p1,4,382,1.0,193.2
ANODE-p1,4,383,1.0,193.6
ANODE-p1,4,384,1.0,195.2
ANODE-p1,4,385,1.0,195.6
ANODE-p1,4,386,1.0,193.2
ANODE-p1,4,387,1.0,193.6
ANODE-p1,4,388,1.0,193.2
ANODE-p1,4,389,1.0,195.2
ANODE-p1,4,390,1.0,197.6
ANODE-p1,4,391,1.0,194.4
ANODE-p1,4,392,1.0,194.4
ANODE-p1,4,393,1.0,194.4
ANODE-p1,4,394,1.0,194.4
ANODE-p1,4,395,1.0,195.2
ANODE-p1,4,396,1.0,193.6
ANODE-p1,4,397,1.0,194.0
ANODE-p1,4,398,1.0,196.0
ANODE-p1,4,399,1.0,195.2
ANODE-p1,4,400,1.0,196.8
ANODE-p1,4,401,1.0,194.4
ANODE-p1,4,402,1.0,195.6
ANODE-p1,4,403,1.0,192.8
ANODE-p1,4,404,1.0,194.8
ANODE-p1,4,405,1.0,193.2
ANODE-p1,4,406,1.0,196.0
ANODE-p1,4,407,1.0,196.4
ANODE-p1,4,408,1.0,193.2
ANODE-p1,4,409,1.0,194.8
ANODE-p1,4,410,1.0,194.8
ANODE-p1,4,411,1.0,196.8
ANODE-p1,4,412,1.0,193.6
ANODE-p1,4,413,1.0,193.2
ANODE-p1,4,414,1.0,193.2
ANODE-p1,4,415,1.0,194.0
ANODE-p1,4,416,1.0,195.2
ANODE-p1,4,417,1.0,196.0
ANODE-p1,4,418,1.0,195.6
ANODE-p1,4,419,1.0,195.6
ANODE-p1,4,420,1.0,193.2
ANODE-p1,4,421,1.0,192.0
ANODE-p1,4,422,1.0,193.6
ANODE-p1,4,423,1.0,194.4
ANODE-p1,4,424,1.0,194.8
ANODE-p1,4,425,1.0,194.0
ANODE-p1,4,426,1.0,194.4
ANODE-p1,4,427,1.0,198.0
ANODE-p1,4,428,1.0,194.4
ANODE-p1,4,429,1.0,196.8
ANODE-p1,4,430,1.0,195.6
ANODE-p1,4,431,1.0,194.8
ANODE-p1,4,432,1.0,192.8
ANODE-p1,4,433,1.0,194.8
ANODE-p1,4,434,1.0,194.8
ANODE-p1,4,435,1.0,193.6
ANODE-p1,4,436,1.0,192.4
ANODE-p1,4,437,1.0,195.6
ANODE-p1,4,438,1.0,195.2
ANODE-p1,4,439,1.0,194.0
ANODE-p1,4,440,1.0,196.4
ANODE-p1,4,441,1.0,197.6
ANODE-p1,4,442,1.0,195.2
ANODE-p1,4,443,1.0,195.6
ANODE-p1,4,444,1.0,194.4
ANODE-p1,4,445,1.0,196.4
ANODE-p1,4,446,1.0,194.8
ANODE-p1,4,447,1.0,194.8
ANODE-p1,4,448,1.0,194.0
ANODE-p1,4,449,1.0,192.8
ANODE-p1,4,450,1.0,194.0
ANODE-p1,4,451,1.0,197.6
ANODE-p1,4,452,1.0,194.8
ANODE-p1,4,453,1.0,194.8
ANODE-p1,4,454,1.0,196.8
ANODE-p1,4,455,1.0,198.4
ANODE-p1,4,456,1.0,193.6
ANODE-p1,4,457,1.0,193.6
ANODE-p1,4,458,1.0,194.4
ANODE-p1,4,459,1.0,193.2
ANODE-p1,4,460,1.0,192.4
ANODE-p1,4,461,1.0,192.4
ANODE-p1,4,462,1.0,192.4
ANODE-p1,4,463,1.0,193.2
ANODE-p1,4,464,1.0,192.8
ANODE-p1,4,465,1.0,194.8
ANODE-p1,4,466,1.0,194.8
ANODE-p1,4,467,1.0,194.4
ANODE-p1,4,468,1.0,194.4
ANODE-p1,4,469,1.0,195.2
ANODE-p1,4,470,1.0,194.4
ANODE-p1,4,471,1.0,194.4
ANODE-p1,4,472,1.0,194.4
ANODE-p1,4,473,1.0,194.4
ANODE-p1,4,474,1.0,194.8
ANODE-p1,4,475,1.0,196.0
ANODE-p1,4,476,1.0,193.6
ANODE-p1,4,477,1.0,195.6
ANODE-p1,4,478,1.0,194.0
ANODE-p1,4,479,1.0,193.2
ANODE-p1,4,480,1.0,196.0
ANODE-p1,4,481,1.0,194.8
ANODE-p1,4,482,1.0,194.8
ANODE-p1,4,483,1.0,197.2
ANODE-p1,4,484,1.0,195.2
ANODE-p1,4,485,1.0,195.6
ANODE-p1,4,486,1.0,192.0
ANODE-p1,4,487,1.0,198.4
ANODE-p1,4,488,1.0,195.2
ANODE-p1,4,489,1.0,194.0
ANODE-p1,4,490,1.0,194.0
ANODE-p1,4,491,1.0,193.2
ANODE-p1,4,492,1.0,192.8
ANODE-p1,4,493,1.0,196.4
ANODE-p1,4,494,1.0,196.0
ANODE-p1,4,495,1.0,194.4
ANODE-p1,4,496,1.0,195.2
ANODE-p1,4,497,1.0,195.2
ANODE-p1,4,498,1.0,196.0
ANODE-p1,4,499,1.0,196.8
ANODE-p1,4,500,1.0,194.0
ANODE-p1,4,501,1.0,196.8
ANODE-p1,4,502,1.0,194.4
ANODE-p1,4,503,1.0,193.6
ANODE-p1,4,504,1.0,196.4
ANODE-p1,4,505,1.0,195.2
ANODE-p1,4,506,1.0,196.0
ANODE-p1,4,507,1.0,196.0
ANODE-p1,4,508,1.0,194.4
ANODE-p1,4,509,1.0,195.2
ANODE-p1,4,510,1.0,196.4
ANODE-p1,4,511,1.0,194.8
ANODE-p1,4,512,1.0,195.2
ANODE-p1,4,513,1.0,198.0
ANODE-p1,4,514,1.0,194.8
ANODE-p1,4,515,1.0,193.2
ANODE-p1,4,516,1.0,194.4
ANODE-p1,4,517,1.0,196.4
ANODE-p1,4,518,1.0,192.8
ANODE-p1,4,519,1.0,195.6
ANODE-p1,4,520,1.0,194.8
ANODE-p1,4,521,1.0,193.6
ANODE-p1,4,522,1.0,192.4
ANODE-p1,4,523,1.0,196.8
ANODE-p1,4,524,1.0,195.6
ANODE-p1,4,525,1.0,192.8
ANODE-p1,4,526,1.0,194.8
ANODE-p1,4,527,1.0,195.6
ANODE-p1,4,528,1.0,195.6
ANODE-p1,4,529,1.0,194.8
ANODE-p1,4,530,1.0,193.2
ANODE-p1,4,531,1.0,195.2
ANODE-p1,4,532,1.0,198.0
ANODE-p1,4,533,1.0,193.2
ANODE-p1,4,534,1.0,195.6
ANODE-p1,4,535,1.0,195.6
ANODE-p1,4,536,1.0,195.6
ANODE-p1,4,537,1.0,194.4
ANODE-p1,4,538,1.0,195.2
ANODE-p1,4,539,1.0,196.4
ANODE-p1,4,540,1.0,195.2
ANODE-p1,4,541,1.0,196.0
ANODE-p1,4,542,1.0,194.8
ANODE-p1,4,543,1.0,194.4
ANODE-p1,4,544,1.0,195.2
ANODE-p1,4,545,1.0,193.6
ANODE-p1,4,546,1.0,196.4
ANODE-p1,4,547,1.0,194.8
ANODE-p1,4,548,1.0,194.4
ANODE-p1,4,549,1.0,194.0
ANODE-p1,4,550,1.0,195.6
ANODE-p1,4,551,1.0,195.6
ANODE-p1,4,552,1.0,194.8
ANODE-p1,4,553,1.0,196.0
ANODE-p1,4,554,1.0,196.0
ANODE-p1,4,555,1.0,194.4
ANODE-p1,4,556,1.0,192.0
ANODE-p1,4,557,1.0,195.6
ANODE-p1,4,558,1.0,194.0
ANODE-p1,4,559,1.0,194.4
ANODE-p1,4,560,1.0,196.0
ANODE-p1,4,561,1.0,194.4
ANODE-p1,4,562,1.0,195.2
ANODE-p1,4,563,1.0,195.2
ANODE-p1,4,564,1.0,198.8
ANODE-p1,4,565,1.0,194.8
ANODE-p1,4,566,1.0,194.4
ANODE-p1,4,567,1.0,194.0
ANODE-p1,4,568,1.0,194.8
ANODE-p1,4,569,1.0,196.8
ANODE-p1,4,570,1.0,197.2
ANODE-p1,4,571,1.0,195.6
ANODE-p1,4,572,1.0,196.0
ANODE-p1,4,573,1.0,194.4
ANODE-p1,4,574,1.0,192.0
ANODE-p1,4,575,1.0,195.6
ANODE-p1,4,576,1.0,195.2
ANODE-p1,4,577,1.0,196.0
ANODE-p1,4,578,1.0,195.2
ANODE-p1,4,579,1.0,196.0
ANODE-p1,4,580,1.0,196.0
ANODE-p1,4,581,1.0,193.6
ANODE-p1,4,582,1.0,194.0
ANODE-p1,4,583,1.0,195.6
ANODE-p1,4,584,1.0,195.2
ANODE-p1,4,585,1.0,193.2
ANODE-p1,4,586,1.0,196.4
ANODE-p1,4,587,1.0,194.4
ANODE-p1,4,588,1.0,194.4
ANODE-p1,4,589,1.0,194.0
ANODE-p1,4,590,1.0,194.8
ANODE-p1,4,591,1.0,195.6
ANODE-p1,4,592,1.0,194.0
ANODE-p1,4,593,1.0,196.8
ANODE-p1,4,594,1.0,198.0
ANODE-p1,4,595,1.0,194.0
ANODE-p1,4,596,1.0,194.0
ANODE-p1,4,597,1.0,197.6
ANODE-p1,4,598,1.0,195.2
ANODE-p1,4,599,1.0,195.2
ANODE-p1,4,600,1.0,194.0
ANODE-p1,4,601,1.0,195.2
ANODE-p1,4,602,1.0,194.0
ANODE-p1,4,603,1.0,194.8
ANODE-p1,4,604,1.0,198.4
ANODE-p1,4,605,1.0,192.0
ANODE-p1,4,606,1.0,196.4
ANODE-p1,4,607,1.0,195.6
ANODE-p1,4,608,1.0,195.6
ANODE-p1,4,609,1.0,195.2
ANODE-p1,4,610,1.0,195.6
ANODE-p1,4,611,1.0,194.4
ANODE-p1,4,612,1.0,195.6
ANODE-p1,4,613,1.0,197.2
ANODE-p1,4,614,1.0,195.6
ANODE-p1,4,615,1.0,195.2
ANODE-p1,4,616,1.0,191.6
ANODE-p1,4,617,1.0,193.2
ANODE-p1,4,618,1.0,198.4
ANODE-p1,4,619,1.0,197.6
ANODE-p1,4,620,1.0,193.6
ANODE-p1,4,621,1.0,193.2
ANODE-p1,4,622,1.0,194.4
ANODE-p1,4,623,1.0,194.8
ANODE-p1,4,624,1.0,193.6
ANODE-p1,4,625,1.0,194.8
ANODE-p1,4,626,1.0,194.0
ANODE-p1,4,627,1.0,198.4
ANODE-p1,4,628,1.0,196.0
ANODE-p1,4,629,1.0,194.8
ANODE-p1,4,630,1.0,192.8
ANODE-p1,4,631,1.0,199.6
ANODE-p1,4,632,1.0,195.6
ANODE-p1,4,633,1.0,194.8
ANODE-p1,4,634,1.0,196.4
ANODE-p1,4,635,1.0,194.4
ANODE-p1,4,636,1.0,195.2
ANODE-p1,4,637,1.0,194.4
ANODE-p1,4,638,1.0,192.8
ANODE-p1,4,639,1.0,194.0
ANODE-p1,4,640,1.0,197.2
ANODE-p1,4,641,1.0,195.6
ANODE-p1,4,642,1.0,196.4
ANODE-p1,4,643,1.0,194.0
ANODE-p1,4,644,1.0,194.0
ANODE-p1,4,645,1.0,196.0
ANODE-p1,4,646,1.0,193.6
ANODE-p1,4,647,1.0,193.6
ANODE-p1,4,648,1.0,196.0
ANODE-p1,4,649,1.0,194.8
ANODE-p1,4,650,1.0,196.4
ANODE-p1,4,651,1.0,197.6
ANODE-p1,4,652,1.0,193.6
ANODE-p1,4,653,1.0,194.4
ANODE-p1,4,654,1.0,196.4
ANODE-p1,4,655,1.0,195.2
ANODE-p1,4,656,1.0,194.8
ANODE-p1,4,657,1.0,198.4
ANODE-p1,4,658,1.0,192.4
ANODE-p1,4,659,1.0,194.8
ANODE-p1,4,660,1.0,194.0
ANODE-p1,4,661,1.0,196.4
ANODE-p1,4,662,1.0,196.0
ANODE-p1,4,663,1.0,193.2
ANODE-p1,4,664,1.0,196.8
ANODE-p1,4,665,1.0,194.4
ANODE-p1,4,666,1.0,196.0
ANODE-p1,4,667,1.0,194.8
ANODE-p1,4,668,1.0,194.8
ANODE-p1,4,669,1.0,195.6
ANODE-p1,4,670,1.0,197.2
ANODE-p1,4,671,1.0,196.0
ANODE-p1,4,672,1.0,194.0
ANODE-p1,4,673,1.0,198.4
ANODE-p1,4,674,1.0,198.0
ANODE-p1,4,675,1.0,196.0
ANODE-p1,4,676,1.0,195.6
ANODE-p1,4,677,1.0,196.0
ANODE-p1,4,678,1.0,196.8
ANODE-p1,4,679,1.0,194.8
ANODE-p1,4,680,1.0,196.0
ANODE-p1,4,681,1.0,196.4
ANODE-p1,4,682,1.0,197.2
ANODE-p1,4,683,1.0,195.6
ANODE-p1,4,684,1.0,195.2
ANODE-p1,4,685,1.0,196.4
ANODE-p1,4,686,1.0,194.4
ANODE-p1,4,687,1.0,195.2
ANODE-p1,4,688,1.0,195.6
ANODE-p1,4,689,1.0,194.0
ANODE-p1,4,690,1.0,196.0
ANODE-p1,4,691,1.0,194.8
ANODE-p1,4,692,1.0,196.0
ANODE-p1,4,693,1.0,194.0
ANODE-p1,4,694,1.0,192.4
ANODE-p1,4,695,1.0,195.6
ANODE-p1,4,696,1.0,195.6
ANODE-p1,4,697,1.0,194.4
ANODE-p1,4,698,1.0,194.8
ANODE-p1,4,699,1.0,197.6
ANODE-p1,4,700,1.0,197.6
ANODE-p1,4,701,1.0,195.6
ANODE-p1,4,702,1.0,196.8
ANODE-p1,4,703,1.0,196.0
ANODE-p1,4,704,1.0,193.2
ANODE-p1,4,705,1.0,196.4
ANODE-p1,4,706,1.0,195.6
ANODE-p1,4,707,1.0,194.0
ANODE-p1,4,708,1.0,198.8
ANODE-p1,4,709,1.0,196.0
ANODE-p1,4,710,1.0,194.4
ANODE-p1,4,711,1.0,194.8
ANODE-p1,4,712,1.0,196.0
ANODE-p1,4,713,1.0,192.8
ANODE-p1,4,714,1.0,194.8
ANODE-p1,4,715,1.0,196.8
ANODE-p1,4,716,1.0,195.6
ANODE-p1,4,717,1.0,194.8
ANODE-p1,4,718,1.0,194.8
ANODE-p1,4,719,1.0,194.0
ANODE-p1,4,720,1.0,197.2
ANODE-p1,4,721,1.0,194.0
ANODE-p1,4,722,1.0,197.2
ANODE-p1,4,723,1.0,195.6
ANODE-p1,4,724,1.0,195.6
ANODE-p1,4,725,1.0,194.0
ANODE-p1,4,726,1.0,197.6
ANODE-p1,4,727,1.0,196.4
ANODE-p1,4,728,1.0,195.6
ANODE-p1,4,729,1.0,196.0
ANODE-p1,4,730,1.0,195.6
ANODE-p1,4,731,1.0,196.8
ANODE-p1,4,732,1.0,195.2
ANODE-p1,4,733,1.0,197.2
ANODE-p1,4,734,1.0,194.0
ANODE-p1,4,735,1.0,196.4
ANODE-p1,4,736,1.0,192.8
ANODE-p1,4,737,1.0,194.4
ANODE-p1,4,738,1.0,195.6
ANODE-p1,4,739,1.0,195.2
ANODE-p1,4,740,1.0,195.6
ANODE-p1,4,741,1.0,196.8
ANODE-p1,4,742,1.0,194.4
ANODE-p1,4,743,1.0,197.2
ANODE-p1,4,744,1.0,195.2
ANODE-p1,4,745,1.0,197.6
ANODE-p1,4,746,1.0,195.6
ANODE-p1,4,747,1.0,196.4
ANODE-p1,4,748,1.0,193.6
ANODE-p1,4,749,1.0,196.4
ANODE-p1,4,750,1.0,198.0
ANODE-p1,4,751,1.0,195.2
ANODE-p1,4,752,1.0,196.4
ANODE-p1,4,753,1.0,196.0
ANODE-p1,4,754,1.0,196.8
ANODE-p1,4,755,1.0,194.4
ANODE-p1,4,756,1.0,195.6
ANODE-p1,4,757,1.0,194.8
ANODE-p1,4,758,1.0,195.2
ANODE-p1,4,759,1.0,196.8
ANODE-p1,4,760,1.0,194.8
ANODE-p1,4,761,1.0,194.4
ANODE-p1,4,762,1.0,194.8
ANODE-p1,4,763,1.0,199.2
ANODE-p1,4,764,1.0,196.0
ANODE-p1,4,765,1.0,192.4
ANODE-p1,4,766,1.0,195.2
ANODE-p1,4,767,1.0,196.8
ANODE-p1,4,768,1.0,196.4
ANODE-p1,4,769,1.0,193.6
ANODE-p1,4,770,1.0,195.2
ANODE-p1,4,771,1.0,195.2
ANODE-p1,4,772,1.0,196.8
ANODE-p1,4,773,1.0,196.0
ANODE-p1,4,774,1.0,194.8
ANODE-p1,4,775,1.0,195.2
ANODE-p1,4,776,1.0,196.0
ANODE-p1,4,777,1.0,196.4
ANODE-p1,4,778,1.0,193.6
ANODE-p1,4,779,1.0,197.6
ANODE-p1,4,780,1.0,195.6
ANODE-p1,4,781,1.0,193.2
ANODE-p1,4,782,1.0,195.2
ANODE-p1,4,783,1.0,197.2
ANODE-p1,4,784,1.0,194.8
ANODE-p1,4,785,1.0,195.6
ANODE-p1,4,786,1.0,199.2
ANODE-p1,4,787,1.0,197.6
ANODE-p1,4,788,1.0,194.4
ANODE-p1,4,789,1.0,194.0
ANODE-p1,4,790,1.0,194.0
ANODE-p1,4,791,1.0,200.0
ANODE-p1,4,792,1.0,197.2
ANODE-p1,4,793,1.0,194.0
ANODE-p1,4,794,1.0,196.0
ANODE-p1,4,795,1.0,195.2
ANODE-p1,4,796,1.0,196.0
ANODE-p1,4,797,1.0,194.0
ANODE-p1,4,798,1.0,196.4
ANODE-p1,4,799,1.0,195.2
ANODE-p1,4,800,1.0,196.8
ANODE-p1,4,801,1.0,198.8
ANODE-p1,4,802,1.0,195.6
ANODE-p1,4,803,1.0,195.2
ANODE-p1,4,804,1.0,194.8
ANODE-p1,4,805,1.0,196.4
ANODE-p1,4,806,1.0,193.6
ANODE-p1,4,807,1.0,193.2
ANODE-p1,4,808,1.0,195.6
ANODE-p1,4,809,1.0,196.4
ANODE-p1,4,810,1.0,194.8
ANODE-p1,4,811,1.0,195.2
ANODE-p1,4,812,1.0,198.0
ANODE-p1,4,813,1.0,195.6
ANODE-p1,4,814,1.0,196.4
ANODE-p1,4,815,1.0,197.2
ANODE-p1,4,816,1.0,196.0
ANODE-p1,4,817,1.0,195.6
ANODE-p1,4,818,1.0,199.2
ANODE-p1,4,819,1.0,194.0
ANODE-p1,4,820,1.0,195.6
ANODE-p1,4,821,1.0,195.6
ANODE-p1,4,822,1.0,197.2
ANODE-p1,4,823,1.0,194.8
ANODE-p1,4,824,1.0,195.6
ANODE-p1,4,825,1.0,194.8
ANODE-p1,4,826,1.0,196.8
ANODE-p1,4,827,1.0,196.8
ANODE-p1,4,828,1.0,198.8
ANODE-p1,4,829,1.0,194.0
ANODE-p1,4,830,1.0,196.0
ANODE-p1,4,831,1.0,195.2
ANODE-p1,4,832,1.0,194.4
ANODE-p1,4,833,1.0,197.6
ANODE-p1,4,834,1.0,196.8
ANODE-p1,4,835,1.0,194.8
ANODE-p1,4,836,1.0,196.0
ANODE-p1,4,837,1.0,195.6
ANODE-p1,4,838,1.0,196.4
ANODE-p1,4,839,1.0,195.2
ANODE-p1,4,840,1.0,196.8
ANODE-p1,4,841,1.0,195.2
ANODE-p1,4,842,1.0,195.6
ANODE-p1,4,843,1.0,195.2
ANODE-p1,4,844,1.0,194.4
ANODE-p1,4,845,1.0,197.2
ANODE-p1,4,846,1.0,200.0
ANODE-p1,4,847,1.0,196.8
ANODE-p1,4,848,1.0,196.4
ANODE-p1,4,849,1.0,196.4
ANODE-p1,4,850,1.0,196.4
ANODE-p1,4,851,1.0,195.2
ANODE-p1,4,852,1.0,195.2
ANODE-p1,4,853,1.0,196.8
ANODE-p1,4,854,1.0,196.8
ANODE-p1,4,855,1.0,195.2
ANODE-p1,4,856,1.0,196.8
ANODE-p1,4,857,1.0,193.6
ANODE-p1,4,858,1.0,196.4
ANODE-p1,4,859,1.0,196.0
ANODE-p1,4,860,1.0,196.8
ANODE-p1,4,861,1.0,195.6
ANODE-p1,4,862,1.0,194.4
ANODE-p1,4,863,1.0,194.4
ANODE-p1,4,864,1.0,196.0
ANODE-p1,4,865,1.0,196.4
ANODE-p1,4,866,1.0,198.0
ANODE-p1,4,867,1.0,193.2
ANODE-p1,4,868,1.0,198.8
ANODE-p1,4,869,1.0,197.2
ANODE-p1,4,870,1.0,194.4
ANODE-p1,4,871,1.0,197.6
ANODE-p1,4,872,1.0,196.0
ANODE-p1,4,873,1.0,198.0
ANODE-p1,4,874,1.0,197.6
ANODE-p1,4,875,1.0,197.2
ANODE-p1,4,876,1.0,198.4
ANODE-p1,4,877,1.0,197.6
ANODE-p1,4,878,1.0,193.6
ANODE-p1,4,879,1.0,194.8
ANODE-p1,4,880,1.0,196.8
ANODE-p1,4,881,1.0,198.0
ANODE-p1,4,882,1.0,198.8
ANODE-p1,4,883,1.0,198.8
ANODE-p1,4,884,1.0,192.8
ANODE-p1,4,885,1.0,194.4
ANODE-p1,4,886,1.0,196.8
ANODE-p1,4,887,1.0,196.0
ANODE-p1,4,888,1.0,196.8
ANODE-p1,4,889,1.0,194.8
ANODE-p1,4,890,1.0,194.4
ANODE-p1,4,891,1.0,196.8
ANODE-p1,4,892,1.0,196.4
ANODE-p1,4,893,1.0,194.8
ANODE-p1,4,894,1.0,194.8
ANODE-p1,4,895,1.0,195.2
ANODE-p1,4,896,1.0,196.4
ANODE-p1,4,897,1.0,196.4
ANODE-p1,4,898,1.0,194.4
ANODE-p1,4,899,1.0,197.6
ANODE-p1,4,900,1.0,195.2
ANODE-p1,4,901,1.0,197.6
ANODE-p1,4,902,1.0,194.4
ANODE-p1,4,903,1.0,196.4
ANODE-p1,4,904,1.0,196.0
ANODE-p1,4,905,1.0,195.2
ANODE-p1,4,906,1.0,194.8
ANODE-p1,4,907,1.0,197.6
ANODE-p1,4,908,1.0,196.4
ANODE-p1,4,909,1.0,196.0
ANODE-p1,4,910,1.0,196.4
ANODE-p1,4,911,1.0,197.6
ANODE-p1,4,912,1.0,195.2
ANODE-p1,4,913,1.0,196.8
ANODE-p1,4,914,1.0,196.4
ANODE-p1,4,915,1.0,194.4
ANODE-p1,4,916,1.0,196.4
ANODE-p1,4,917,1.0,198.4
ANODE-p1,4,918,1.0,196.4
ANODE-p1,4,919,1.0,196.0
ANODE-p1,4,920,1.0,197.6
ANODE-p1,4,921,1.0,195.2
ANODE-p1,4,922,1.0,196.8
ANODE-p1,4,923,1.0,195.6
ANODE-p1,4,924,1.0,193.6
ANODE-p1,4,925,1.0,193.6
ANODE-p1,4,926,1.0,196.0
ANODE-p1,4,927,1.0,198.8
ANODE-p1,4,928,1.0,197.2
ANODE-p1,4,929,1.0,194.0
ANODE-p1,4,930,1.0,195.2
ANODE-p1,4,931,1.0,198.4
ANODE-p1,4,932,1.0,197.2
ANODE-p1,4,933,1.0,198.0
ANODE-p1,4,934,1.0,197.6
ANODE-p1,4,935,1.0,198.4
ANODE-p1,4,936,1.0,196.8
ANODE-p1,4,937,1.0,194.4
ANODE-p1,4,938,1.0,196.4
ANODE-p1,4,939,1.0,195.6
ANODE-p1,4,940,1.0,197.2
ANODE-p1,4,941,1.0,197.2
ANODE-p1,4,942,1.0,195.2
ANODE-p1,4,943,1.0,192.8
ANODE-p1,4,944,1.0,195.6
ANODE-p1,4,945,1.0,196.4
ANODE-p1,4,946,1.0,196.8
ANODE-p1,4,947,1.0,197.2
ANODE-p1,4,948,1.0,196.4
ANODE-p1,4,949,1.0,194.8
ANODE-p1,4,950,1.0,195.2
ANODE-p1,4,951,1.0,195.6
ANODE-p1,4,952,1.0,196.8
ANODE-p1,4,953,1.0,195.6
ANODE-p1,4,954,1.0,198.0
ANODE-p1,4,955,1.0,195.2
ANODE-p1,4,956,1.0,194.0
ANODE-p1,4,957,1.0,195.6
ANODE-p1,4,958,1.0,196.8
ANODE-p1,4,959,1.0,198.4
ANODE-p1,4,960,1.0,196.4
ANODE-p1,4,961,1.0,193.6
ANODE-p1,4,962,1.0,194.4
ANODE-p1,4,963,1.0,196.8
ANODE-p1,4,964,1.0,197.2
ANODE-p1,4,965,1.0,194.8
ANODE-p1,4,966,1.0,196.0
ANODE-p1,4,967,1.0,197.2
ANODE-p1,4,968,1.0,193.6
ANODE-p1,4,969,1.0,195.2
ANODE-p1,4,970,1.0,198.4
ANODE-p1,4,971,1.0,198.0
ANODE-p1,4,972,1.0,194.8
ANODE-p1,4,973,1.0,196.0
ANODE-p1,4,974,1.0,195.2
ANODE-p1,4,975,1.0,195.6
ANODE-p1,4,976,1.0,195.6
ANODE-p1,4,977,1.0,198.8
ANODE-p1,4,978,1.0,197.2
ANODE-p1,4,979,1.0,195.2
ANODE-p1,4,980,1.0,197.6
ANODE-p1,4,981,1.0,194.8
ANODE-p1,4,982,1.0,196.8
ANODE-p1,4,983,1.0,193.6
ANODE-p1,4,984,1.0,196.8
ANODE-p1,4,985,1.0,195.2
ANODE-p1,4,986,1.0,196.0
ANODE-p1,4,987,1.0,196.8
ANODE-p1,4,988,1.0,198.4
ANODE-p1,4,989,1.0,198.0
ANODE-p1,4,990,1.0,196.0
ANODE-p1,4,991,1.0,196.8
ANODE-p1,4,992,1.0,196.8
ANODE-p1,4,993,1.0,198.0
ANODE-p1,4,994,1.0,194.0
ANODE-p1,4,995,1.0,196.4
ANODE-p1,4,996,1.0,197.2
ANODE-p1,4,997,1.0,197.6
ANODE-p1,4,998,1.0,197.2
ANODE-p1,4,999,1.0,196.8
ANODE-p1,4,1000,1.0,195.2
