model,seed,epoch,train_acc,train_fwd_nfe
NODE,0,1,0.50125,42.61538461538461
NODE,0,2,0.51625,48.15384615384615
NODE,0,3,0.57625,57.84615384615385
NODE,0,4,0.745,70.76923076923077
NODE,0,5,0.88375,91.07692307692308
NODE,0,6,0.91125,111.84615384615384
NODE,0,7,0.9225,126.61538461538461
NODE,0,8,0.94,138.6153846153846
NODE,0,9,0.94125,140.46153846153845
NODE,0,10,0.9625,139.53846153846155
NODE,0,11,0.97125,143.23076923076923
NODE,0,12,0.96875,146.46153846153845
NODE,0,13,0.975,135.3846153846154
NODE,0,14,0.985,142.76923076923077
NODE,0,15,0.99375,147.84615384615384
NODE,0,16,0.99375,152.46153846153845
NODE,0,17,0.9825,152.92307692307693
NODE,0,18,0.995,146.92307692307693
NODE,0,19,0.99375,149.23076923076923
NODE,0,20,0.9975,152.92307692307693
NODE,0,21,0.99125,150.6153846153846
NODE,0,22,0.9975,151.53846153846155
NODE,0,23,0.99875,160.30769230769232
NODE,0,24,0.99625,157.07692307692307
NODE,0,25,0.96,163.07692307692307
NODE,0,26,0.9825,137.23076923076923
NODE,0,27,0.99375,142.30769230769232
NODE,0,28,0.99625,151.07692307692307
NODE,0,29,0.995,149.23076923076923
NODE,0,30,0.99875,153.3846153846154
NODE,0,31,0.99875,158.0
NODE,0,32,0.99625,160.30769230769232
NODE,0,33,0.99,159.84615384615384
NODE,0,34,0.99875,164.0
NODE,0,35,1.0,172.76923076923077
NODE,0,36,1.0,168.15384615384616
NODE,0,37,1.0,173.69230769230768
NODE,0,38,1.0,176.0
NODE,0,39,1.0,170.46153846153845
NODE,0,40,1.0,172.30769230769232
NODE,0,41,1.0,172.30769230769232
NODE,0,42,1.0,171.3846153846154
NODE,0,43,1.0,172.30769230769232
NODE,0,44,1.0,172.30769230769232
NODE,0,45,1.0,170.92307692307693
NODE,0,46,1.0,170.0
NODE,0,47,1.0,167.23076923076923
NODE,0,48,1.0,171.3846153846154
NODE,0,49,1.0,176.0
NODE,0,50,1.0,175.53846153846155
NODE,0,51,1.0,172.76923076923077
NODE,0,52,1.0,173.23076923076923
NODE,0,53,1.0,181.53846153846155
NODE,0,54,1.0,173.69230769230768
NODE,0,55,1.0,174.6153846153846
NODE,0,56,1.0,176.92307692307693
NODE,0,57,1.0,172.30769230769232
NODE,0,58,1.0,180.6153846153846
NODE,0,59,1.0,175.53846153846155
NODE,0,60,1.0,174.6153846153846
NODE,0,61,1.0,174.6153846153846
NODE,0,62,1.0,179.23076923076923
NODE,0,63,1.0,177.84615384615384
NODE,0,64,1.0,172.76923076923077
NODE,0,65,1.0,180.15384615384616
NODE,0,66,0.99875,178.30769230769232
NODE,0,67,0.9625,166.30769230769232
NODE,0,68,0.9775,142.30769230769232
NODE,0,69,0.99875,149.69230769230768
NODE,0,70,0.99625,156.15384615384616
NODE,0,71,0.9975,159.3846153846154
NODE,0,72,0.995,154.76923076923077
NODE,0,73,1.0,155.23076923076923
NODE,0,74,1.0,154.76923076923077
NODE,0,75,1.0,151.07692307692307
NODE,0,76,1.0,154.30769230769232
NODE,0,77,1.0,158.46153846153845
NODE,0,78,1.0,157.07692307692307
NODE,0,79,1.0,156.6153846153846
NODE,0,80,1.0,158.0
NODE,0,81,1.0,157.53846153846155
NODE,0,82,1.0,158.0
NODE,0,83,1.0,157.53846153846155
NODE,0,84,1.0,160.30769230769232
NODE,0,85,1.0,156.6153846153846
NODE,0,86,1.0,164.0
NODE,0,87,1.0,156.15384615384616
NODE,0,88,1.0,164.0
NODE,0,89,1.0,158.92307692307693
NODE,0,90,1.0,161.69230769230768
NODE,0,91,1.0,158.92307692307693
NODE,0,92,1.0,161.69230769230768
NODE,0,93,1.0,162.6153846153846
NODE,0,94,1.0,167.69230769230768
NODE,0,95,1.0,162.6153846153846
NODE,0,96,1.0,166.30769230769232
NODE,0,97,1.0,164.92307692307693
NODE,0,98,1.0,166.76923076923077
NODE,0,99,1.0,172.76923076923077
NODE,0,100,1.0,169.07692307692307
NODE,0,101,1.0,174.6153846153846
NODE,0,102,1.0,168.6153846153846
NODE,0,103,1.0,170.92307692307693
NODE,0,104,1.0,171.3846153846154
NODE,0,105,1.0,171.84615384615384
NODE,0,106,1.0,173.69230769230768
NODE,0,107,1.0,171.3846153846154
NODE,0,108,1.0,172.76923076923077
NODE,0,109,1.0,173.69230769230768
NODE,0,110,1.0,169.53846153846155
NODE,0,111,1.0,170.92307692307693
NODE,0,112,1.0,176.0
NODE,0,113,1.0,176.46153846153845
NODE,0,114,1.0,176.46153846153845
NODE,0,115,1.0,179.69230769230768
NODE,0,116,1.0,174.15384615384616
NODE,0,117,1.0,182.0
NODE,0,118,1.0,175.53846153846155
NODE,0,119,1.0,178.76923076923077
NODE,0,120,1.0,177.84615384615384
NODE,0,121,1.0,181.53846153846155
NODE,0,122,1.0,179.69230769230768
NODE,0,123,1.0,181.07692307692307
NODE,0,124,1.0,178.30769230769232
NODE,0,125,1.0,179.23076923076923
NODE,0,126,1.0,183.3846153846154
NODE,0,127,1.0,180.15384615384616
NODE,0,128,1.0,179.23076923076923
NODE,0,129,1.0,183.84615384615384
NODE,0,130,1.0,180.15384615384616
NODE,0,131,1.0,180.15384615384616
NODE,0,132,1.0,185.69230769230768
NODE,0,133,1.0,179.69230769230768
NODE,0,134,1.0,181.53846153846155
NODE,0,135,1.0,184.30769230769232
NODE,0,136,1.0,181.53846153846155
NODE,0,137,1.0,183.84615384615384
NODE,0,138,1.0,183.84615384615384
NODE,0,139,1.0,187.53846153846155
NODE,0,140,1.0,185.23076923076923
NODE,0,141,1.0,180.6153846153846
NODE,0,142,1.0,186.6153846153846
NODE,0,143,1.0,182.0
NODE,0,144,1.0,187.53846153846155
NODE,0,145,1.0,184.76923076923077
NODE,0,146,1.0,184.30769230769232
NODE,0,147,1.0,184.30769230769232
NODE,0,148,1.0,182.92307692307693
NODE,0,149,1.0,186.6153846153846
NODE,0,150,1.0,182.92307692307693
NODE,0,151,1.0,185.23076923076923
NODE,0,152,1.0,183.84615384615384
NODE,0,153,1.0,186.15384615384616
NODE,0,154,1.0,189.3846153846154
NODE,0,155,1.0,182.92307692307693
NODE,0,156,1.0,189.3846153846154
NODE,0,157,1.0,185.69230769230768
NODE,0,158,1.0,186.15384615384616
NODE,0,159,1.0,184.30769230769232
NODE,0,160,1.0,185.23076923076923
NODE,0,161,1.0,182.92307692307693
NODE,0,162,1.0,183.84615384615384
NODE,0,163,1.0,182.46153846153845
NODE,0,164,1.0,184.76923076923077
NODE,0,165,1.0,183.84615384615384
NODE,0,166,1.0,186.15384615384616
NODE,0,167,1.0,185.69230769230768
NODE,0,168,1.0,188.46153846153845
NODE,0,169,1.0,186.15384615384616
NODE,0,170,1.0,185.69230769230768
NODE,0,171,1.0,183.84615384615384
NODE,0,172,1.0,187.53846153846155
NODE,0,173,1.0,187.53846153846155
NODE,0,174,1.0,190.76923076923077
NODE,0,175,1.0,192.15384615384616
NODE,0,176,1.0,185.69230769230768
NODE,0,177,1.0,190.30769230769232
NODE,0,178,1.0,185.23076923076923
NODE,0,179,1.0,188.92307692307693
NODE,0,180,1.0,192.15384615384616
NODE,0,181,1.0,193.53846153846155
NODE,0,182,1.0,188.92307692307693
NODE,0,183,1.0,186.6153846153846
NODE,0,184,1.0,192.6153846153846
NODE,0,185,1.0,188.92307692307693
NODE,0,186,1.0,190.76923076923077
NODE,0,187,1.0,191.69230769230768
NODE,0,188,1.0,189.3846153846154
NODE,0,189,1.0,190.30769230769232
NODE,0,190,1.0,188.92307692307693
NODE,0,191,1.0,187.53846153846155
NODE,0,192,1.0,184.76923076923077
NODE,0,193,1.0,189.84615384615384
NODE,0,194,1.0,187.53846153846155
NODE,0,195,1.0,194.0
NODE,0,196,1.0,190.76923076923077
NODE,0,197,1.0,191.69230769230768
NODE,0,198,1.0,188.0
NODE,0,199,1.0,192.6153846153846
NODE,0,200,1.0,189.3846153846154
NODE,0,201,1.0,194.46153846153845
NODE,0,202,1.0,189.84615384615384
NODE,0,203,1.0,192.6153846153846
NODE,0,204,1.0,192.15384615384616
NODE,0,205,1.0,193.07692307692307
NODE,0,206,1.0,189.3846153846154
NODE,0,207,1.0,192.15384615384616
NODE,0,208,1.0,194.46153846153845
NODE,0,209,1.0,189.3846153846154
NODE,0,210,1.0,196.76923076923077
NODE,0,211,1.0,193.53846153846155
NODE,0,212,1.0,195.84615384615384
NODE,0,213,1.0,193.07692307692307
NODE,0,214,1.0,196.30769230769232
NODE,0,215,1.0,194.46153846153845
NODE,0,216,1.0,195.84615384615384
NODE,0,217,1.0,193.07692307692307
NODE,0,218,1.0,191.69230769230768
NODE,0,219,1.0,198.15384615384616
NODE,0,220,1.0,199.53846153846155
NODE,0,221,1.0,200.92307692307693
NODE,0,222,1.0,196.76923076923077
NODE,0,223,1.0,197.69230769230768
NODE,0,224,1.0,192.6153846153846
NODE,0,225,1.0,196.76923076923077
NODE,0,226,1.0,195.3846153846154
NODE,0,227,1.0,197.23076923076923
NODE,0,228,1.0,195.84615384615384
NODE,0,229,1.0,198.6153846153846
NODE,0,230,1.0,194.92307692307693
NODE,0,231,1.0,198.6153846153846
NODE,0,232,1.0,196.30769230769232
NODE,0,233,1.0,196.30769230769232
NODE,0,234,1.0,197.69230769230768
NODE,0,235,1.0,197.23076923076923
NODE,0,236,1.0,201.3846153846154
NODE,0,237,1.0,198.6153846153846
NODE,0,238,1.0,195.84615384615384
NODE,0,239,1.0,200.46153846153845
NODE,0,240,1.0,194.0
NODE,0,241,1.0,202.30769230769232
NODE,0,242,1.0,195.3846153846154
NODE,0,243,1.0,203.69230769230768
NODE,0,244,1.0,203.69230769230768
NODE,0,245,1.0,200.46153846153845
NODE,0,246,1.0,196.30769230769232
NODE,0,247,1.0,200.46153846153845
NODE,0,248,1.0,200.0
NODE,0,249,1.0,202.76923076923077
NODE,0,250,1.0,201.84615384615384
NODE,0,251,1.0,200.46153846153845
NODE,0,252,1.0,202.76923076923077
NODE,0,253,1.0,198.6153846153846
NODE,0,254,1.0,201.3846153846154
NODE,0,255,1.0,203.69230769230768
NODE,0,256,1.0,204.6153846153846
NODE,0,257,1.0,204.15384615384616
NODE,0,258,1.0,204.6153846153846
NODE,0,259,1.0,203.23076923076923
NODE,0,260,1.0,205.53846153846155
NODE,0,261,1.0,204.15384615384616
NODE,0,262,1.0,206.92307692307693
NODE,0,263,1.0,205.53846153846155
NODE,0,264,1.0,207.84615384615384
NODE,0,265,1.0,206.0
NODE,0,266,1.0,206.92307692307693
NODE,0,267,1.0,207.3846153846154
NODE,0,268,1.0,206.92307692307693
NODE,0,269,1.0,207.84615384615384
NODE,0,270,1.0,206.0
NODE,0,271,1.0,205.53846153846155
NODE,0,272,1.0,206.46153846153845
NODE,0,273,1.0,206.46153846153845
NODE,0,274,1.0,206.92307692307693
NODE,0,275,1.0,208.30769230769232
NODE,0,276,1.0,206.92307692307693
NODE,0,277,1.0,208.76923076923077
NODE,0,278,1.0,210.6153846153846
NODE,0,279,1.0,213.84615384615384
NODE,0,280,1.0,209.23076923076923
NODE,0,281,1.0,211.53846153846155
NODE,0,282,1.0,209.69230769230768
NODE,0,283,1.0,217.07692307692307
NODE,0,284,1.0,213.3846153846154
NODE,0,285,1.0,208.30769230769232
NODE,0,286,1.0,213.84615384615384
NODE,0,287,1.0,212.92307692307693
NODE,0,288,1.0,212.92307692307693
NODE,0,289,1.0,210.15384615384616
NODE,0,290,1.0,212.0
NODE,0,291,1.0,206.46153846153845
NODE,0,292,1.0,210.6153846153846
NODE,0,293,1.0,218.92307692307693
NODE,0,294,1.0,208.30769230769232
NODE,0,295,1.0,205.53846153846155
NODE,0,296,1.0,209.69230769230768
NODE,0,297,1.0,209.69230769230768
NODE,0,298,1.0,215.23076923076923
NODE,0,299,1.0,216.15384615384616
NODE,0,300,1.0,207.3846153846154
NODE,0,301,1.0,216.6153846153846
NODE,0,302,1.0,215.23076923076923
NODE,0,303,1.0,212.0
NODE,0,304,1.0,213.3846153846154
NODE,0,305,1.0,219.84615384615384
NODE,0,306,1.0,219.84615384615384
NODE,0,307,1.0,213.84615384615384
NODE,0,308,1.0,209.23076923076923
NODE,0,309,1.0,222.15384615384616
NODE,0,310,1.0,216.6153846153846
NODE,0,311,1.0,220.76923076923077
NODE,0,312,1.0,216.6153846153846
NODE,0,313,1.0,219.84615384615384
NODE,0,314,1.0,215.69230769230768
NODE,0,315,1.0,212.0
NODE,0,316,1.0,221.23076923076923
NODE,0,317,1.0,222.6153846153846
NODE,0,318,1.0,218.0
NODE,0,319,1.0,217.07692307692307
NODE,0,320,1.0,219.84615384615384
NODE,0,321,1.0,218.46153846153845
NODE,0,322,1.0,218.92307692307693
NODE,0,323,1.0,219.3846153846154
NODE,0,324,1.0,220.30769230769232
NODE,0,325,1.0,218.92307692307693
NODE,0,326,1.0,223.07692307692307
NODE,0,327,1.0,221.69230769230768
NODE,0,328,1.0,218.0
NODE,0,329,1.0,222.15384615384616
NODE,0,330,1.0,217.53846153846155
NODE,0,331,1.0,225.3846153846154
NODE,0,332,1.0,224.0
NODE,0,333,1.0,222.6153846153846
NODE,0,334,1.0,226.76923076923077
NODE,0,335,1.0,223.07692307692307
NODE,0,336,1.0,224.46153846153845
NODE,0,337,1.0,226.30769230769232
NODE,0,338,1.0,228.15384615384616
NODE,0,339,1.0,225.3846153846154
NODE,0,340,1.0,223.07692307692307
NODE,0,341,1.0,229.53846153846155
NODE,0,342,1.0,225.84615384615384
NODE,0,343,1.0,230.92307692307693
NODE,0,344,1.0,229.07692307692307
NODE,0,345,1.0,233.23076923076923
NODE,0,346,1.0,221.69230769230768
NODE,0,347,1.0,230.92307692307693
NODE,0,348,1.0,231.3846153846154
NODE,0,349,1.0,239.69230769230768
NODE,0,350,1.0,229.53846153846155
NODE,0,351,1.0,234.6153846153846
NODE,0,352,1.0,233.69230769230768
NODE,0,353,1.0,235.53846153846155
NODE,0,354,1.0,232.30769230769232
NODE,0,355,1.0,230.92307692307693
NODE,0,356,1.0,229.53846153846155
NODE,0,357,1.0,231.3846153846154
NODE,0,358,1.0,233.69230769230768
NODE,0,359,1.0,217.07692307692307
NODE,0,360,1.0,228.6153846153846
NODE,0,361,1.0,227.23076923076923
NODE,0,362,1.0,234.6153846153846
NODE,0,363,1.0,225.84615384615384
NODE,0,364,1.0,233.23076923076923
NODE,0,365,1.0,225.3846153846154
NODE,0,366,1.0,228.6153846153846
NODE,0,367,1.0,229.07692307692307
NODE,0,368,1.0,219.84615384615384
NODE,0,369,1.0,232.76923076923077
NODE,0,370,1.0,223.53846153846155
NODE,0,371,1.0,226.76923076923077
NODE,0,372,1.0,229.07692307692307
NODE,0,373,1.0,224.0
NODE,0,374,1.0,227.23076923076923
NODE,0,375,1.0,226.30769230769232
NODE,0,376,1.0,226.76923076923077
NODE,0,377,1.0,230.46153846153845
NODE,0,378,1.0,228.15384615384616
NODE,0,379,1.0,228.15384615384616
NODE,0,380,1.0,224.92307692307693
NODE,0,381,1.0,227.69230769230768
NODE,0,382,1.0,227.69230769230768
NODE,0,383,1.0,226.76923076923077
NODE,0,384,1.0,226.30769230769232
NODE,0,385,1.0,227.69230769230768
NODE,0,386,1.0,225.84615384615384
NODE,0,387,1.0,221.69230769230768
NODE,0,388,1.0,226.76923076923077
NODE,0,389,1.0,228.15384615384616
NODE,0,390,1.0,224.92307692307693
NODE,0,391,1.0,223.53846153846155
NODE,0,392,1.0,224.0
NODE,0,393,1.0,224.92307692307693
NODE,0,394,1.0,225.3846153846154
NODE,0,395,1.0,232.76923076923077
NODE,0,396,1.0,227.23076923076923
NODE,0,397,1.0,233.23076923076923
NODE,0,398,1.0,231.3846153846154
NODE,0,399,1.0,227.23076923076923
NODE,0,400,1.0,224.0
NODE,0,401,1.0,227.69230769230768
NODE,0,402,1.0,234.15384615384616
NODE,0,403,1.0,226.30769230769232
NODE,0,404,1.0,227.69230769230768
NODE,0,405,1.0,226.30769230769232
NODE,0,406,1.0,234.6153846153846
NODE,0,407,1.0,236.0
NODE,0,408,1.0,232.30769230769232
NODE,0,409,1.0,231.3846153846154
NODE,0,410,1.0,232.76923076923077
NODE,0,411,1.0,236.0
NODE,0,412,1.0,231.84615384615384
NODE,0,413,1.0,231.3846153846154
NODE,0,414,1.0,233.23076923076923
NODE,0,415,1.0,229.53846153846155
NODE,0,416,1.0,228.6153846153846
NODE,0,417,1.0,231.84615384615384
NODE,0,418,1.0,231.3846153846154
NODE,0,419,1.0,236.92307692307693
NODE,0,420,1.0,231.84615384615384
NODE,0,421,1.0,236.92307692307693
NODE,0,422,1.0,234.6153846153846
NODE,0,423,1.0,235.53846153846155
NODE,0,424,1.0,235.53846153846155
NODE,0,425,1.0,230.0
NODE,0,426,1.0,235.53846153846155
NODE,0,427,1.0,237.84615384615384
NODE,0,428,1.0,235.53846153846155
NODE,0,429,1.0,236.0
NODE,0,430,1.0,238.30769230769232
NODE,0,431,1.0,240.6153846153846
NODE,0,432,1.0,236.0
NODE,0,433,1.0,239.69230769230768
NODE,0,434,1.0,236.46153846153845
NODE,0,435,1.0,235.53846153846155
NODE,0,436,1.0,242.46153846153845
NODE,0,437,1.0,238.76923076923077
NODE,0,438,1.0,238.30769230769232
NODE,0,439,1.0,238.30769230769232
NODE,0,440,1.0,232.76923076923077
NODE,0,441,1.0,236.92307692307693
NODE,0,442,1.0,238.30769230769232
NODE,0,443,1.0,235.53846153846155
NODE,0,444,1.0,240.15384615384616
NODE,0,445,1.0,238.30769230769232
NODE,0,446,1.0,235.53846153846155
NODE,0,447,1.0,237.84615384615384
NODE,0,448,1.0,233.23076923076923
NODE,0,449,1.0,236.46153846153845
NODE,0,450,1.0,239.69230769230768
NODE,0,451,1.0,233.69230769230768
NODE,0,452,1.0,238.30769230769232
NODE,0,453,1.0,238.30769230769232
NODE,0,454,1.0,240.15384615384616
NODE,0,455,1.0,239.23076923076923
NODE,0,456,1.0,239.69230769230768
NODE,0,457,1.0,239.23076923076923
NODE,0,458,1.0,239.69230769230768
NODE,0,459,1.0,242.0
NODE,0,460,1.0,237.3846153846154
NODE,0,461,1.0,242.92307692307693
NODE,0,462,1.0,241.53846153846155
NODE,0,463,1.0,241.07692307692307
NODE,0,464,1.0,239.69230769230768
NODE,0,465,1.0,237.84615384615384
NODE,0,466,1.0,240.15384615384616
NODE,0,467,1.0,237.3846153846154
NODE,0,468,1.0,239.69230769230768
NODE,0,469,1.0,239.69230769230768
NODE,0,470,1.0,244.30769230769232
NODE,0,471,1.0,239.69230769230768
NODE,0,472,1.0,248.46153846153845
NODE,0,473,1.0,238.76923076923077
NODE,0,474,1.0,237.84615384615384
NODE,0,475,1.0,239.23076923076923
NODE,0,476,1.0,235.53846153846155
NODE,0,477,1.0,238.30769230769232
NODE,0,478,1.0,240.6153846153846
NODE,0,479,1.0,236.46153846153845
NODE,0,480,1.0,246.6153846153846
NODE,0,481,1.0,240.15384615384616
NODE,0,482,1.0,237.3846153846154
NODE,0,483,1.0,240.6153846153846
NODE,0,484,1.0,242.92307692307693
NODE,0,485,1.0,240.6153846153846
NODE,0,486,1.0,237.3846153846154
NODE,0,487,1.0,247.07692307692307
NODE,0,488,1.0,238.76923076923077
NODE,0,489,1.0,236.46153846153845
NODE,0,490,1.0,240.6153846153846
NODE,0,491,1.0,239.69230769230768
NODE,0,492,1.0,240.15384615384616
NODE,0,493,1.0,237.84615384615384
NODE,0,494,1.0,245.23076923076923
NODE,0,495,1.0,242.46153846153845
NODE,0,496,1.0,241.07692307692307
NODE,0,497,1.0,242.0
NODE,0,498,1.0,239.69230769230768
NODE,0,499,1.0,236.46153846153845
NODE,0,500,1.0,239.69230769230768
NODE,1,1,0.55125,38.0
NODE,1,2,0.53875,43.53846153846154
NODE,1,3,0.56,50.92307692307692
NODE,1,4,0.6625,59.69230769230769
NODE,1,5,0.825,76.76923076923077
NODE,1,6,0.8775,105.84615384615384
NODE,1,7,0.895,118.3076923076923
NODE,1,8,0.89875,134.46153846153845
NODE,1,9,0.91625,142.30769230769232
NODE,1,10,0.92625,154.76923076923077
NODE,1,11,0.925,156.15384615384616
NODE,1,12,0.92375,157.07692307692307
NODE,1,13,0.93,162.15384615384616
NODE,1,14,0.92625,161.23076923076923
NODE,1,15,0.9475,162.15384615384616
NODE,1,16,0.95375,169.07692307692307
NODE,1,17,0.94125,154.30769230769232
NODE,1,18,0.94625,153.84615384615384
NODE,1,19,0.9625,150.6153846153846
NODE,1,20,0.96875,149.69230769230768
NODE,1,21,0.96875,157.07692307692307
NODE,1,22,0.9775,158.0
NODE,1,23,0.97875,154.76923076923077
NODE,1,24,0.9875,155.23076923076923
NODE,1,25,0.99375,158.46153846153845
NODE,1,26,0.98375,156.6153846153846
NODE,1,27,0.99125,158.46153846153845
NODE,1,28,0.9975,160.76923076923077
NODE,1,29,0.99625,159.3846153846154
NODE,1,30,0.995,160.30769230769232
NODE,1,31,0.9975,159.84615384615384
NODE,1,32,0.995,162.6153846153846
NODE,1,33,0.985,158.0
NODE,1,34,0.98375,163.07692307692307
NODE,1,35,0.9825,161.23076923076923
NODE,1,36,0.9875,162.6153846153846
NODE,1,37,0.99875,159.84615384615384
NODE,1,38,1.0,157.07692307692307
NODE,1,39,1.0,163.53846153846155
NODE,1,40,1.0,158.46153846153845
NODE,1,41,1.0,160.76923076923077
NODE,1,42,1.0,160.30769230769232
NODE,1,43,1.0,160.76923076923077
NODE,1,44,1.0,160.76923076923077
NODE,1,45,1.0,163.53846153846155
NODE,1,46,1.0,158.46153846153845
NODE,1,47,1.0,160.30769230769232
NODE,1,48,1.0,162.6153846153846
NODE,1,49,1.0,159.3846153846154
NODE,1,50,1.0,166.76923076923077
NODE,1,51,1.0,161.69230769230768
NODE,1,52,1.0,166.76923076923077
NODE,1,53,1.0,168.15384615384616
NODE,1,54,1.0,164.92307692307693
NODE,1,55,1.0,167.23076923076923
NODE,1,56,1.0,164.46153846153845
NODE,1,57,1.0,166.76923076923077
NODE,1,58,1.0,165.84615384615384
NODE,1,59,1.0,171.3846153846154
NODE,1,60,1.0,170.46153846153845
NODE,1,61,1.0,171.3846153846154
NODE,1,62,1.0,168.15384615384616
NODE,1,63,1.0,170.92307692307693
NODE,1,64,1.0,168.15384615384616
NODE,1,65,1.0,166.30769230769232
NODE,1,66,1.0,170.0
NODE,1,67,1.0,170.46153846153845
NODE,1,68,1.0,169.53846153846155
NODE,1,69,1.0,172.76923076923077
NODE,1,70,1.0,169.07692307692307
NODE,1,71,1.0,167.69230769230768
NODE,1,72,1.0,172.76923076923077
NODE,1,73,1.0,170.92307692307693
NODE,1,74,1.0,174.6153846153846
NODE,1,75,1.0,172.76923076923077
NODE,1,76,1.0,170.92307692307693
NODE,1,77,1.0,173.23076923076923
NODE,1,78,1.0,174.15384615384616
NODE,1,79,1.0,173.69230769230768
NODE,1,80,1.0,177.84615384615384
NODE,1,81,1.0,172.30769230769232
NODE,1,82,1.0,176.92307692307693
NODE,1,83,1.0,175.53846153846155
NODE,1,84,1.0,181.07692307692307
NODE,1,85,1.0,178.30769230769232
NODE,1,86,1.0,179.69230769230768
NODE,1,87,1.0,178.30769230769232
NODE,1,88,1.0,180.15384615384616
NODE,1,89,1.0,174.15384615384616
NODE,1,90,1.0,182.46153846153845
NODE,1,91,1.0,179.69230769230768
NODE,1,92,1.0,177.84615384615384
NODE,1,93,1.0,180.15384615384616
NODE,1,94,1.0,182.0
NODE,1,95,1.0,177.84615384615384
NODE,1,96,1.0,184.30769230769232
NODE,1,97,1.0,190.30769230769232
NODE,1,98,1.0,183.84615384615384
NODE,1,99,1.0,179.69230769230768
NODE,1,100,1.0,188.0
NODE,1,101,1.0,183.84615384615384
NODE,1,102,1.0,181.53846153846155
NODE,1,103,1.0,179.23076923076923
NODE,1,104,1.0,189.84615384615384
NODE,1,105,1.0,184.76923076923077
NODE,1,106,1.0,186.6153846153846
NODE,1,107,1.0,187.53846153846155
NODE,1,108,1.0,186.6153846153846
NODE,1,109,1.0,184.30769230769232
NODE,1,110,1.0,189.3846153846154
NODE,1,111,1.0,181.53846153846155
NODE,1,112,1.0,187.53846153846155
NODE,1,113,1.0,185.23076923076923
NODE,1,114,1.0,183.3846153846154
NODE,1,115,1.0,184.30769230769232
NODE,1,116,1.0,190.30769230769232
NODE,1,117,1.0,181.53846153846155
NODE,1,118,1.0,185.23076923076923
NODE,1,119,1.0,188.46153846153845
NODE,1,120,1.0,187.53846153846155
NODE,1,121,1.0,183.3846153846154
NODE,1,122,1.0,191.23076923076923
NODE,1,123,1.0,185.23076923076923
NODE,1,124,1.0,189.3846153846154
NODE,1,125,1.0,191.23076923076923
NODE,1,126,1.0,190.30769230769232
NODE,1,127,1.0,194.0
NODE,1,128,1.0,190.76923076923077
NODE,1,129,1.0,192.6153846153846
NODE,1,130,1.0,188.92307692307693
NODE,1,131,1.0,194.46153846153845
NODE,1,132,1.0,194.0
NODE,1,133,1.0,193.07692307692307
NODE,1,134,1.0,200.46153846153845
NODE,1,135,1.0,196.30769230769232
NODE,1,136,1.0,200.46153846153845
NODE,1,137,1.0,199.07692307692307
NODE,1,138,1.0,206.92307692307693
NODE,1,139,1.0,203.69230769230768
NODE,1,140,1.0,201.3846153846154
NODE,1,141,1.0,213.3846153846154
NODE,1,142,1.0,207.3846153846154
NODE,1,143,1.0,212.46153846153845
NODE,1,144,1.0,210.6153846153846
NODE,1,145,1.0,212.0
NODE,1,146,1.0,213.84615384615384
NODE,1,147,1.0,207.3846153846154
NODE,1,148,1.0,214.76923076923077
NODE,1,149,1.0,207.3846153846154
NODE,1,150,1.0,207.3846153846154
NODE,1,151,1.0,209.23076923076923
NODE,1,152,1.0,211.53846153846155
NODE,1,153,1.0,219.84615384615384
NODE,1,154,1.0,215.23076923076923
NODE,1,155,1.0,217.07692307692307
NODE,1,156,1.0,220.30769230769232
NODE,1,157,1.0,212.92307692307693
NODE,1,158,1.0,212.92307692307693
NODE,1,159,1.0,212.0
NODE,1,160,1.0,217.53846153846155
NODE,1,161,1.0,216.15384615384616
NODE,1,162,1.0,219.84615384615384
NODE,1,163,1.0,219.3846153846154
NODE,1,164,1.0,223.07692307692307
NODE,1,165,1.0,221.23076923076923
NODE,1,166,1.0,222.6153846153846
NODE,1,167,1.0,221.69230769230768
NODE,1,168,1.0,221.69230769230768
NODE,1,169,1.0,221.69230769230768
NODE,1,170,1.0,211.07692307692307
NODE,1,171,1.0,221.69230769230768
NODE,1,172,1.0,220.76923076923077
NODE,1,173,1.0,223.53846153846155
NODE,1,174,1.0,223.07692307692307
NODE,1,175,1.0,216.15384615384616
NODE,1,176,1.0,228.15384615384616
NODE,1,177,1.0,223.53846153846155
NODE,1,178,1.0,220.30769230769232
NODE,1,179,1.0,219.3846153846154
NODE,1,180,1.0,225.3846153846154
NODE,1,181,1.0,222.15384615384616
NODE,1,182,1.0,224.92307692307693
NODE,1,183,1.0,222.6153846153846
NODE,1,184,1.0,224.92307692307693
NODE,1,185,1.0,222.15384615384616
NODE,1,186,0.99375,224.0
NODE,1,187,0.97625,176.92307692307693
NODE,1,188,0.995,176.0
NODE,1,189,0.99625,177.3846153846154
NODE,1,190,1.0,176.0
NODE,1,191,1.0,180.15384615384616
NODE,1,192,1.0,176.0
NODE,1,193,1.0,176.92307692307693
NODE,1,194,1.0,184.30769230769232
NODE,1,195,1.0,179.23076923076923
NODE,1,196,1.0,180.6153846153846
NODE,1,197,1.0,175.07692307692307
NODE,1,198,1.0,185.69230769230768
NODE,1,199,1.0,184.30769230769232
NODE,1,200,1.0,187.07692307692307
NODE,1,201,1.0,184.76923076923077
NODE,1,202,1.0,184.30769230769232
NODE,1,203,1.0,184.30769230769232
NODE,1,204,1.0,187.07692307692307
NODE,1,205,1.0,187.53846153846155
NODE,1,206,1.0,185.69230769230768
NODE,1,207,1.0,187.07692307692307
NODE,1,208,1.0,197.23076923076923
NODE,1,209,1.0,186.6153846153846
NODE,1,210,1.0,179.69230769230768
NODE,1,211,1.0,191.23076923076923
NODE,1,212,1.0,188.0
NODE,1,213,1.0,191.23076923076923
NODE,1,214,1.0,187.07692307692307
NODE,1,215,1.0,190.76923076923077
NODE,1,216,1.0,191.69230769230768
NODE,1,217,1.0,192.6153846153846
NODE,1,218,1.0,195.3846153846154
NODE,1,219,1.0,189.84615384615384
NODE,1,220,1.0,192.6153846153846
NODE,1,221,1.0,189.84615384615384
NODE,1,222,1.0,187.53846153846155
NODE,1,223,1.0,187.53846153846155
NODE,1,224,1.0,195.3846153846154
NODE,1,225,1.0,192.15384615384616
NODE,1,226,1.0,193.07692307692307
NODE,1,227,1.0,193.07692307692307
NODE,1,228,1.0,192.6153846153846
NODE,1,229,1.0,192.6153846153846
NODE,1,230,1.0,193.07692307692307
NODE,1,231,1.0,194.0
NODE,1,232,1.0,190.30769230769232
NODE,1,233,1.0,196.30769230769232
NODE,1,234,1.0,191.69230769230768
NODE,1,235,1.0,186.15384615384616
NODE,1,236,1.0,195.3846153846154
NODE,1,237,1.0,198.15384615384616
NODE,1,238,1.0,196.30769230769232
NODE,1,239,1.0,198.15384615384616
NODE,1,240,1.0,198.15384615384616
NODE,1,241,1.0,194.0
NODE,1,242,1.0,195.3846153846154
NODE,1,243,1.0,197.23076923076923
NODE,1,244,1.0,194.46153846153845
NODE,1,245,1.0,199.53846153846155
NODE,1,246,1.0,197.23076923076923
NODE,1,247,1.0,194.46153846153845
NODE,1,248,1.0,199.53846153846155
NODE,1,249,1.0,198.6153846153846
NODE,1,250,1.0,190.76923076923077
NODE,1,251,1.0,196.30769230769232
NODE,1,252,1.0,195.84615384615384
NODE,1,253,1.0,199.07692307692307
NODE,1,254,1.0,189.84615384615384
NODE,1,255,1.0,198.15384615384616
NODE,1,256,1.0,195.3846153846154
NODE,1,257,1.0,199.07692307692307
NODE,1,258,1.0,197.23076923076923
NODE,1,259,1.0,201.84615384615384
NODE,1,260,1.0,195.3846153846154
NODE,1,261,1.0,202.30769230769232
NODE,1,262,1.0,198.6153846153846
NODE,1,263,1.0,195.84615384615384
NODE,1,264,1.0,192.6153846153846
NODE,1,265,1.0,198.6153846153846
NODE,1,266,1.0,197.69230769230768
NODE,1,267,1.0,191.69230769230768
NODE,1,268,1.0,194.0
NODE,1,269,1.0,197.23076923076923
NODE,1,270,1.0,203.23076923076923
NODE,1,271,1.0,196.30769230769232
NODE,1,272,1.0,205.53846153846155
NODE,1,273,1.0,195.3846153846154
NODE,1,274,1.0,199.53846153846155
NODE,1,275,1.0,198.15384615384616
NODE,1,276,1.0,196.30769230769232
NODE,1,277,1.0,201.84615384615384
NODE,1,278,1.0,196.30769230769232
NODE,1,279,1.0,196.30769230769232
NODE,1,280,1.0,204.6153846153846
NODE,1,281,1.0,195.3846153846154
NODE,1,282,1.0,201.3846153846154
NODE,1,283,1.0,200.46153846153845
NODE,1,284,1.0,197.69230769230768
NODE,1,285,1.0,198.15384615384616
NODE,1,286,1.0,193.07692307692307
NODE,1,287,1.0,200.46153846153845
NODE,1,288,1.0,196.76923076923077
NODE,1,289,1.0,197.23076923076923
NODE,1,290,1.0,199.53846153846155
NODE,1,291,1.0,197.23076923076923
NODE,1,292,1.0,190.76923076923077
NODE,1,293,1.0,199.07692307692307
NODE,1,294,1.0,199.07692307692307
NODE,1,295,1.0,197.23076923076923
NODE,1,296,1.0,195.3846153846154
NODE,1,297,1.0,198.15384615384616
NODE,1,298,1.0,196.76923076923077
NODE,1,299,1.0,201.84615384615384
NODE,1,300,1.0,201.3846153846154
NODE,1,301,1.0,196.30769230769232
NODE,1,302,1.0,202.30769230769232
NODE,1,303,1.0,200.46153846153845
NODE,1,304,1.0,201.84615384615384
NODE,1,305,1.0,198.15384615384616
NODE,1,306,1.0,204.15384615384616
NODE,1,307,1.0,197.23076923076923
NODE,1,308,1.0,201.3846153846154
NODE,1,309,1.0,198.6153846153846
NODE,1,310,1.0,198.6153846153846
NODE,1,311,1.0,196.76923076923077
NODE,1,312,1.0,204.6153846153846
NODE,1,313,1.0,196.76923076923077
NODE,1,314,1.0,202.76923076923077
NODE,1,315,1.0,195.3846153846154
NODE,1,316,1.0,197.69230769230768
NODE,1,317,1.0,200.92307692307693
NODE,1,318,1.0,201.84615384615384
NODE,1,319,1.0,199.07692307692307
NODE,1,320,1.0,203.23076923076923
NODE,1,321,1.0,200.46153846153845
NODE,1,322,1.0,195.3846153846154
NODE,1,323,1.0,200.46153846153845
NODE,1,324,1.0,202.30769230769232
NODE,1,325,1.0,200.46153846153845
NODE,1,326,1.0,200.92307692307693
NODE,1,327,1.0,199.53846153846155
NODE,1,328,1.0,206.92307692307693
NODE,1,329,1.0,203.23076923076923
NODE,1,330,1.0,207.84615384615384
NODE,1,331,1.0,204.15384615384616
NODE,1,332,1.0,202.76923076923077
NODE,1,333,1.0,199.53846153846155
NODE,1,334,1.0,203.69230769230768
NODE,1,335,1.0,202.30769230769232
NODE,1,336,1.0,202.76923076923077
NODE,1,337,1.0,202.76923076923077
NODE,1,338,1.0,201.84615384615384
NODE,1,339,1.0,200.46153846153845
NODE,1,340,1.0,203.23076923076923
NODE,1,341,1.0,204.15384615384616
NODE,1,342,1.0,203.69230769230768
NODE,1,343,1.0,202.76923076923077
NODE,1,344,1.0,204.15384615384616
NODE,1,345,1.0,205.07692307692307
NODE,1,346,1.0,208.30769230769232
NODE,1,347,1.0,203.23076923076923
NODE,1,348,1.0,198.6153846153846
NODE,1,349,1.0,202.76923076923077
NODE,1,350,1.0,204.15384615384616
NODE,1,351,1.0,203.69230769230768
NODE,1,352,1.0,205.07692307692307
NODE,1,353,1.0,203.69230769230768
NODE,1,354,1.0,205.07692307692307
NODE,1,355,1.0,212.0
NODE,1,356,1.0,208.30769230769232
NODE,1,357,1.0,207.3846153846154
NODE,1,358,1.0,201.84615384615384
NODE,1,359,1.0,203.69230769230768
NODE,1,360,1.0,202.76923076923077
NODE,1,361,1.0,204.15384615384616
NODE,1,362,1.0,199.07692307692307
NODE,1,363,1.0,205.07692307692307
NODE,1,364,1.0,201.84615384615384
NODE,1,365,1.0,203.69230769230768
NODE,1,366,1.0,194.46153846153845
NODE,1,367,1.0,204.15384615384616
NODE,1,368,1.0,202.76923076923077
NODE,1,369,1.0,197.69230769230768
NODE,1,370,1.0,207.3846153846154
NODE,1,371,1.0,214.76923076923077
NODE,1,372,1.0,207.84615384615384
NODE,1,373,1.0,202.30769230769232
NODE,1,374,1.0,203.69230769230768
NODE,1,375,1.0,204.6153846153846
NODE,1,376,1.0,198.15384615384616
NODE,1,377,1.0,206.46153846153845
NODE,1,378,1.0,204.15384615384616
NODE,1,379,1.0,203.23076923076923
NODE,1,380,1.0,207.84615384615384
NODE,1,381,1.0,202.76923076923077
NODE,1,382,1.0,206.0
NODE,1,383,1.0,204.15384615384616
NODE,1,384,1.0,202.76923076923077
NODE,1,385,1.0,204.15384615384616
NODE,1,386,1.0,200.0
NODE,1,387,1.0,206.0
NODE,1,388,1.0,209.23076923076923
NODE,1,389,1.0,206.0
NODE,1,390,1.0,207.3846153846154
NODE,1,391,1.0,202.76923076923077
NODE,1,392,1.0,200.0
NODE,1,393,1.0,205.53846153846155
NODE,1,394,1.0,203.69230769230768
NODE,1,395,1.0,205.53846153846155
NODE,1,396,1.0,202.76923076923077
NODE,1,397,1.0,204.15384615384616
NODE,1,398,1.0,200.46153846153845
NODE,1,399,1.0,206.0
NODE,1,400,1.0,208.76923076923077
NODE,1,401,1.0,208.76923076923077
NODE,1,402,1.0,211.07692307692307
NODE,1,403,1.0,205.07692307692307
NODE,1,404,1.0,203.23076923076923
NODE,1,405,1.0,209.69230769230768
NODE,1,406,1.0,205.07692307692307
NODE,1,407,1.0,208.76923076923077
NODE,1,408,1.0,211.07692307692307
NODE,1,409,1.0,209.23076923076923
NODE,1,410,1.0,208.76923076923077
NODE,1,411,1.0,206.0
NODE,1,412,1.0,204.6153846153846
NODE,1,413,1.0,201.84615384615384
NODE,1,414,1.0,208.30769230769232
NODE,1,415,1.0,210.6153846153846
NODE,1,416,1.0,202.30769230769232
NODE,1,417,1.0,209.23076923076923
NODE,1,418,1.0,207.3846153846154
NODE,1,419,1.0,207.84615384615384
NODE,1,420,1.0,212.0
NODE,1,421,1.0,204.6153846153846
NODE,1,422,1.0,206.92307692307693
NODE,1,423,1.0,211.07692307692307
NODE,1,424,1.0,208.30769230769232
NODE,1,425,1.0,209.69230769230768
NODE,1,426,1.0,206.92307692307693
NODE,1,427,1.0,204.15384615384616
NODE,1,428,1.0,204.15384615384616
NODE,1,429,1.0,211.07692307692307
NODE,1,430,1.0,207.84615384615384
NODE,1,431,1.0,206.0
NODE,1,432,1.0,200.0
NODE,1,433,1.0,207.84615384615384
NODE,1,434,1.0,207.84615384615384
NODE,1,435,1.0,208.30769230769232
NODE,1,436,1.0,209.23076923076923
NODE,1,437,1.0,210.15384615384616
NODE,1,438,1.0,204.6153846153846
NODE,1,439,1.0,206.92307692307693
NODE,1,440,1.0,210.6153846153846
NODE,1,441,1.0,204.6153846153846
NODE,1,442,1.0,206.0
NODE,1,443,1.0,210.15384615384616
NODE,1,444,1.0,206.46153846153845
NODE,1,445,1.0,202.76923076923077
NODE,1,446,1.0,205.53846153846155
NODE,1,447,1.0,206.46153846153845
NODE,1,448,1.0,211.07692307692307
NODE,1,449,1.0,200.92307692307693
NODE,1,450,1.0,208.76923076923077
NODE,1,451,1.0,210.6153846153846
NODE,1,452,1.0,205.07692307692307
NODE,1,453,1.0,208.76923076923077
NODE,1,454,1.0,206.46153846153845
NODE,1,455,1.0,206.46153846153845
NODE,1,456,1.0,205.07692307692307
NODE,1,457,1.0,208.76923076923077
NODE,1,458,1.0,207.84615384615384
NODE,1,459,1.0,211.07692307692307
NODE,1,460,1.0,205.53846153846155
NODE,1,461,1.0,205.53846153846155
NODE,1,462,1.0,207.84615384615384
NODE,1,463,1.0,212.46153846153845
NODE,1,464,1.0,208.30769230769232
NODE,1,465,1.0,205.07692307692307
NODE,1,466,1.0,207.84615384615384
NODE,1,467,1.0,210.6153846153846
NODE,1,468,1.0,214.76923076923077
NODE,1,469,1.0,212.92307692307693
NODE,1,470,1.0,206.46153846153845
NODE,1,471,1.0,208.76923076923077
NODE,1,472,1.0,207.3846153846154
NODE,1,473,1.0,205.07692307692307
NODE,1,474,1.0,209.69230769230768
NODE,1,475,1.0,208.30769230769232
NODE,1,476,1.0,212.0
NODE,1,477,1.0,206.92307692307693
NODE,1,478,1.0,208.30769230769232
NODE,1,479,1.0,212.46153846153845
NODE,1,480,1.0,205.07692307692307
NODE,1,481,1.0,215.23076923076923
NODE,1,482,1.0,209.69230769230768
NODE,1,483,1.0,203.69230769230768
NODE,1,484,1.0,205.07692307692307
NODE,1,485,1.0,210.15384615384616
NODE,1,486,1.0,212.46153846153845
NODE,1,487,1.0,208.30769230769232
NODE,1,488,1.0,214.76923076923077
NODE,1,489,1.0,208.30769230769232
NODE,1,490,1.0,206.46153846153845
NODE,1,491,1.0,213.3846153846154
NODE,1,492,1.0,208.30769230769232
NODE,1,493,1.0,209.23076923076923
NODE,1,494,1.0,212.46153846153845
NODE,1,495,1.0,215.23076923076923
NODE,1,496,1.0,211.07692307692307
NODE,1,497,1.0,204.6153846153846
NODE,1,498,1.0,204.6153846153846
NODE,1,499,1.0,208.30769230769232
NODE,1,500,1.0,211.53846153846155
NODE,2,1,0.45625,44.0
NODE,2,2,0.515,44.46153846153846
NODE,2,3,0.5725,48.15384615384615
NODE,2,4,0.7125,56.92307692307692
NODE,2,5,0.7925,68.46153846153847
NODE,2,6,0.835,80.92307692307692
NODE,2,7,0.86875,95.6923076923077
NODE,2,8,0.89,111.38461538461539
NODE,2,9,0.90125,125.6923076923077
NODE,2,10,0.90875,140.92307692307693
NODE,2,11,0.91375,143.23076923076923
NODE,2,12,0.91625,154.76923076923077
NODE,2,13,0.9375,161.69230769230768
NODE,2,14,0.87375,153.84615384615384
NODE,2,15,0.9025,156.15384615384616
NODE,2,16,0.935,159.84615384615384
NODE,2,17,0.93625,164.0
NODE,2,18,0.94625,162.15384615384616
NODE,2,19,0.95625,163.53846153846155
NODE,2,20,0.965,166.76923076923077
NODE,2,21,0.97375,173.23076923076923
NODE,2,22,0.96625,170.46153846153845
NODE,2,23,0.9825,177.3846153846154
NODE,2,24,0.985,178.76923076923077
NODE,2,25,0.98125,178.30769230769232
NODE,2,26,0.9825,178.76923076923077
NODE,2,27,0.99,182.0
NODE,2,28,0.99125,180.15384615384616
NODE,2,29,0.99125,180.15384615384616
NODE,2,30,0.99375,184.76923076923077
NODE,2,31,0.99125,178.30769230769232
NODE,2,32,0.98375,172.30769230769232
NODE,2,33,0.97,173.69230769230768
NODE,2,34,0.99,182.0
NODE,2,35,0.99375,182.0
NODE,2,36,0.995,183.3846153846154
NODE,2,37,0.995,183.84615384615384
NODE,2,38,0.99375,186.15384615384616
NODE,2,39,0.995,194.46153846153845
NODE,2,40,0.9975,188.46153846153845
NODE,2,41,0.99875,186.15384615384616
NODE,2,42,0.99125,188.0
NODE,2,43,0.98875,191.23076923076923
NODE,2,44,0.97875,183.3846153846154
NODE,2,45,0.99625,184.76923076923077
NODE,2,46,0.9975,182.46153846153845
NODE,2,47,0.995,182.92307692307693
NODE,2,48,0.9875,179.23076923076923
NODE,2,49,0.99125,175.07692307692307
NODE,2,50,0.99875,184.30769230769232
NODE,2,51,1.0,188.92307692307693
NODE,2,52,0.9975,184.30769230769232
NODE,2,53,0.91625,168.6153846153846
NODE,2,54,0.945,166.30769230769232
NODE,2,55,0.9875,168.6153846153846
NODE,2,56,0.9975,172.76923076923077
NODE,2,57,1.0,175.53846153846155
NODE,2,58,0.9975,172.76923076923077
NODE,2,59,0.94125,171.3846153846154
NODE,2,60,0.985,169.07692307692307
NODE,2,61,0.9975,171.84615384615384
NODE,2,62,0.9975,169.07692307692307
NODE,2,63,0.99875,163.07692307692307
NODE,2,64,0.99875,159.84615384615384
NODE,2,65,0.99875,161.69230769230768
NODE,2,66,0.99875,159.84615384615384
NODE,2,67,0.99875,164.0
NODE,2,68,1.0,164.92307692307693
NODE,2,69,1.0,167.23076923076923
NODE,2,70,1.0,164.46153846153845
NODE,2,71,1.0,160.30769230769232
NODE,2,72,1.0,159.84615384615384
NODE,2,73,1.0,163.53846153846155
NODE,2,74,1.0,165.84615384615384
NODE,2,75,1.0,164.0
NODE,2,76,1.0,160.30769230769232
NODE,2,77,1.0,164.0
NODE,2,78,1.0,164.46153846153845
NODE,2,79,1.0,162.6153846153846
NODE,2,80,1.0,165.84615384615384
NODE,2,81,1.0,162.15384615384616
NODE,2,82,1.0,165.84615384615384
NODE,2,83,1.0,159.84615384615384
NODE,2,84,1.0,163.53846153846155
NODE,2,85,1.0,173.69230769230768
NODE,2,86,1.0,165.3846153846154
NODE,2,87,1.0,165.3846153846154
NODE,2,88,1.0,164.46153846153845
NODE,2,89,1.0,166.30769230769232
NODE,2,90,1.0,167.69230769230768
NODE,2,91,1.0,170.92307692307693
NODE,2,92,1.0,168.6153846153846
NODE,2,93,1.0,169.53846153846155
NODE,2,94,1.0,168.6153846153846
NODE,2,95,1.0,170.92307692307693
NODE,2,96,1.0,176.92307692307693
NODE,2,97,1.0,170.0
NODE,2,98,1.0,167.69230769230768
NODE,2,99,1.0,172.30769230769232
NODE,2,100,1.0,167.23076923076923
NODE,2,101,1.0,172.30769230769232
NODE,2,102,1.0,173.69230769230768
NODE,2,103,1.0,171.3846153846154
NODE,2,104,1.0,173.23076923076923
NODE,2,105,1.0,170.92307692307693
NODE,2,106,1.0,174.15384615384616
NODE,2,107,1.0,174.6153846153846
NODE,2,108,1.0,171.3846153846154
NODE,2,109,1.0,171.84615384615384
NODE,2,110,1.0,174.6153846153846
NODE,2,111,1.0,176.46153846153845
NODE,2,112,1.0,173.23076923076923
NODE,2,113,1.0,173.23076923076923
NODE,2,114,1.0,171.84615384615384
NODE,2,115,1.0,172.76923076923077
NODE,2,116,1.0,173.69230769230768
NODE,2,117,1.0,173.23076923076923
NODE,2,118,1.0,176.92307692307693
NODE,2,119,1.0,174.6153846153846
NODE,2,120,1.0,170.92307692307693
NODE,2,121,1.0,174.15384615384616
NODE,2,122,1.0,170.46153846153845
NODE,2,123,1.0,176.0
NODE,2,124,1.0,173.69230769230768
NODE,2,125,1.0,176.92307692307693
NODE,2,126,1.0,178.30769230769232
NODE,2,127,1.0,177.84615384615384
NODE,2,128,1.0,175.07692307692307
NODE,2,129,1.0,177.84615384615384
NODE,2,130,1.0,176.92307692307693
NODE,2,131,1.0,178.30769230769232
NODE,2,132,1.0,174.15384615384616
NODE,2,133,1.0,176.0
NODE,2,134,1.0,175.07692307692307
NODE,2,135,1.0,173.23076923076923
NODE,2,136,1.0,176.92307692307693
NODE,2,137,1.0,176.0
NODE,2,138,1.0,177.84615384615384
NODE,2,139,1.0,175.53846153846155
NODE,2,140,1.0,179.23076923076923
NODE,2,141,1.0,179.23076923076923
NODE,2,142,1.0,179.23076923076923
NODE,2,143,1.0,181.07692307692307
NODE,2,144,1.0,177.84615384615384
NODE,2,145,1.0,177.3846153846154
NODE,2,146,1.0,179.23076923076923
NODE,2,147,1.0,180.15384615384616
NODE,2,148,1.0,177.3846153846154
NODE,2,149,1.0,176.0
NODE,2,150,1.0,183.84615384615384
NODE,2,151,1.0,186.15384615384616
NODE,2,152,1.0,188.0
NODE,2,153,1.0,183.84615384615384
NODE,2,154,0.9975,186.6153846153846
NODE,2,155,0.9875,194.0
NODE,2,156,0.9975,196.76923076923077
NODE,2,157,0.99875,201.84615384615384
NODE,2,158,1.0,201.3846153846154
NODE,2,159,0.99875,201.3846153846154
NODE,2,160,0.99875,202.76923076923077
NODE,2,161,0.9675,207.84615384615384
NODE,2,162,0.95625,212.46153846153845
NODE,2,163,0.95,205.53846153846155
NODE,2,164,0.90875,197.69230769230768
NODE,2,165,0.9425,225.84615384615384
NODE,2,166,0.97625,237.3846153846154
NODE,2,167,0.97625,240.15384615384616
NODE,2,168,0.97,260.46153846153845
NODE,2,169,0.9675,262.7692307692308
NODE,2,170,0.96125,269.2307692307692
NODE,2,171,0.95875,275.2307692307692
NODE,2,172,0.96125,286.7692307692308
NODE,2,173,0.96375,288.61538461538464
NODE,2,174,0.95125,294.15384615384613
NODE,2,175,0.75,266.0
NODE,2,176,0.805,271.0769230769231
NODE,2,177,0.83,258.15384615384613
NODE,2,178,0.84375,245.23076923076923
NODE,2,179,0.85,237.3846153846154
NODE,2,180,0.865,238.30769230769232
NODE,2,181,0.8725,245.23076923076923
NODE,2,182,0.86,243.3846153846154
NODE,2,183,0.5575,229.53846153846155
NODE,2,184,0.675,250.30769230769232
NODE,2,185,0.84875,245.69230769230768
NODE,2,186,0.87875,247.53846153846155
NODE,2,187,0.88875,242.92307692307693
NODE,2,188,0.8925,242.0
NODE,2,189,0.8975,244.76923076923077
NODE,2,190,0.905,241.07692307692307
NODE,2,191,0.90875,255.84615384615384
NODE,2,192,0.9125,252.15384615384616
NODE,2,193,0.92,244.76923076923077
NODE,2,194,0.9375,250.76923076923077
NODE,2,195,0.9325,257.6923076923077
NODE,2,196,0.9375,256.7692307692308
NODE,2,197,0.95,259.0769230769231
NODE,2,198,0.95125,263.2307692307692
NODE,2,199,0.95375,270.61538461538464
NODE,2,200,0.9575,262.7692307692308
NODE,2,201,0.96875,269.2307692307692
NODE,2,202,0.9625,272.0
NODE,2,203,0.94875,269.2307692307692
NODE,2,204,0.8775,264.61538461538464
NODE,2,205,0.93125,265.53846153846155
NODE,2,206,0.89375,270.15384615384613
NODE,2,207,0.9475,268.3076923076923
NODE,2,208,0.9675,255.84615384615384
NODE,2,209,0.97625,267.38461538461536
NODE,2,210,0.9775,265.53846153846155
NODE,2,211,0.9775,268.3076923076923
NODE,2,212,0.97875,270.15384615384613
NODE,2,213,0.98125,276.15384615384613
NODE,2,214,0.9825,278.0
NODE,2,215,0.9825,277.53846153846155
NODE,2,216,0.985,279.84615384615387
NODE,2,217,0.985,286.7692307692308
NODE,2,218,0.9675,284.0
NODE,2,219,0.97625,284.9230769230769
NODE,2,220,0.9825,285.84615384615387
NODE,2,221,0.98625,284.9230769230769
NODE,2,222,0.99,290.0
NODE,2,223,0.99,290.46153846153845
NODE,2,224,0.99,301.53846153846155
NODE,2,225,0.97,296.9230769230769
NODE,2,226,0.94625,290.0
NODE,2,227,0.9675,298.3076923076923
NODE,2,228,0.97,298.7692307692308
NODE,2,229,0.97875,293.2307692307692
NODE,2,230,0.985,292.7692307692308
NODE,2,231,0.9875,292.7692307692308
NODE,2,232,0.995,291.38461538461536
NODE,2,233,0.995,296.0
NODE,2,234,0.995,297.84615384615387
NODE,2,235,0.995,299.2307692307692
NODE,2,236,0.9925,292.7692307692308
NODE,2,237,0.99625,293.2307692307692
NODE,2,238,0.99375,295.0769230769231
NODE,2,239,0.99625,301.0769230769231
NODE,2,240,0.9875,292.7692307692308
NODE,2,241,0.9975,304.3076923076923
NODE,2,242,0.99625,306.61538461538464
NODE,2,243,0.99625,296.0
NODE,2,244,0.935,299.6923076923077
NODE,2,245,0.75125,320.46153846153845
NODE,2,246,0.77,326.0
NODE,2,247,0.79625,316.3076923076923
NODE,2,248,0.8325,320.0
NODE,2,249,0.85125,326.46153846153845
NODE,2,250,0.92125,320.9230769230769
NODE,2,251,0.93,317.2307692307692
NODE,2,252,0.945,320.46153846153845
NODE,2,253,0.95125,327.38461538461536
NODE,2,254,0.9725,328.7692307692308
NODE,2,255,0.9625,332.46153846153845
NODE,2,256,0.96625,330.15384615384613
NODE,2,257,0.965,331.53846153846155
NODE,2,258,0.95625,332.46153846153845
NODE,2,259,0.9625,334.7692307692308
NODE,2,260,0.95125,343.53846153846155
NODE,2,261,0.965,340.7692307692308
NODE,2,262,0.955,335.6923076923077
NODE,2,263,0.97875,336.61538461538464
NODE,2,264,0.96625,333.84615384615387
NODE,2,265,0.96625,338.9230769230769
NODE,2,266,0.96625,341.2307692307692
NODE,2,267,0.9725,342.15384615384613
NODE,2,268,0.9725,344.0
NODE,2,269,0.96375,345.84615384615387
NODE,2,270,0.98375,348.15384615384613
NODE,2,271,0.98,346.7692307692308
NODE,3,1,0.4925,44.0
NODE,3,2,0.525,50.92307692307692
NODE,3,3,0.57375,60.15384615384615
NODE,3,4,0.71,74.0
NODE,3,5,0.87875,92.92307692307692
NODE,3,6,0.90375,115.07692307692308
NODE,3,7,0.93,133.07692307692307
NODE,3,8,0.94625,151.07692307692307
NODE,3,9,0.96625,170.0
NODE,3,10,0.98,184.30769230769232
NODE,3,11,0.985,183.3846153846154
NODE,3,12,0.9825,185.23076923076923
NODE,3,13,0.99,189.3846153846154
NODE,3,14,0.99125,198.6153846153846
NODE,3,15,0.99375,192.15384615384616
NODE,3,16,0.99875,198.6153846153846
NODE,3,17,1.0,195.3846153846154
NODE,3,18,1.0,197.23076923076923
NODE,3,19,1.0,199.53846153846155
NODE,3,20,1.0,205.07692307692307
NODE,3,21,1.0,206.92307692307693
NODE,3,22,1.0,210.6153846153846
NODE,3,23,1.0,210.15384615384616
NODE,3,24,1.0,216.6153846153846
NODE,3,25,0.99875,217.07692307692307
NODE,3,26,1.0,226.30769230769232
NODE,3,27,1.0,216.15384615384616
NODE,3,28,1.0,221.23076923076923
NODE,3,29,1.0,223.07692307692307
NODE,3,30,0.9725,223.07692307692307
NODE,3,31,0.94375,212.0
NODE,3,32,0.97625,186.6153846153846
NODE,3,33,0.99375,191.23076923076923
NODE,3,34,0.98875,195.3846153846154
NODE,3,35,0.9975,171.3846153846154
NODE,3,36,0.99875,172.30769230769232
NODE,3,37,1.0,180.6153846153846
NODE,3,38,1.0,181.53846153846155
NODE,3,39,1.0,183.84615384615384
NODE,3,40,1.0,180.6153846153846
NODE,3,41,1.0,179.69230769230768
NODE,3,42,1.0,182.0
NODE,3,43,1.0,186.15384615384616
NODE,3,44,1.0,184.30769230769232
NODE,3,45,1.0,188.0
NODE,3,46,1.0,189.3846153846154
NODE,3,47,1.0,185.69230769230768
NODE,3,48,1.0,189.3846153846154
NODE,3,49,1.0,190.30769230769232
NODE,3,50,1.0,189.3846153846154
NODE,3,51,1.0,188.46153846153845
NODE,3,52,1.0,182.0
NODE,3,53,1.0,184.76923076923077
NODE,3,54,1.0,189.84615384615384
NODE,3,55,1.0,186.15384615384616
NODE,3,56,1.0,182.46153846153845
NODE,3,57,1.0,192.6153846153846
NODE,3,58,1.0,187.53846153846155
NODE,3,59,1.0,188.0
NODE,3,60,1.0,190.76923076923077
NODE,3,61,1.0,189.84615384615384
NODE,3,62,1.0,187.53846153846155
NODE,3,63,1.0,185.23076923076923
NODE,3,64,1.0,192.6153846153846
NODE,3,65,1.0,191.69230769230768
NODE,3,66,1.0,182.0
NODE,3,67,1.0,188.46153846153845
NODE,3,68,1.0,192.15384615384616
NODE,3,69,1.0,191.23076923076923
NODE,3,70,1.0,185.69230769230768
NODE,3,71,1.0,189.3846153846154
NODE,3,72,1.0,195.84615384615384
NODE,3,73,1.0,188.92307692307693
NODE,3,74,1.0,189.84615384615384
NODE,3,75,1.0,188.92307692307693
NODE,3,76,1.0,187.53846153846155
NODE,3,77,1.0,193.53846153846155
NODE,3,78,1.0,189.84615384615384
NODE,3,79,1.0,191.69230769230768
NODE,3,80,1.0,193.07692307692307
NODE,3,81,1.0,185.69230769230768
NODE,3,82,1.0,187.07692307692307
NODE,3,83,1.0,194.0
NODE,3,84,1.0,188.46153846153845
NODE,3,85,1.0,188.46153846153845
NODE,3,86,1.0,194.46153846153845
NODE,3,87,1.0,193.53846153846155
NODE,3,88,1.0,199.07692307692307
NODE,3,89,1.0,194.0
NODE,3,90,1.0,194.92307692307693
NODE,3,91,1.0,194.0
NODE,3,92,1.0,198.6153846153846
NODE,3,93,1.0,191.69230769230768
NODE,3,94,1.0,194.92307692307693
NODE,3,95,1.0,195.3846153846154
NODE,3,96,1.0,194.46153846153845
NODE,3,97,1.0,200.0
NODE,3,98,1.0,193.53846153846155
NODE,3,99,1.0,189.84615384615384
NODE,3,100,1.0,186.6153846153846
NODE,3,101,1.0,191.23076923076923
NODE,3,102,1.0,194.92307692307693
NODE,3,103,1.0,198.15384615384616
NODE,3,104,1.0,200.0
NODE,3,105,1.0,190.76923076923077
NODE,3,106,1.0,194.92307692307693
NODE,3,107,1.0,194.0
NODE,3,108,1.0,198.15384615384616
NODE,3,109,1.0,195.3846153846154
NODE,3,110,1.0,195.84615384615384
NODE,3,111,1.0,195.84615384615384
NODE,3,112,1.0,194.46153846153845
NODE,3,113,1.0,194.46153846153845
NODE,3,114,1.0,200.92307692307693
NODE,3,115,1.0,198.6153846153846
NODE,3,116,1.0,191.23076923076923
NODE,3,117,1.0,194.92307692307693
NODE,3,118,1.0,196.30769230769232
NODE,3,119,1.0,196.30769230769232
NODE,3,120,1.0,201.84615384615384
NODE,3,121,1.0,195.84615384615384
NODE,3,122,1.0,198.6153846153846
NODE,3,123,1.0,199.07692307692307
NODE,3,124,1.0,194.46153846153845
NODE,3,125,1.0,195.84615384615384
NODE,3,126,1.0,194.92307692307693
NODE,3,127,1.0,196.76923076923077
NODE,3,128,1.0,194.46153846153845
NODE,3,129,1.0,195.84615384615384
NODE,3,130,1.0,197.23076923076923
NODE,3,131,1.0,198.15384615384616
NODE,3,132,1.0,197.69230769230768
NODE,3,133,1.0,194.92307692307693
NODE,3,134,1.0,200.0
NODE,3,135,1.0,197.23076923076923
NODE,3,136,1.0,194.46153846153845
NODE,3,137,1.0,194.46153846153845
NODE,3,138,1.0,196.30769230769232
NODE,3,139,1.0,191.23076923076923
NODE,3,140,1.0,194.92307692307693
NODE,3,141,1.0,194.92307692307693
NODE,3,142,1.0,197.69230769230768
NODE,3,143,1.0,197.69230769230768
NODE,3,144,1.0,194.46153846153845
NODE,3,145,1.0,195.84615384615384
NODE,3,146,1.0,193.07692307692307
NODE,3,147,1.0,201.3846153846154
NODE,3,148,1.0,200.46153846153845
NODE,3,149,1.0,195.3846153846154
NODE,3,150,1.0,195.84615384615384
NODE,3,151,1.0,190.76923076923077
NODE,3,152,1.0,197.23076923076923
NODE,3,153,1.0,202.76923076923077
NODE,3,154,1.0,196.30769230769232
NODE,3,155,1.0,194.0
NODE,3,156,1.0,199.07692307692307
NODE,3,157,1.0,195.84615384615384
NODE,3,158,1.0,200.0
NODE,3,159,1.0,199.07692307692307
NODE,3,160,1.0,198.15384615384616
NODE,3,161,1.0,195.84615384615384
NODE,3,162,1.0,200.46153846153845
NODE,3,163,1.0,194.46153846153845
NODE,3,164,1.0,204.6153846153846
NODE,3,165,1.0,201.3846153846154
NODE,3,166,1.0,201.84615384615384
NODE,3,167,1.0,199.07692307692307
NODE,3,168,1.0,196.30769230769232
NODE,3,169,1.0,201.84615384615384
NODE,3,170,1.0,199.07692307692307
NODE,3,171,1.0,198.15384615384616
NODE,3,172,1.0,201.84615384615384
NODE,3,173,1.0,196.30769230769232
NODE,3,174,1.0,202.76923076923077
NODE,3,175,1.0,203.23076923076923
NODE,3,176,1.0,205.07692307692307
NODE,3,177,1.0,202.30769230769232
NODE,3,178,1.0,202.30769230769232
NODE,3,179,1.0,200.0
NODE,3,180,1.0,201.3846153846154
NODE,3,181,1.0,200.46153846153845
NODE,3,182,1.0,196.30769230769232
NODE,3,183,1.0,193.53846153846155
NODE,3,184,1.0,202.76923076923077
NODE,3,185,1.0,201.84615384615384
NODE,3,186,1.0,198.15384615384616
NODE,3,187,1.0,198.6153846153846
NODE,3,188,1.0,202.76923076923077
NODE,3,189,1.0,201.84615384615384
NODE,3,190,1.0,203.23076923076923
NODE,3,191,1.0,205.07692307692307
NODE,3,192,1.0,200.46153846153845
NODE,3,193,1.0,200.46153846153845
NODE,3,194,1.0,200.92307692307693
NODE,3,195,1.0,197.69230769230768
NODE,3,196,1.0,200.0
NODE,3,197,1.0,199.53846153846155
NODE,3,198,1.0,206.92307692307693
NODE,3,199,1.0,205.53846153846155
NODE,3,200,1.0,202.30769230769232
NODE,3,201,1.0,197.69230769230768
NODE,3,202,1.0,201.84615384615384
NODE,3,203,1.0,198.6153846153846
NODE,3,204,1.0,200.46153846153845
NODE,3,205,1.0,201.3846153846154
NODE,3,206,1.0,198.15384615384616
NODE,3,207,1.0,207.3846153846154
NODE,3,208,1.0,199.53846153846155
NODE,3,209,1.0,201.3846153846154
NODE,3,210,1.0,196.76923076923077
NODE,3,211,1.0,202.30769230769232
NODE,3,212,1.0,203.23076923076923
NODE,3,213,1.0,208.30769230769232
NODE,3,214,1.0,204.15384615384616
NODE,3,215,1.0,197.69230769230768
NODE,3,216,1.0,199.53846153846155
NODE,3,217,1.0,199.07692307692307
NODE,3,218,1.0,200.0
NODE,3,219,1.0,199.53846153846155
NODE,3,220,1.0,201.3846153846154
NODE,3,221,1.0,193.07692307692307
NODE,3,222,1.0,203.69230769230768
NODE,3,223,1.0,197.69230769230768
NODE,3,224,1.0,199.07692307692307
NODE,3,225,1.0,199.53846153846155
NODE,3,226,1.0,202.76923076923077
NODE,3,227,1.0,195.3846153846154
NODE,3,228,1.0,203.69230769230768
NODE,3,229,1.0,195.84615384615384
NODE,3,230,1.0,206.46153846153845
NODE,3,231,1.0,197.69230769230768
NODE,3,232,1.0,200.0
NODE,3,233,1.0,193.07692307692307
NODE,3,234,1.0,203.23076923076923
NODE,3,235,1.0,199.07692307692307
NODE,3,236,1.0,201.3846153846154
NODE,3,237,1.0,197.23076923076923
NODE,3,238,1.0,194.92307692307693
NODE,3,239,1.0,196.30769230769232
NODE,3,240,1.0,194.46153846153845
NODE,3,241,1.0,197.23076923076923
NODE,3,242,1.0,201.84615384615384
NODE,3,243,1.0,198.6153846153846
NODE,3,244,1.0,196.30769230769232
NODE,3,245,1.0,196.76923076923077
NODE,3,246,1.0,198.15384615384616
NODE,3,247,1.0,200.92307692307693
NODE,3,248,1.0,204.15384615384616
NODE,3,249,1.0,196.30769230769232
NODE,3,250,1.0,200.0
NODE,3,251,1.0,206.0
NODE,3,252,1.0,201.84615384615384
NODE,3,253,1.0,196.30769230769232
NODE,3,254,1.0,195.84615384615384
NODE,3,255,1.0,196.30769230769232
NODE,3,256,1.0,198.15384615384616
NODE,3,257,1.0,192.6153846153846
NODE,3,258,1.0,200.46153846153845
NODE,3,259,1.0,194.46153846153845
NODE,3,260,1.0,202.30769230769232
NODE,3,261,1.0,203.69230769230768
NODE,3,262,1.0,203.69230769230768
NODE,3,263,1.0,194.92307692307693
NODE,3,264,1.0,199.53846153846155
NODE,3,265,1.0,201.84615384615384
NODE,3,266,1.0,198.15384615384616
NODE,3,267,1.0,200.46153846153845
NODE,3,268,1.0,202.76923076923077
NODE,3,269,1.0,205.53846153846155
NODE,3,270,1.0,203.23076923076923
NODE,3,271,1.0,200.0
NODE,3,272,1.0,199.07692307692307
NODE,3,273,1.0,200.92307692307693
NODE,3,274,1.0,200.46153846153845
NODE,3,275,1.0,197.69230769230768
NODE,3,276,1.0,194.46153846153845
NODE,3,277,1.0,199.53846153846155
NODE,3,278,1.0,200.46153846153845
NODE,3,279,1.0,200.92307692307693
NODE,3,280,1.0,205.07692307692307
NODE,3,281,1.0,204.6153846153846
NODE,3,282,1.0,197.23076923076923
NODE,3,283,1.0,198.6153846153846
NODE,3,284,1.0,201.3846153846154
NODE,3,285,1.0,204.6153846153846
NODE,3,286,1.0,206.0
NODE,3,287,1.0,197.69230769230768
NODE,3,288,1.0,199.07692307692307
NODE,3,289,1.0,207.84615384615384
NODE,3,290,1.0,198.6153846153846
NODE,3,291,1.0,206.46153846153845
NODE,3,292,1.0,201.84615384615384
NODE,3,293,1.0,203.23076923076923
NODE,3,294,1.0,204.15384615384616
NODE,3,295,1.0,202.30769230769232
NODE,3,296,1.0,200.0
NODE,3,297,1.0,199.07692307692307
NODE,3,298,1.0,204.15384615384616
NODE,3,299,1.0,204.6153846153846
NODE,3,300,1.0,198.15384615384616
NODE,3,301,1.0,205.07692307692307
NODE,3,302,1.0,201.84615384615384
NODE,3,303,1.0,203.23076923076923
NODE,3,304,1.0,200.0
NODE,3,305,1.0,199.53846153846155
NODE,3,306,1.0,209.23076923076923
NODE,3,307,1.0,203.23076923076923
NODE,3,308,1.0,201.84615384615384
NODE,3,309,1.0,203.23076923076923
NODE,3,310,1.0,197.69230769230768
NODE,3,311,1.0,205.07692307692307
NODE,3,312,1.0,206.0
NODE,3,313,1.0,203.23076923076923
NODE,3,314,1.0,208.76923076923077
NODE,3,315,1.0,205.07692307692307
NODE,3,316,1.0,197.69230769230768
NODE,3,317,1.0,201.3846153846154
NODE,3,318,1.0,205.53846153846155
NODE,3,319,1.0,204.15384615384616
NODE,3,320,1.0,204.15384615384616
NODE,3,321,1.0,198.15384615384616
NODE,3,322,1.0,207.84615384615384
NODE,3,323,1.0,204.15384615384616
NODE,3,324,1.0,206.0
NODE,3,325,1.0,198.6153846153846
NODE,3,326,1.0,207.3846153846154
NODE,3,327,1.0,201.3846153846154
NODE,3,328,1.0,210.6153846153846
NODE,3,329,1.0,204.15384615384616
NODE,3,330,1.0,204.15384615384616
NODE,3,331,1.0,200.92307692307693
NODE,3,332,1.0,202.76923076923077
NODE,3,333,1.0,209.23076923076923
NODE,3,334,1.0,206.46153846153845
NODE,3,335,1.0,204.15384615384616
NODE,3,336,1.0,202.30769230769232
NODE,3,337,1.0,203.23076923076923
NODE,3,338,1.0,204.6153846153846
NODE,3,339,1.0,203.69230769230768
NODE,3,340,1.0,206.0
NODE,3,341,1.0,207.3846153846154
NODE,3,342,1.0,210.15384615384616
NODE,3,343,1.0,203.23076923076923
NODE,3,344,1.0,200.0
NODE,3,345,1.0,201.84615384615384
NODE,3,346,1.0,203.69230769230768
NODE,3,347,1.0,206.46153846153845
NODE,3,348,1.0,206.46153846153845
NODE,3,349,1.0,199.53846153846155
NODE,3,350,1.0,210.15384615384616
NODE,3,351,1.0,201.3846153846154
NODE,3,352,1.0,211.07692307692307
NODE,3,353,1.0,212.92307692307693
NODE,3,354,1.0,205.53846153846155
NODE,3,355,1.0,200.46153846153845
NODE,3,356,1.0,202.76923076923077
NODE,3,357,1.0,202.30769230769232
NODE,3,358,1.0,200.0
NODE,3,359,1.0,200.92307692307693
NODE,3,360,1.0,201.3846153846154
NODE,3,361,1.0,206.46153846153845
NODE,3,362,1.0,210.6153846153846
NODE,3,363,1.0,204.6153846153846
NODE,3,364,1.0,206.92307692307693
NODE,3,365,1.0,209.23076923076923
NODE,3,366,1.0,199.53846153846155
NODE,3,367,1.0,204.15384615384616
NODE,3,368,1.0,201.3846153846154
NODE,3,369,1.0,199.07692307692307
NODE,3,370,1.0,205.53846153846155
NODE,3,371,1.0,204.6153846153846
NODE,3,372,1.0,206.0
NODE,3,373,1.0,200.46153846153845
NODE,3,374,1.0,206.92307692307693
NODE,3,375,1.0,206.46153846153845
NODE,3,376,1.0,203.69230769230768
NODE,3,377,1.0,204.15384615384616
NODE,3,378,1.0,206.0
NODE,3,379,1.0,206.0
NODE,3,380,1.0,200.92307692307693
NODE,3,381,1.0,207.84615384615384
NODE,3,382,1.0,206.92307692307693
NODE,3,383,1.0,206.0
NODE,3,384,1.0,202.30769230769232
NODE,3,385,1.0,204.6153846153846
NODE,3,386,1.0,207.84615384615384
NODE,3,387,1.0,200.0
NODE,3,388,1.0,211.53846153846155
NODE,3,389,1.0,208.30769230769232
NODE,3,390,1.0,209.23076923076923
NODE,3,391,1.0,207.84615384615384
NODE,3,392,1.0,206.46153846153845
NODE,3,393,1.0,209.23076923076923
NODE,3,394,1.0,208.30769230769232
NODE,3,395,1.0,212.0
NODE,3,396,1.0,212.46153846153845
NODE,3,397,1.0,205.07692307692307
NODE,3,398,1.0,212.92307692307693
NODE,3,399,1.0,211.53846153846155
NODE,3,400,1.0,206.0
NODE,3,401,1.0,207.3846153846154
NODE,3,402,1.0,209.23076923076923
NODE,3,403,1.0,211.07692307692307
NODE,3,404,1.0,204.6153846153846
NODE,3,405,1.0,206.92307692307693
NODE,3,406,1.0,210.15384615384616
NODE,3,407,1.0,209.69230769230768
NODE,3,408,1.0,205.53846153846155
NODE,3,409,1.0,203.69230769230768
NODE,3,410,1.0,208.76923076923077
NODE,3,411,1.0,210.6153846153846
NODE,3,412,1.0,206.92307692307693
NODE,3,413,1.0,212.92307692307693
NODE,3,414,1.0,211.53846153846155
NODE,3,415,1.0,207.84615384615384
NODE,3,416,1.0,212.92307692307693
NODE,3,417,1.0,214.30769230769232
NODE,3,418,1.0,212.0
NODE,3,419,1.0,213.84615384615384
NODE,3,420,1.0,212.0
NODE,3,421,1.0,215.23076923076923
NODE,3,422,1.0,210.6153846153846
NODE,3,423,1.0,208.30769230769232
NODE,3,424,1.0,209.23076923076923
NODE,3,425,1.0,217.53846153846155
NODE,3,426,1.0,213.3846153846154
NODE,3,427,1.0,205.53846153846155
NODE,3,428,1.0,210.6153846153846
NODE,3,429,1.0,207.84615384615384
NODE,3,430,1.0,210.6153846153846
NODE,3,431,1.0,209.69230769230768
NODE,3,432,1.0,214.30769230769232
NODE,3,433,1.0,212.0
NODE,3,434,1.0,211.07692307692307
NODE,3,435,1.0,207.84615384615384
NODE,3,436,1.0,215.23076923076923
NODE,3,437,1.0,209.69230769230768
NODE,3,438,1.0,209.23076923076923
NODE,3,439,1.0,215.69230769230768
NODE,3,440,1.0,209.23076923076923
NODE,3,441,1.0,218.0
NODE,3,442,1.0,212.0
NODE,3,443,1.0,209.23076923076923
NODE,3,444,1.0,207.3846153846154
NODE,3,445,1.0,210.15384615384616
NODE,3,446,1.0,212.0
NODE,3,447,1.0,213.3846153846154
NODE,3,448,1.0,214.30769230769232
NODE,3,449,1.0,208.30769230769232
NODE,3,450,1.0,208.76923076923077
NODE,3,451,1.0,206.46153846153845
NODE,3,452,1.0,215.69230769230768
NODE,3,453,1.0,212.46153846153845
NODE,3,454,1.0,214.30769230769232
NODE,3,455,1.0,213.3846153846154
NODE,3,456,1.0,211.07692307692307
NODE,3,457,1.0,209.23076923076923
NODE,3,458,1.0,217.07692307692307
NODE,3,459,1.0,209.69230769230768
NODE,3,460,1.0,215.23076923076923
NODE,3,461,1.0,216.15384615384616
NODE,3,462,1.0,218.92307692307693
NODE,3,463,1.0,211.07692307692307
NODE,3,464,1.0,217.53846153846155
NODE,3,465,1.0,211.53846153846155
NODE,3,466,1.0,212.46153846153845
NODE,3,467,1.0,217.07692307692307
NODE,3,468,1.0,210.15384615384616
NODE,3,469,1.0,218.46153846153845
NODE,3,470,1.0,208.30769230769232
NODE,3,471,1.0,214.76923076923077
NODE,3,472,1.0,211.07692307692307
NODE,3,473,1.0,206.92307692307693
NODE,3,474,1.0,213.3846153846154
NODE,3,475,1.0,217.07692307692307
NODE,3,476,1.0,213.3846153846154
NODE,3,477,1.0,212.46153846153845
NODE,3,478,1.0,212.92307692307693
NODE,3,479,1.0,212.92307692307693
NODE,3,480,1.0,209.69230769230768
NODE,3,481,1.0,209.69230769230768
NODE,3,482,1.0,212.92307692307693
NODE,3,483,1.0,216.6153846153846
NODE,3,484,1.0,210.6153846153846
NODE,3,485,1.0,219.3846153846154
NODE,3,486,1.0,218.0
NODE,3,487,1.0,210.6153846153846
NODE,3,488,1.0,216.6153846153846
NODE,3,489,1.0,215.23076923076923
NODE,3,490,1.0,215.69230769230768
NODE,3,491,1.0,212.46153846153845
NODE,3,492,1.0,206.46153846153845
NODE,3,493,1.0,216.15384615384616
NODE,3,494,1.0,209.69230769230768
NODE,3,495,1.0,213.84615384615384
NODE,3,496,1.0,215.23076923076923
NODE,3,497,1.0,212.92307692307693
NODE,3,498,1.0,218.0
NODE,3,499,1.0,212.92307692307693
NODE,3,500,1.0,217.07692307692307
NODE,4,1,0.52875,43.53846153846154
NODE,4,2,0.50125,52.30769230769231
NODE,4,3,0.55375,61.53846153846154
NODE,4,4,0.62625,69.84615384615384
NODE,4,5,0.78,80.0
NODE,4,6,0.90125,90.61538461538461
NODE,4,7,0.92375,105.38461538461539
NODE,4,8,0.935,116.0
NODE,4,9,0.94625,122.46153846153847
NODE,4,10,0.95875,132.15384615384616
NODE,4,11,0.98,139.07692307692307
NODE,4,12,0.9825,144.15384615384616
NODE,4,13,0.9875,146.0
NODE,4,14,0.99375,157.07692307692307
NODE,4,15,0.98875,147.84615384615384
NODE,4,16,0.985,151.07692307692307
NODE,4,17,0.995,148.30769230769232
NODE,4,18,0.995,153.84615384615384
NODE,4,19,0.9925,160.76923076923077
NODE,4,20,0.97625,153.3846153846154
NODE,4,21,0.9875,152.46153846153845
NODE,4,22,0.98375,158.92307692307693
NODE,4,23,0.9825,151.53846153846155
NODE,4,24,0.98125,156.6153846153846
NODE,4,25,0.9775,160.30769230769232
NODE,4,26,0.97375,175.07692307692307
NODE,4,27,0.98875,162.15384615384616
NODE,4,28,0.99375,161.23076923076923
NODE,4,29,0.99375,169.53846153846155
NODE,4,30,0.99125,166.30769230769232
NODE,4,31,0.99125,167.69230769230768
NODE,4,32,0.98625,167.23076923076923
NODE,4,33,0.98875,174.6153846153846
NODE,4,34,0.99,174.6153846153846
NODE,4,35,0.9875,180.15384615384616
NODE,4,36,0.9825,179.69230769230768
NODE,4,37,0.99125,184.30769230769232
NODE,4,38,0.99375,176.46153846153845
NODE,4,39,0.98125,188.46153846153845
NODE,4,40,0.98125,191.69230769230768
NODE,4,41,0.9875,182.92307692307693
NODE,4,42,0.99625,174.15384615384616
NODE,4,43,0.99375,188.0
NODE,4,44,0.96625,187.07692307692307
NODE,4,45,0.96625,197.23076923076923
NODE,4,46,0.98625,205.07692307692307
NODE,4,47,0.985,210.15384615384616
NODE,4,48,0.9825,207.84615384615384
NODE,4,49,0.97625,207.3846153846154
NODE,4,50,0.98,212.46153846153845
NODE,4,51,0.98375,222.15384615384616
NODE,4,52,0.9875,227.23076923076923
NODE,4,53,0.985,226.30769230769232
NODE,4,54,0.975,229.07692307692307
NODE,4,55,0.95625,236.92307692307693
NODE,4,56,0.9775,239.69230769230768
NODE,4,57,0.97875,235.07692307692307
NODE,4,58,0.97875,242.46153846153845
NODE,4,59,0.99,240.6153846153846
NODE,4,60,0.9975,242.46153846153845
NODE,4,61,0.99125,240.15384615384616
NODE,4,62,0.9975,246.15384615384616
NODE,4,63,0.98625,241.53846153846155
NODE,4,64,0.98875,241.07692307692307
NODE,4,65,0.99625,240.6153846153846
NODE,4,66,1.0,231.84615384615384
NODE,4,67,0.9975,225.3846153846154
NODE,4,68,1.0,230.0
NODE,4,69,1.0,228.15384615384616
NODE,4,70,1.0,229.53846153846155
NODE,4,71,1.0,234.6153846153846
NODE,4,72,1.0,233.23076923076923
NODE,4,73,1.0,230.46153846153845
NODE,4,74,1.0,236.92307692307693
NODE,4,75,1.0,231.3846153846154
NODE,4,76,1.0,235.07692307692307
NODE,4,77,1.0,231.3846153846154
NODE,4,78,1.0,229.53846153846155
NODE,4,79,1.0,231.84615384615384
NODE,4,80,1.0,236.92307692307693
NODE,4,81,1.0,233.69230769230768
NODE,4,82,1.0,239.69230769230768
NODE,4,83,1.0,242.46153846153845
NODE,4,84,1.0,236.92307692307693
NODE,4,85,1.0,237.3846153846154
NODE,4,86,1.0,239.23076923076923
NODE,4,87,1.0,235.07692307692307
NODE,4,88,1.0,237.3846153846154
NODE,4,89,1.0,239.23076923076923
NODE,4,90,1.0,238.30769230769232
NODE,4,91,1.0,237.84615384615384
NODE,4,92,1.0,238.30769230769232
NODE,4,93,1.0,242.0
NODE,4,94,1.0,240.15384615384616
NODE,4,95,1.0,237.84615384615384
NODE,4,96,1.0,242.0
NODE,4,97,1.0,237.3846153846154
NODE,4,98,1.0,241.07692307692307
NODE,4,99,1.0,237.3846153846154
NODE,4,100,1.0,241.53846153846155
NODE,4,101,1.0,233.23076923076923
NODE,4,102,1.0,247.53846153846155
NODE,4,103,1.0,239.23076923076923
NODE,4,104,1.0,236.46153846153845
NODE,4,105,1.0,236.92307692307693
NODE,4,106,1.0,235.53846153846155
NODE,4,107,1.0,236.92307692307693
NODE,4,108,1.0,236.0
NODE,4,109,1.0,241.53846153846155
NODE,4,110,1.0,239.23076923076923
NODE,4,111,1.0,242.0
NODE,4,112,1.0,234.15384615384616
NODE,4,113,1.0,244.30769230769232
NODE,4,114,1.0,247.07692307692307
NODE,4,115,1.0,240.6153846153846
NODE,4,116,1.0,238.76923076923077
NODE,4,117,1.0,240.6153846153846
NODE,4,118,1.0,239.23076923076923
NODE,4,119,1.0,240.15384615384616
NODE,4,120,1.0,235.53846153846155
NODE,4,121,1.0,242.46153846153845
NODE,4,122,1.0,238.30769230769232
NODE,4,123,1.0,243.84615384615384
NODE,4,124,1.0,240.6153846153846
NODE,4,125,1.0,243.84615384615384
NODE,4,126,1.0,242.46153846153845
NODE,4,127,1.0,241.53846153846155
NODE,4,128,1.0,243.84615384615384
NODE,4,129,1.0,238.76923076923077
NODE,4,130,1.0,242.0
NODE,4,131,1.0,239.23076923076923
NODE,4,132,1.0,235.07692307692307
NODE,4,133,1.0,236.46153846153845
NODE,4,134,1.0,238.76923076923077
NODE,4,135,1.0,234.15384615384616
NODE,4,136,1.0,242.46153846153845
NODE,4,137,1.0,237.84615384615384
NODE,4,138,1.0,239.69230769230768
NODE,4,139,1.0,239.69230769230768
NODE,4,140,1.0,236.46153846153845
NODE,4,141,1.0,240.15384615384616
NODE,4,142,1.0,241.53846153846155
NODE,4,143,1.0,245.69230769230768
NODE,4,144,1.0,238.30769230769232
NODE,4,145,1.0,244.30769230769232
NODE,4,146,1.0,237.3846153846154
NODE,4,147,1.0,242.46153846153845
NODE,4,148,1.0,239.69230769230768
NODE,4,149,1.0,242.92307692307693
NODE,4,150,1.0,243.3846153846154
NODE,4,151,1.0,245.23076923076923
NODE,4,152,1.0,241.07692307692307
NODE,4,153,1.0,240.15384615384616
NODE,4,154,1.0,242.46153846153845
NODE,4,155,1.0,240.15384615384616
NODE,4,156,1.0,240.6153846153846
NODE,4,157,1.0,241.53846153846155
NODE,4,158,1.0,242.92307692307693
NODE,4,159,1.0,241.07692307692307
NODE,4,160,1.0,248.92307692307693
NODE,4,161,1.0,242.46153846153845
NODE,4,162,1.0,242.92307692307693
NODE,4,163,1.0,240.15384615384616
NODE,4,164,1.0,241.07692307692307
NODE,4,165,1.0,239.69230769230768
NODE,4,166,1.0,244.76923076923077
NODE,4,167,1.0,241.07692307692307
NODE,4,168,1.0,243.84615384615384
NODE,4,169,1.0,239.23076923076923
NODE,4,170,1.0,246.6153846153846
NODE,4,171,1.0,243.3846153846154
NODE,4,172,1.0,247.07692307692307
NODE,4,173,1.0,240.15384615384616
NODE,4,174,1.0,236.92307692307693
NODE,4,175,1.0,238.30769230769232
NODE,4,176,1.0,241.53846153846155
NODE,4,177,1.0,244.30769230769232
NODE,4,178,1.0,242.46153846153845
NODE,4,179,1.0,241.07692307692307
NODE,4,180,1.0,238.30769230769232
NODE,4,181,1.0,242.0
NODE,4,182,1.0,241.53846153846155
NODE,4,183,1.0,243.3846153846154
NODE,4,184,1.0,241.53846153846155
NODE,4,185,1.0,239.69230769230768
NODE,4,186,1.0,240.15384615384616
NODE,4,187,1.0,242.0
NODE,4,188,1.0,244.76923076923077
NODE,4,189,1.0,238.76923076923077
NODE,4,190,1.0,242.0
NODE,4,191,1.0,246.6153846153846
NODE,4,192,1.0,234.15384615384616
NODE,4,193,1.0,242.92307692307693
NODE,4,194,1.0,241.53846153846155
NODE,4,195,1.0,236.46153846153845
NODE,4,196,1.0,242.92307692307693
NODE,4,197,1.0,245.69230769230768
NODE,4,198,0.9575,237.84615384615384
NODE,4,199,0.90875,201.84615384615384
NODE,4,200,0.94625,196.76923076923077
NODE,4,201,0.995,211.53846153846155
NODE,4,202,1.0,206.92307692307693
NODE,4,203,1.0,208.30769230769232
NODE,4,204,1.0,211.07692307692307
NODE,4,205,1.0,207.84615384615384
NODE,4,206,1.0,202.30769230769232
NODE,4,207,1.0,210.6153846153846
NODE,4,208,1.0,210.15384615384616
NODE,4,209,1.0,210.15384615384616
NODE,4,210,1.0,207.84615384615384
NODE,4,211,1.0,208.76923076923077
NODE,4,212,1.0,214.30769230769232
NODE,4,213,1.0,204.6153846153846
NODE,4,214,1.0,206.46153846153845
NODE,4,215,1.0,213.84615384615384
NODE,4,216,1.0,214.76923076923077
NODE,4,217,1.0,212.46153846153845
NODE,4,218,1.0,210.15384615384616
NODE,4,219,1.0,215.23076923076923
NODE,4,220,1.0,210.6153846153846
NODE,4,221,1.0,214.30769230769232
NODE,4,222,1.0,206.46153846153845
NODE,4,223,1.0,210.15384615384616
NODE,4,224,1.0,206.92307692307693
NODE,4,225,1.0,210.6153846153846
NODE,4,226,1.0,208.76923076923077
NODE,4,227,1.0,209.69230769230768
NODE,4,228,1.0,209.69230769230768
NODE,4,229,1.0,212.46153846153845
NODE,4,230,1.0,212.92307692307693
NODE,4,231,1.0,214.76923076923077
NODE,4,232,1.0,212.46153846153845
NODE,4,233,1.0,208.76923076923077
NODE,4,234,1.0,211.53846153846155
NODE,4,235,1.0,211.07692307692307
NODE,4,236,1.0,213.84615384615384
NODE,4,237,1.0,212.92307692307693
NODE,4,238,1.0,216.15384615384616
NODE,4,239,1.0,210.15384615384616
NODE,4,240,1.0,212.92307692307693
NODE,4,241,1.0,212.0
NODE,4,242,1.0,211.07692307692307
NODE,4,243,1.0,214.30769230769232
NODE,4,244,1.0,217.53846153846155
NODE,4,245,1.0,212.0
NODE,4,246,1.0,217.53846153846155
NODE,4,247,1.0,219.3846153846154
NODE,4,248,1.0,214.76923076923077
NODE,4,249,1.0,215.23076923076923
NODE,4,250,1.0,215.23076923076923
NODE,4,251,1.0,213.3846153846154
NODE,4,252,1.0,209.23076923076923
NODE,4,253,1.0,215.69230769230768
NODE,4,254,1.0,219.84615384615384
NODE,4,255,1.0,214.76923076923077
NODE,4,256,1.0,218.92307692307693
NODE,4,257,1.0,216.6153846153846
NODE,4,258,1.0,217.53846153846155
NODE,4,259,1.0,216.6153846153846
NODE,4,260,1.0,218.46153846153845
NODE,4,261,1.0,215.23076923076923
NODE,4,262,1.0,210.15384615384616
NODE,4,263,1.0,221.23076923076923
NODE,4,264,1.0,218.92307692307693
NODE,4,265,1.0,218.46153846153845
NODE,4,266,1.0,218.46153846153845
NODE,4,267,1.0,219.3846153846154
NODE,4,268,1.0,218.0
NODE,4,269,1.0,214.30769230769232
NODE,4,270,1.0,218.0
NODE,4,271,1.0,219.84615384615384
NODE,4,272,1.0,216.15384615384616
NODE,4,273,1.0,218.0
NODE,4,274,1.0,218.0
NODE,4,275,1.0,213.3846153846154
NODE,4,276,1.0,214.30769230769232
NODE,4,277,1.0,214.30769230769232
NODE,4,278,1.0,217.53846153846155
NODE,4,279,1.0,218.0
NODE,4,280,1.0,215.23076923076923
NODE,4,281,1.0,215.23076923076923
NODE,4,282,1.0,219.3846153846154
NODE,4,283,1.0,219.3846153846154
NODE,4,284,1.0,218.46153846153845
NODE,4,285,1.0,217.53846153846155
NODE,4,286,1.0,219.84615384615384
NODE,4,287,1.0,215.23076923076923
NODE,4,288,1.0,217.07692307692307
NODE,4,289,1.0,221.23076923076923
NODE,4,290,1.0,221.23076923076923
NODE,4,291,1.0,213.3846153846154
NODE,4,292,1.0,214.76923076923077
NODE,4,293,1.0,218.46153846153845
NODE,4,294,1.0,212.0
NODE,4,295,1.0,216.15384615384616
NODE,4,296,1.0,216.15384615384616
NODE,4,297,1.0,214.76923076923077
NODE,4,298,1.0,214.76923076923077
NODE,4,299,1.0,221.69230769230768
NODE,4,300,1.0,219.3846153846154
NODE,4,301,1.0,213.84615384615384
NODE,4,302,1.0,214.30769230769232
NODE,4,303,1.0,212.0
NODE,4,304,1.0,219.3846153846154
NODE,4,305,1.0,215.69230769230768
NODE,4,306,1.0,214.76923076923077
NODE,4,307,1.0,214.76923076923077
NODE,4,308,1.0,221.23076923076923
NODE,4,309,1.0,212.0
NODE,4,310,1.0,214.76923076923077
NODE,4,311,1.0,210.6153846153846
NODE,4,312,1.0,215.69230769230768
NODE,4,313,1.0,215.69230769230768
NODE,4,314,1.0,221.69230769230768
NODE,4,315,1.0,217.53846153846155
NODE,4,316,1.0,221.69230769230768
NODE,4,317,1.0,216.15384615384616
NODE,4,318,1.0,216.6153846153846
NODE,4,319,1.0,215.69230769230768
NODE,4,320,1.0,219.3846153846154
NODE,4,321,1.0,217.53846153846155
NODE,4,322,1.0,212.92307692307693
NODE,4,323,1.0,217.07692307692307
NODE,4,324,1.0,221.23076923076923
NODE,4,325,1.0,218.0
NODE,4,326,1.0,222.6153846153846
NODE,4,327,1.0,219.84615384615384
NODE,4,328,1.0,214.76923076923077
NODE,4,329,1.0,224.0
NODE,4,330,1.0,218.46153846153845
NODE,4,331,1.0,217.07692307692307
NODE,4,332,1.0,215.23076923076923
NODE,4,333,1.0,224.0
NODE,4,334,1.0,216.15384615384616
NODE,4,335,1.0,210.15384615384616
NODE,4,336,1.0,217.07692307692307
NODE,4,337,1.0,215.69230769230768
NODE,4,338,1.0,220.30769230769232
NODE,4,339,1.0,221.69230769230768
NODE,4,340,1.0,221.69230769230768
NODE,4,341,1.0,217.07692307692307
NODE,4,342,1.0,219.84615384615384
NODE,4,343,1.0,218.92307692307693
NODE,4,344,1.0,213.3846153846154
NODE,4,345,1.0,219.3846153846154
NODE,4,346,1.0,220.30769230769232
NODE,4,347,1.0,215.23076923076923
NODE,4,348,1.0,217.53846153846155
NODE,4,349,1.0,219.3846153846154
NODE,4,350,1.0,211.53846153846155
NODE,4,351,1.0,218.92307692307693
NODE,4,352,1.0,216.15384615384616
NODE,4,353,1.0,215.23076923076923
NODE,4,354,1.0,217.53846153846155
NODE,4,355,1.0,220.76923076923077
NODE,4,356,1.0,221.23076923076923
NODE,4,357,1.0,219.3846153846154
NODE,4,358,1.0,218.0
NODE,4,359,1.0,217.53846153846155
NODE,4,360,1.0,220.30769230769232
NODE,4,361,1.0,223.53846153846155
NODE,4,362,1.0,219.84615384615384
NODE,4,363,1.0,216.15384615384616
NODE,4,364,1.0,221.69230769230768
NODE,4,365,1.0,216.15384615384616
NODE,4,366,1.0,222.15384615384616
NODE,4,367,1.0,223.07692307692307
NODE,4,368,1.0,220.76923076923077
NODE,4,369,1.0,218.92307692307693
NODE,4,370,1.0,217.07692307692307
NODE,4,371,1.0,226.30769230769232
NODE,4,372,1.0,221.23076923076923
NODE,4,373,1.0,224.0
NODE,4,374,1.0,221.69230769230768
NODE,4,375,1.0,223.07692307692307
NODE,4,376,1.0,225.84615384615384
NODE,4,377,1.0,213.84615384615384
NODE,4,378,1.0,217.07692307692307
NODE,4,379,1.0,221.23076923076923
NODE,4,380,1.0,218.92307692307693
NODE,4,381,1.0,218.46153846153845
NODE,4,382,1.0,221.69230769230768
NODE,4,383,1.0,220.30769230769232
NODE,4,384,1.0,217.53846153846155
NODE,4,385,1.0,220.76923076923077
NODE,4,386,1.0,220.76923076923077
NODE,4,387,1.0,221.69230769230768
NODE,4,388,1.0,217.53846153846155
NODE,4,389,1.0,221.23076923076923
NODE,4,390,1.0,222.15384615384616
NODE,4,391,1.0,221.23076923076923
NODE,4,392,1.0,222.15384615384616
NODE,4,393,1.0,218.46153846153845
NODE,4,394,1.0,217.53846153846155
NODE,4,395,1.0,217.07692307692307
NODE,4,396,1.0,224.92307692307693
NODE,4,397,1.0,224.0
NODE,4,398,1.0,222.15384615384616
NODE,4,399,1.0,218.0
NODE,4,400,1.0,219.3846153846154
NODE,4,401,1.0,220.76923076923077
NODE,4,402,1.0,220.30769230769232
NODE,4,403,1.0,224.92307692307693
NODE,4,404,1.0,228.6153846153846
NODE,4,405,1.0,218.92307692307693
NODE,4,406,1.0,228.6153846153846
NODE,4,407,1.0,224.92307692307693
NODE,4,408,1.0,227.69230769230768
NODE,4,409,1.0,221.69230769230768
NODE,4,410,1.0,219.84615384615384
NODE,4,411,1.0,221.23076923076923
NODE,4,412,1.0,224.92307692307693
NODE,4,413,1.0,221.23076923076923
NODE,4,414,1.0,222.15384615384616
NODE,4,415,1.0,221.69230769230768
NODE,4,416,1.0,219.84615384615384
NODE,4,417,1.0,223.53846153846155
NODE,4,418,1.0,222.6153846153846
NODE,4,419,1.0,220.30769230769232
NODE,4,420,1.0,221.23076923076923
NODE,4,421,1.0,222.15384615384616
NODE,4,422,1.0,223.53846153846155
NODE,4,423,1.0,223.53846153846155
NODE,4,424,0.99875,222.6153846153846
NODE,4,425,0.9975,230.46153846153845
NODE,4,426,0.995,231.3846153846154
NODE,4,427,0.99375,224.92307692307693
NODE,4,428,0.98875,231.84615384615384
NODE,4,429,0.99875,230.46153846153845
NODE,4,430,0.99875,239.69230769230768
NODE,4,431,0.99875,249.3846153846154
NODE,4,432,0.9975,242.46153846153845
NODE,4,433,0.99875,236.92307692307693
NODE,4,434,0.99875,244.30769230769232
NODE,4,435,1.0,245.23076923076923
NODE,4,436,1.0,236.46153846153845
NODE,4,437,1.0,236.0
NODE,4,438,1.0,236.46153846153845
NODE,4,439,1.0,242.0
NODE,4,440,1.0,234.6153846153846
NODE,4,441,1.0,238.76923076923077
NODE,4,442,1.0,235.07692307692307
NODE,4,443,1.0,237.84615384615384
NODE,4,444,1.0,236.46153846153845
NODE,4,445,1.0,236.0
NODE,4,446,1.0,239.23076923076923
NODE,4,447,1.0,238.76923076923077
NODE,4,448,1.0,235.07692307692307
NODE,4,449,1.0,235.07692307692307
NODE,4,450,1.0,230.92307692307693
NODE,4,451,1.0,233.69230769230768
NODE,4,452,1.0,237.3846153846154
NODE,4,453,1.0,238.76923076923077
NODE,4,454,1.0,235.53846153846155
NODE,4,455,1.0,236.92307692307693
NODE,4,456,1.0,236.46153846153845
NODE,4,457,1.0,239.23076923076923
NODE,4,458,1.0,241.07692307692307
NODE,4,459,1.0,240.15384615384616
NODE,4,460,1.0,240.6153846153846
NODE,4,461,1.0,242.46153846153845
NODE,4,462,1.0,236.0
NODE,4,463,1.0,237.84615384615384
NODE,4,464,1.0,237.84615384615384
NODE,4,465,1.0,241.07692307692307
NODE,4,466,1.0,236.0
NODE,4,467,1.0,237.84615384615384
NODE,4,468,1.0,235.53846153846155
NODE,4,469,1.0,237.3846153846154
NODE,4,470,1.0,243.3846153846154
NODE,4,471,1.0,237.3846153846154
NODE,4,472,1.0,242.92307692307693
NODE,4,473,1.0,240.6153846153846
NODE,4,474,1.0,235.07692307692307
NODE,4,475,1.0,239.69230769230768
NODE,4,476,1.0,241.07692307692307
NODE,4,477,1.0,236.46153846153845
NODE,4,478,1.0,238.30769230769232
NODE,4,479,1.0,235.07692307692307
NODE,4,480,1.0,235.53846153846155
NODE,4,481,1.0,238.30769230769232
NODE,4,482,1.0,237.84615384615384
NODE,4,483,1.0,235.07692307692307
NODE,4,484,1.0,239.23076923076923
NODE,4,485,1.0,234.15384615384616
NODE,4,486,1.0,238.76923076923077
NODE,4,487,1.0,235.53846153846155
NODE,4,488,1.0,232.76923076923077
NODE,4,489,1.0,236.46153846153845
NODE,4,490,1.0,241.07692307692307
NODE,4,491,1.0,238.30769230769232
NODE,4,492,1.0,234.15384615384616
NODE,4,493,1.0,231.84615384615384
NODE,4,494,1.0,238.30769230769232
NODE,4,495,1.0,238.30769230769232
NODE,4,496,1.0,236.46153846153845
NODE,4,497,1.0,237.84615384615384
NODE,4,498,1.0,233.69230769230768
NODE,4,499,1.0,235.53846153846155
NODE,4,500,1.0,235.53846153846155
ANODE-p1,0,1,0.50625,44.0
ANODE-p1,0,2,0.55125,48.61538461538461
ANODE-p1,0,3,0.7325,55.53846153846154
ANODE-p1,0,4,0.9075,69.38461538461539
ANODE-p1,0,5,0.96625,94.76923076923077
ANODE-p1,0,6,1.0,114.15384615384616
ANODE-p1,0,7,1.0,124.3076923076923
ANODE-p1,0,8,1.0,125.6923076923077
ANODE-p1,0,9,1.0,128.46153846153845
ANODE-p1,0,10,1.0,129.3846153846154
ANODE-p1,0,11,1.0,129.84615384615384
ANODE-p1,0,12,1.0,130.30769230769232
ANODE-p1,0,13,1.0,130.76923076923077
ANODE-p1,0,14,1.0,130.30769230769232
ANODE-p1,0,15,1.0,128.92307692307693
ANODE-p1,0,16,1.0,128.92307692307693
ANODE-p1,0,17,1.0,130.76923076923077
ANODE-p1,0,18,1.0,131.69230769230768
ANODE-p1,0,19,1.0,129.84615384615384
ANODE-p1,0,20,1.0,130.76923076923077
ANODE-p1,0,21,1.0,131.23076923076923
ANODE-p1,0,22,1.0,130.30769230769232
ANODE-p1,0,23,1.0,131.69230769230768
ANODE-p1,0,24,1.0,132.15384615384616
ANODE-p1,0,25,1.0,128.92307692307693
ANODE-p1,0,26,1.0,130.76923076923077
ANODE-p1,0,27,1.0,132.6153846153846
ANODE-p1,0,28,1.0,130.76923076923077
ANODE-p1,0,29,1.0,131.69230769230768
ANODE-p1,0,30,1.0,128.46153846153845
ANODE-p1,0,31,1.0,131.23076923076923
ANODE-p1,0,32,1.0,131.69230769230768
ANODE-p1,0,33,1.0,130.30769230769232
ANODE-p1,0,34,1.0,128.92307692307693
ANODE-p1,0,35,1.0,131.23076923076923
ANODE-p1,0,36,1.0,132.15384615384616
ANODE-p1,0,37,1.0,130.30769230769232
ANODE-p1,0,38,1.0,132.6153846153846
ANODE-p1,0,39,1.0,129.84615384615384
ANODE-p1,0,40,1.0,131.23076923076923
ANODE-p1,0,41,1.0,132.6153846153846
ANODE-p1,0,42,1.0,129.84615384615384
ANODE-p1,0,43,1.0,131.69230769230768
ANODE-p1,0,44,1.0,132.15384615384616
ANODE-p1,0,45,1.0,131.23076923076923
ANODE-p1,0,46,1.0,130.76923076923077
ANODE-p1,0,47,1.0,132.15384615384616
ANODE-p1,0,48,1.0,129.84615384615384
ANODE-p1,0,49,1.0,131.69230769230768
ANODE-p1,0,50,1.0,132.15384615384616
ANODE-p1,0,51,1.0,130.30769230769232
ANODE-p1,0,52,1.0,132.15384615384616
ANODE-p1,0,53,1.0,134.46153846153845
ANODE-p1,0,54,1.0,131.69230769230768
ANODE-p1,0,55,1.0,132.15384615384616
ANODE-p1,0,56,1.0,131.69230769230768
ANODE-p1,0,57,1.0,131.69230769230768
ANODE-p1,0,58,1.0,131.69230769230768
ANODE-p1,0,59,1.0,134.92307692307693
ANODE-p1,0,60,1.0,131.69230769230768
ANODE-p1,0,61,1.0,131.69230769230768
ANODE-p1,0,62,1.0,132.6153846153846
ANODE-p1,0,63,1.0,133.53846153846155
ANODE-p1,0,64,1.0,134.0
ANODE-p1,0,65,1.0,130.30769230769232
ANODE-p1,0,66,1.0,132.6153846153846
ANODE-p1,0,67,1.0,133.07692307692307
ANODE-p1,0,68,1.0,132.15384615384616
ANODE-p1,0,69,1.0,133.07692307692307
ANODE-p1,0,70,1.0,132.6153846153846
ANODE-p1,0,71,1.0,132.6153846153846
ANODE-p1,0,72,1.0,131.23076923076923
ANODE-p1,0,73,1.0,132.6153846153846
ANODE-p1,0,74,1.0,132.15384615384616
ANODE-p1,0,75,1.0,130.76923076923077
ANODE-p1,0,76,1.0,134.0
ANODE-p1,0,77,1.0,133.53846153846155
ANODE-p1,0,78,1.0,133.07692307692307
ANODE-p1,0,79,1.0,133.07692307692307
ANODE-p1,0,80,1.0,131.69230769230768
ANODE-p1,0,81,1.0,134.0
ANODE-p1,0,82,1.0,134.0
ANODE-p1,0,83,1.0,132.15384615384616
ANODE-p1,0,84,1.0,133.53846153846155
ANODE-p1,0,85,1.0,133.53846153846155
ANODE-p1,0,86,1.0,134.46153846153845
ANODE-p1,0,87,1.0,134.46153846153845
ANODE-p1,0,88,1.0,132.6153846153846
ANODE-p1,0,89,1.0,131.69230769230768
ANODE-p1,0,90,1.0,132.6153846153846
ANODE-p1,0,91,1.0,135.3846153846154
ANODE-p1,0,92,1.0,132.6153846153846
ANODE-p1,0,93,1.0,132.15384615384616
ANODE-p1,0,94,1.0,133.07692307692307
ANODE-p1,0,95,1.0,132.15384615384616
ANODE-p1,0,96,1.0,132.15384615384616
ANODE-p1,0,97,1.0,132.6153846153846
ANODE-p1,0,98,1.0,134.92307692307693
ANODE-p1,0,99,1.0,132.15384615384616
ANODE-p1,0,100,1.0,133.53846153846155
ANODE-p1,0,101,1.0,134.0
ANODE-p1,0,102,1.0,132.15384615384616
ANODE-p1,0,103,1.0,133.07692307692307
ANODE-p1,0,104,1.0,132.6153846153846
ANODE-p1,0,105,1.0,134.92307692307693
ANODE-p1,0,106,1.0,133.07692307692307
ANODE-p1,0,107,1.0,133.53846153846155
ANODE-p1,0,108,1.0,135.3846153846154
ANODE-p1,0,109,1.0,133.07692307692307
ANODE-p1,0,110,1.0,133.07692307692307
ANODE-p1,0,111,1.0,132.6153846153846
ANODE-p1,0,112,1.0,134.0
ANODE-p1,0,113,1.0,132.15384615384616
ANODE-p1,0,114,1.0,133.07692307692307
ANODE-p1,0,115,1.0,134.92307692307693
ANODE-p1,0,116,1.0,133.53846153846155
ANODE-p1,0,117,1.0,133.53846153846155
ANODE-p1,0,118,1.0,134.46153846153845
ANODE-p1,0,119,1.0,132.15384615384616
ANODE-p1,0,120,1.0,134.92307692307693
ANODE-p1,0,121,1.0,134.46153846153845
ANODE-p1,0,122,1.0,134.46153846153845
ANODE-p1,0,123,1.0,134.0
ANODE-p1,0,124,1.0,134.0
ANODE-p1,0,125,1.0,134.0
ANODE-p1,0,126,1.0,134.46153846153845
ANODE-p1,0,127,1.0,133.53846153846155
ANODE-p1,0,128,1.0,133.53846153846155
ANODE-p1,0,129,1.0,134.0
ANODE-p1,0,130,1.0,134.92307692307693
ANODE-p1,0,131,1.0,134.0
ANODE-p1,0,132,1.0,134.46153846153845
ANODE-p1,0,133,1.0,134.46153846153845
ANODE-p1,0,134,1.0,132.6153846153846
ANODE-p1,0,135,1.0,133.53846153846155
ANODE-p1,0,136,1.0,135.84615384615384
ANODE-p1,0,137,1.0,132.6153846153846
ANODE-p1,0,138,1.0,132.15384615384616
ANODE-p1,0,139,1.0,134.0
ANODE-p1,0,140,1.0,132.6153846153846
ANODE-p1,0,141,1.0,132.15384615384616
ANODE-p1,0,142,1.0,134.46153846153845
ANODE-p1,0,143,1.0,134.0
ANODE-p1,0,144,1.0,135.3846153846154
ANODE-p1,0,145,1.0,133.53846153846155
ANODE-p1,0,146,1.0,134.92307692307693
ANODE-p1,0,147,1.0,133.53846153846155
ANODE-p1,0,148,1.0,133.53846153846155
ANODE-p1,0,149,1.0,134.0
ANODE-p1,0,150,1.0,134.0
ANODE-p1,0,151,1.0,134.0
ANODE-p1,0,152,1.0,132.15384615384616
ANODE-p1,0,153,1.0,133.53846153846155
ANODE-p1,0,154,1.0,134.46153846153845
ANODE-p1,0,155,1.0,132.6153846153846
ANODE-p1,0,156,1.0,134.46153846153845
ANODE-p1,0,157,1.0,133.07692307692307
ANODE-p1,0,158,1.0,132.6153846153846
ANODE-p1,0,159,1.0,132.6153846153846
ANODE-p1,0,160,1.0,134.0
ANODE-p1,0,161,1.0,134.92307692307693
ANODE-p1,0,162,1.0,134.0
ANODE-p1,0,163,1.0,133.07692307692307
ANODE-p1,0,164,1.0,134.92307692307693
ANODE-p1,0,165,1.0,133.53846153846155
ANODE-p1,0,166,1.0,134.0
ANODE-p1,0,167,1.0,133.53846153846155
ANODE-p1,0,168,1.0,135.84615384615384
ANODE-p1,0,169,1.0,135.3846153846154
ANODE-p1,0,170,1.0,133.53846153846155
ANODE-p1,0,171,1.0,134.0
ANODE-p1,0,172,1.0,134.46153846153845
ANODE-p1,0,173,1.0,133.07692307692307
ANODE-p1,0,174,1.0,134.46153846153845
ANODE-p1,0,175,1.0,134.92307692307693
ANODE-p1,0,176,1.0,133.53846153846155
ANODE-p1,0,177,1.0,133.07692307692307
ANODE-p1,0,178,1.0,134.46153846153845
ANODE-p1,0,179,1.0,133.53846153846155
ANODE-p1,0,180,1.0,133.53846153846155
ANODE-p1,0,181,1.0,135.3846153846154
ANODE-p1,0,182,1.0,134.0
ANODE-p1,0,183,1.0,131.69230769230768
ANODE-p1,0,184,1.0,134.46153846153845
ANODE-p1,0,185,1.0,133.53846153846155
ANODE-p1,0,186,1.0,135.84615384615384
ANODE-p1,0,187,1.0,136.30769230769232
ANODE-p1,0,188,1.0,134.0
ANODE-p1,0,189,1.0,135.84615384615384
ANODE-p1,0,190,1.0,133.53846153846155
ANODE-p1,0,191,1.0,134.0
ANODE-p1,0,192,1.0,134.0
ANODE-p1,0,193,1.0,134.0
ANODE-p1,0,194,1.0,134.0
ANODE-p1,0,195,1.0,135.3846153846154
ANODE-p1,0,196,1.0,134.0
ANODE-p1,0,197,1.0,133.53846153846155
ANODE-p1,0,198,1.0,134.46153846153845
ANODE-p1,0,199,1.0,134.92307692307693
ANODE-p1,0,200,1.0,135.84615384615384
ANODE-p1,0,201,1.0,134.46153846153845
ANODE-p1,0,202,1.0,134.46153846153845
ANODE-p1,0,203,1.0,134.46153846153845
ANODE-p1,0,204,1.0,135.3846153846154
ANODE-p1,0,205,1.0,134.92307692307693
ANODE-p1,0,206,1.0,134.46153846153845
ANODE-p1,0,207,1.0,134.0
ANODE-p1,0,208,1.0,133.53846153846155
ANODE-p1,0,209,1.0,133.07692307692307
ANODE-p1,0,210,1.0,134.0
ANODE-p1,0,211,1.0,134.46153846153845
ANODE-p1,0,212,1.0,136.76923076923077
ANODE-p1,0,213,1.0,134.46153846153845
ANODE-p1,0,214,1.0,134.0
ANODE-p1,0,215,1.0,134.46153846153845
ANODE-p1,0,216,1.0,134.92307692307693
ANODE-p1,0,217,1.0,134.0
ANODE-p1,0,218,1.0,134.92307692307693
ANODE-p1,0,219,1.0,133.07692307692307
ANODE-p1,0,220,1.0,134.0
ANODE-p1,0,221,1.0,135.84615384615384
ANODE-p1,0,222,1.0,135.3846153846154
ANODE-p1,0,223,1.0,132.15384615384616
ANODE-p1,0,224,1.0,135.3846153846154
ANODE-p1,0,225,1.0,133.53846153846155
ANODE-p1,0,226,1.0,134.0
ANODE-p1,0,227,1.0,135.3846153846154
ANODE-p1,0,228,1.0,135.3846153846154
ANODE-p1,0,229,1.0,134.92307692307693
ANODE-p1,0,230,1.0,134.92307692307693
ANODE-p1,0,231,1.0,134.0
ANODE-p1,0,232,1.0,135.3846153846154
ANODE-p1,0,233,1.0,136.30769230769232
ANODE-p1,0,234,1.0,134.92307692307693
ANODE-p1,0,235,1.0,134.46153846153845
ANODE-p1,0,236,1.0,134.92307692307693
ANODE-p1,0,237,1.0,135.84615384615384
ANODE-p1,0,238,1.0,134.46153846153845
ANODE-p1,0,239,1.0,134.92307692307693
ANODE-p1,0,240,1.0,135.84615384615384
ANODE-p1,0,241,1.0,134.92307692307693
ANODE-p1,0,242,1.0,134.92307692307693
ANODE-p1,0,243,1.0,138.15384615384616
ANODE-p1,0,244,1.0,135.3846153846154
ANODE-p1,0,245,1.0,136.30769230769232
ANODE-p1,0,246,1.0,136.30769230769232
ANODE-p1,0,247,1.0,133.53846153846155
ANODE-p1,0,248,1.0,134.0
ANODE-p1,0,249,1.0,134.46153846153845
ANODE-p1,0,250,1.0,135.3846153846154
ANODE-p1,0,251,1.0,134.92307692307693
ANODE-p1,0,252,1.0,135.84615384615384
ANODE-p1,0,253,1.0,134.0
ANODE-p1,0,254,1.0,136.76923076923077
ANODE-p1,0,255,1.0,135.3846153846154
ANODE-p1,0,256,1.0,134.92307692307693
ANODE-p1,0,257,1.0,135.84615384615384
ANODE-p1,0,258,1.0,134.46153846153845
ANODE-p1,0,259,1.0,134.46153846153845
ANODE-p1,0,260,1.0,134.92307692307693
ANODE-p1,0,261,1.0,136.76923076923077
ANODE-p1,0,262,1.0,135.84615384615384
ANODE-p1,0,263,1.0,134.92307692307693
ANODE-p1,0,264,1.0,134.46153846153845
ANODE-p1,0,265,1.0,134.0
ANODE-p1,0,266,1.0,136.30769230769232
ANODE-p1,0,267,1.0,135.84615384615384
ANODE-p1,0,268,1.0,136.76923076923077
ANODE-p1,0,269,1.0,135.84615384615384
ANODE-p1,0,270,1.0,136.30769230769232
ANODE-p1,0,271,1.0,134.92307692307693
ANODE-p1,0,272,1.0,135.84615384615384
ANODE-p1,0,273,1.0,134.92307692307693
ANODE-p1,0,274,1.0,134.92307692307693
ANODE-p1,0,275,1.0,136.30769230769232
ANODE-p1,0,276,1.0,135.3846153846154
ANODE-p1,0,277,1.0,138.15384615384616
ANODE-p1,0,278,1.0,137.69230769230768
ANODE-p1,0,279,1.0,135.84615384615384
ANODE-p1,0,280,1.0,135.84615384615384
ANODE-p1,0,281,1.0,135.3846153846154
ANODE-p1,0,282,1.0,135.3846153846154
ANODE-p1,0,283,1.0,134.92307692307693
ANODE-p1,0,284,1.0,135.3846153846154
ANODE-p1,0,285,1.0,137.23076923076923
ANODE-p1,0,286,1.0,135.3846153846154
ANODE-p1,0,287,1.0,137.69230769230768
ANODE-p1,0,288,1.0,135.84615384615384
ANODE-p1,0,289,1.0,137.23076923076923
ANODE-p1,0,290,1.0,136.30769230769232
ANODE-p1,0,291,1.0,136.76923076923077
ANODE-p1,0,292,1.0,135.84615384615384
ANODE-p1,0,293,1.0,135.3846153846154
ANODE-p1,0,294,1.0,136.76923076923077
ANODE-p1,0,295,1.0,136.76923076923077
ANODE-p1,0,296,1.0,136.76923076923077
ANODE-p1,0,297,1.0,135.84615384615384
ANODE-p1,0,298,1.0,135.3846153846154
ANODE-p1,0,299,1.0,135.3846153846154
ANODE-p1,0,300,1.0,135.84615384615384
ANODE-p1,0,301,1.0,135.3846153846154
ANODE-p1,0,302,1.0,135.3846153846154
ANODE-p1,0,303,1.0,133.07692307692307
ANODE-p1,0,304,1.0,137.23076923076923
ANODE-p1,0,305,1.0,135.3846153846154
ANODE-p1,0,306,1.0,137.23076923076923
ANODE-p1,0,307,1.0,134.46153846153845
ANODE-p1,0,308,1.0,137.23076923076923
ANODE-p1,0,309,1.0,135.84615384615384
ANODE-p1,0,310,1.0,134.46153846153845
ANODE-p1,0,311,1.0,135.84615384615384
ANODE-p1,0,312,1.0,136.76923076923077
ANODE-p1,0,313,1.0,134.92307692307693
ANODE-p1,0,314,1.0,135.84615384615384
ANODE-p1,0,315,1.0,136.30769230769232
ANODE-p1,0,316,1.0,137.23076923076923
ANODE-p1,0,317,1.0,136.76923076923077
ANODE-p1,0,318,1.0,136.30769230769232
ANODE-p1,0,319,1.0,137.23076923076923
ANODE-p1,0,320,1.0,137.69230769230768
ANODE-p1,0,321,1.0,137.69230769230768
ANODE-p1,0,322,1.0,138.15384615384616
ANODE-p1,0,323,1.0,137.23076923076923
ANODE-p1,0,324,1.0,135.3846153846154
ANODE-p1,0,325,1.0,135.3846153846154
ANODE-p1,0,326,1.0,138.15384615384616
ANODE-p1,0,327,1.0,137.69230769230768
ANODE-p1,0,328,1.0,136.30769230769232
ANODE-p1,0,329,1.0,137.23076923076923
ANODE-p1,0,330,1.0,137.23076923076923
ANODE-p1,0,331,1.0,134.92307692307693
ANODE-p1,0,332,1.0,135.84615384615384
ANODE-p1,0,333,1.0,137.69230769230768
ANODE-p1,0,334,1.0,136.30769230769232
ANODE-p1,0,335,1.0,135.84615384615384
ANODE-p1,0,336,1.0,135.84615384615384
ANODE-p1,0,337,1.0,135.84615384615384
ANODE-p1,0,338,1.0,135.3846153846154
ANODE-p1,0,339,1.0,136.76923076923077
ANODE-p1,0,340,1.0,137.69230769230768
ANODE-p1,0,341,1.0,138.15384615384616
ANODE-p1,0,342,1.0,136.76923076923077
ANODE-p1,0,343,1.0,139.07692307692307
ANODE-p1,0,344,1.0,135.3846153846154
ANODE-p1,0,345,1.0,138.15384615384616
ANODE-p1,0,346,1.0,137.23076923076923
ANODE-p1,0,347,1.0,135.84615384615384
ANODE-p1,0,348,1.0,134.46153846153845
ANODE-p1,0,349,1.0,138.15384615384616
ANODE-p1,0,350,1.0,136.30769230769232
ANODE-p1,0,351,1.0,136.76923076923077
ANODE-p1,0,352,1.0,136.30769230769232
ANODE-p1,0,353,1.0,135.3846153846154
ANODE-p1,0,354,1.0,136.30769230769232
ANODE-p1,0,355,1.0,136.30769230769232
ANODE-p1,0,356,1.0,137.23076923076923
ANODE-p1,0,357,1.0,136.30769230769232
ANODE-p1,0,358,1.0,136.30769230769232
ANODE-p1,0,359,1.0,136.76923076923077
ANODE-p1,0,360,1.0,135.84615384615384
ANODE-p1,0,361,1.0,139.07692307692307
ANODE-p1,0,362,1.0,138.6153846153846
ANODE-p1,0,363,1.0,136.76923076923077
ANODE-p1,0,364,1.0,136.30769230769232
ANODE-p1,0,365,1.0,136.76923076923077
ANODE-p1,0,366,1.0,137.23076923076923
ANODE-p1,0,367,1.0,137.23076923076923
ANODE-p1,0,368,1.0,138.15384615384616
ANODE-p1,0,369,1.0,136.30769230769232
ANODE-p1,0,370,1.0,136.76923076923077
ANODE-p1,0,371,1.0,139.53846153846155
ANODE-p1,0,372,1.0,137.23076923076923
ANODE-p1,0,373,1.0,136.76923076923077
ANODE-p1,0,374,1.0,136.30769230769232
ANODE-p1,0,375,1.0,139.07692307692307
ANODE-p1,0,376,1.0,136.30769230769232
ANODE-p1,0,377,1.0,137.69230769230768
ANODE-p1,0,378,1.0,134.92307692307693
ANODE-p1,0,379,1.0,138.15384615384616
ANODE-p1,0,380,1.0,138.15384615384616
ANODE-p1,0,381,1.0,136.76923076923077
ANODE-p1,0,382,1.0,136.76923076923077
ANODE-p1,0,383,1.0,134.46153846153845
ANODE-p1,0,384,1.0,137.69230769230768
ANODE-p1,0,385,1.0,138.15384615384616
ANODE-p1,0,386,1.0,135.84615384615384
ANODE-p1,0,387,1.0,138.6153846153846
ANODE-p1,0,388,1.0,136.30769230769232
ANODE-p1,0,389,1.0,135.84615384615384
ANODE-p1,0,390,1.0,137.23076923076923
ANODE-p1,0,391,1.0,136.30769230769232
ANODE-p1,0,392,1.0,135.3846153846154
ANODE-p1,0,393,1.0,137.23076923076923
ANODE-p1,0,394,1.0,138.15384615384616
ANODE-p1,0,395,1.0,137.23076923076923
ANODE-p1,0,396,1.0,138.15384615384616
ANODE-p1,0,397,1.0,136.76923076923077
ANODE-p1,0,398,1.0,136.76923076923077
ANODE-p1,0,399,1.0,136.76923076923077
ANODE-p1,0,400,1.0,137.69230769230768
ANODE-p1,0,401,1.0,137.69230769230768
ANODE-p1,0,402,1.0,137.23076923076923
ANODE-p1,0,403,1.0,136.76923076923077
ANODE-p1,0,404,1.0,137.23076923076923
ANODE-p1,0,405,1.0,136.76923076923077
ANODE-p1,0,406,1.0,136.76923076923077
ANODE-p1,0,407,1.0,139.07692307692307
ANODE-p1,0,408,1.0,137.69230769230768
ANODE-p1,0,409,1.0,136.76923076923077
ANODE-p1,0,410,1.0,136.76923076923077
ANODE-p1,0,411,1.0,138.15384615384616
ANODE-p1,0,412,1.0,137.69230769230768
ANODE-p1,0,413,1.0,138.6153846153846
ANODE-p1,0,414,1.0,137.23076923076923
ANODE-p1,0,415,1.0,138.15384615384616
ANODE-p1,0,416,1.0,136.30769230769232
ANODE-p1,0,417,1.0,138.15384615384616
ANODE-p1,0,418,1.0,136.76923076923077
ANODE-p1,0,419,1.0,137.69230769230768
ANODE-p1,0,420,1.0,136.76923076923077
ANODE-p1,0,421,1.0,134.92307692307693
ANODE-p1,0,422,1.0,137.23076923076923
ANODE-p1,0,423,1.0,138.15384615384616
ANODE-p1,0,424,1.0,138.15384615384616
ANODE-p1,0,425,1.0,138.15384615384616
ANODE-p1,0,426,1.0,137.69230769230768
ANODE-p1,0,427,1.0,139.07692307692307
ANODE-p1,0,428,1.0,137.23076923076923
ANODE-p1,0,429,1.0,136.76923076923077
ANODE-p1,0,430,1.0,136.76923076923077
ANODE-p1,0,431,1.0,136.76923076923077
ANODE-p1,0,432,1.0,137.69230769230768
ANODE-p1,0,433,1.0,138.15384615384616
ANODE-p1,0,434,1.0,138.15384615384616
ANODE-p1,0,435,1.0,137.23076923076923
ANODE-p1,0,436,1.0,136.30769230769232
ANODE-p1,0,437,1.0,136.76923076923077
ANODE-p1,0,438,1.0,139.07692307692307
ANODE-p1,0,439,1.0,137.69230769230768
ANODE-p1,0,440,1.0,140.46153846153845
ANODE-p1,0,441,1.0,139.07692307692307
ANODE-p1,0,442,1.0,139.07692307692307
ANODE-p1,0,443,1.0,139.07692307692307
ANODE-p1,0,444,1.0,137.69230769230768
ANODE-p1,0,445,1.0,137.69230769230768
ANODE-p1,0,446,1.0,137.69230769230768
ANODE-p1,0,447,1.0,136.76923076923077
ANODE-p1,0,448,1.0,137.23076923076923
ANODE-p1,0,449,1.0,139.53846153846155
ANODE-p1,0,450,1.0,137.69230769230768
ANODE-p1,0,451,1.0,138.6153846153846
ANODE-p1,0,452,1.0,138.15384615384616
ANODE-p1,0,453,1.0,137.69230769230768
ANODE-p1,0,454,1.0,139.07692307692307
ANODE-p1,0,455,1.0,137.69230769230768
ANODE-p1,0,456,1.0,139.07692307692307
ANODE-p1,0,457,1.0,136.76923076923077
ANODE-p1,0,458,1.0,139.53846153846155
ANODE-p1,0,459,1.0,138.15384615384616
ANODE-p1,0,460,1.0,138.15384615384616
ANODE-p1,0,461,1.0,140.0
ANODE-p1,0,462,1.0,136.76923076923077
ANODE-p1,0,463,1.0,137.23076923076923
ANODE-p1,0,464,1.0,136.76923076923077
ANODE-p1,0,465,1.0,136.76923076923077
ANODE-p1,0,466,1.0,135.84615384615384
ANODE-p1,0,467,1.0,140.0
ANODE-p1,0,468,1.0,138.15384615384616
ANODE-p1,0,469,1.0,140.0
ANODE-p1,0,470,1.0,136.76923076923077
ANODE-p1,0,471,1.0,135.84615384615384
ANODE-p1,0,472,1.0,137.69230769230768
ANODE-p1,0,473,1.0,136.30769230769232
ANODE-p1,0,474,1.0,137.69230769230768
ANODE-p1,0,475,1.0,137.69230769230768
ANODE-p1,0,476,1.0,138.6153846153846
ANODE-p1,0,477,1.0,139.07692307692307
ANODE-p1,0,478,1.0,136.76923076923077
ANODE-p1,0,479,1.0,139.07692307692307
ANODE-p1,0,480,1.0,139.53846153846155
ANODE-p1,0,481,1.0,139.53846153846155
ANODE-p1,0,482,1.0,138.15384615384616
ANODE-p1,0,483,1.0,136.30769230769232
ANODE-p1,0,484,1.0,138.6153846153846
ANODE-p1,0,485,1.0,139.07692307692307
ANODE-p1,0,486,1.0,140.46153846153845
ANODE-p1,0,487,1.0,140.0
ANODE-p1,0,488,1.0,137.23076923076923
ANODE-p1,0,489,1.0,139.07692307692307
ANODE-p1,0,490,1.0,138.15384615384616
ANODE-p1,0,491,1.0,137.69230769230768
ANODE-p1,0,492,1.0,136.76923076923077
ANODE-p1,0,493,1.0,139.53846153846155
ANODE-p1,0,494,1.0,138.6153846153846
ANODE-p1,0,495,1.0,137.69230769230768
ANODE-p1,0,496,1.0,139.07692307692307
ANODE-p1,0,497,1.0,137.69230769230768
ANODE-p1,0,498,1.0,136.30769230769232
ANODE-p1,0,499,1.0,139.53846153846155
ANODE-p1,0,500,1.0,140.0
ANODE-p1,1,1,0.49,42.61538461538461
ANODE-p1,1,2,0.60875,44.0
ANODE-p1,1,3,0.915,52.76923076923077
ANODE-p1,1,4,0.9575,67.07692307692308
ANODE-p1,1,5,1.0,103.53846153846153
ANODE-p1,1,6,1.0,135.3846153846154
ANODE-p1,1,7,1.0,142.76923076923077
ANODE-p1,1,8,1.0,147.84615384615384
ANODE-p1,1,9,1.0,151.07692307692307
ANODE-p1,1,10,1.0,151.07692307692307
ANODE-p1,1,11,1.0,151.53846153846155
ANODE-p1,1,12,1.0,148.76923076923077
ANODE-p1,1,13,1.0,150.6153846153846
ANODE-p1,1,14,1.0,149.69230769230768
ANODE-p1,1,15,1.0,150.6153846153846
ANODE-p1,1,16,1.0,151.53846153846155
ANODE-p1,1,17,1.0,152.92307692307693
ANODE-p1,1,18,1.0,149.69230769230768
ANODE-p1,1,19,1.0,152.0
ANODE-p1,1,20,1.0,149.23076923076923
ANODE-p1,1,21,1.0,151.53846153846155
ANODE-p1,1,22,1.0,148.30769230769232
ANODE-p1,1,23,1.0,149.69230769230768
ANODE-p1,1,24,1.0,149.69230769230768
ANODE-p1,1,25,1.0,149.69230769230768
ANODE-p1,1,26,1.0,152.92307692307693
ANODE-p1,1,27,1.0,151.07692307692307
ANODE-p1,1,28,1.0,150.15384615384616
ANODE-p1,1,29,1.0,152.46153846153845
ANODE-p1,1,30,1.0,150.6153846153846
ANODE-p1,1,31,1.0,149.69230769230768
ANODE-p1,1,32,1.0,149.23076923076923
ANODE-p1,1,33,1.0,147.3846153846154
ANODE-p1,1,34,1.0,149.69230769230768
ANODE-p1,1,35,1.0,150.6153846153846
ANODE-p1,1,36,1.0,148.76923076923077
ANODE-p1,1,37,1.0,149.69230769230768
ANODE-p1,1,38,1.0,153.3846153846154
ANODE-p1,1,39,1.0,150.15384615384616
ANODE-p1,1,40,1.0,149.23076923076923
ANODE-p1,1,41,1.0,149.23076923076923
ANODE-p1,1,42,1.0,149.23076923076923
ANODE-p1,1,43,1.0,148.76923076923077
ANODE-p1,1,44,1.0,150.6153846153846
ANODE-p1,1,45,1.0,150.15384615384616
ANODE-p1,1,46,1.0,152.0
ANODE-p1,1,47,1.0,151.53846153846155
ANODE-p1,1,48,1.0,151.07692307692307
ANODE-p1,1,49,1.0,150.6153846153846
ANODE-p1,1,50,1.0,152.0
ANODE-p1,1,51,1.0,149.69230769230768
ANODE-p1,1,52,1.0,150.6153846153846
ANODE-p1,1,53,1.0,151.07692307692307
ANODE-p1,1,54,1.0,152.0
ANODE-p1,1,55,1.0,152.0
ANODE-p1,1,56,1.0,152.46153846153845
ANODE-p1,1,57,1.0,153.84615384615384
ANODE-p1,1,58,1.0,150.15384615384616
ANODE-p1,1,59,1.0,152.92307692307693
ANODE-p1,1,60,1.0,152.46153846153845
ANODE-p1,1,61,1.0,148.76923076923077
ANODE-p1,1,62,1.0,152.46153846153845
ANODE-p1,1,63,1.0,152.46153846153845
ANODE-p1,1,64,1.0,152.0
ANODE-p1,1,65,1.0,151.07692307692307
ANODE-p1,1,66,1.0,149.69230769230768
ANODE-p1,1,67,1.0,151.07692307692307
ANODE-p1,1,68,1.0,151.53846153846155
ANODE-p1,1,69,1.0,150.15384615384616
ANODE-p1,1,70,1.0,149.23076923076923
ANODE-p1,1,71,1.0,150.15384615384616
ANODE-p1,1,72,1.0,147.84615384615384
ANODE-p1,1,73,1.0,151.53846153846155
ANODE-p1,1,74,1.0,153.3846153846154
ANODE-p1,1,75,1.0,151.53846153846155
ANODE-p1,1,76,1.0,149.69230769230768
ANODE-p1,1,77,1.0,152.46153846153845
ANODE-p1,1,78,1.0,152.0
ANODE-p1,1,79,1.0,150.6153846153846
ANODE-p1,1,80,1.0,152.92307692307693
ANODE-p1,1,81,1.0,151.07692307692307
ANODE-p1,1,82,1.0,152.46153846153845
ANODE-p1,1,83,1.0,153.84615384615384
ANODE-p1,1,84,1.0,151.53846153846155
ANODE-p1,1,85,1.0,153.3846153846154
ANODE-p1,1,86,1.0,150.15384615384616
ANODE-p1,1,87,1.0,148.30769230769232
ANODE-p1,1,88,1.0,151.53846153846155
ANODE-p1,1,89,1.0,152.0
ANODE-p1,1,90,1.0,155.23076923076923
ANODE-p1,1,91,1.0,150.6153846153846
ANODE-p1,1,92,1.0,152.0
ANODE-p1,1,93,1.0,152.0
ANODE-p1,1,94,1.0,152.0
ANODE-p1,1,95,1.0,153.84615384615384
ANODE-p1,1,96,1.0,151.53846153846155
ANODE-p1,1,97,1.0,152.92307692307693
ANODE-p1,1,98,1.0,154.76923076923077
ANODE-p1,1,99,1.0,152.0
ANODE-p1,1,100,1.0,155.69230769230768
ANODE-p1,1,101,1.0,150.15384615384616
ANODE-p1,1,102,1.0,150.15384615384616
ANODE-p1,1,103,1.0,152.46153846153845
ANODE-p1,1,104,1.0,152.92307692307693
ANODE-p1,1,105,1.0,151.53846153846155
ANODE-p1,1,106,1.0,152.46153846153845
ANODE-p1,1,107,1.0,154.76923076923077
ANODE-p1,1,108,1.0,151.07692307692307
ANODE-p1,1,109,1.0,150.6153846153846
ANODE-p1,1,110,1.0,151.07692307692307
ANODE-p1,1,111,1.0,154.76923076923077
ANODE-p1,1,112,1.0,149.69230769230768
ANODE-p1,1,113,1.0,155.23076923076923
ANODE-p1,1,114,1.0,154.30769230769232
ANODE-p1,1,115,1.0,153.84615384615384
ANODE-p1,1,116,1.0,154.30769230769232
ANODE-p1,1,117,1.0,153.3846153846154
ANODE-p1,1,118,1.0,152.92307692307693
ANODE-p1,1,119,1.0,150.6153846153846
ANODE-p1,1,120,1.0,153.3846153846154
ANODE-p1,1,121,1.0,151.07692307692307
ANODE-p1,1,122,1.0,152.92307692307693
ANODE-p1,1,123,1.0,153.84615384615384
ANODE-p1,1,124,1.0,152.46153846153845
ANODE-p1,1,125,1.0,151.07692307692307
ANODE-p1,1,126,1.0,149.69230769230768
ANODE-p1,1,127,1.0,154.30769230769232
ANODE-p1,1,128,1.0,154.76923076923077
ANODE-p1,1,129,1.0,150.6153846153846
ANODE-p1,1,130,1.0,152.0
ANODE-p1,1,131,1.0,151.53846153846155
ANODE-p1,1,132,1.0,150.15384615384616
ANODE-p1,1,133,1.0,156.6153846153846
ANODE-p1,1,134,1.0,154.30769230769232
ANODE-p1,1,135,1.0,154.76923076923077
ANODE-p1,1,136,1.0,151.07692307692307
ANODE-p1,1,137,1.0,151.53846153846155
ANODE-p1,1,138,1.0,152.92307692307693
ANODE-p1,1,139,1.0,152.0
ANODE-p1,1,140,1.0,154.30769230769232
ANODE-p1,1,141,1.0,150.6153846153846
ANODE-p1,1,142,1.0,152.0
ANODE-p1,1,143,1.0,151.07692307692307
ANODE-p1,1,144,1.0,151.07692307692307
ANODE-p1,1,145,1.0,153.3846153846154
ANODE-p1,1,146,1.0,153.3846153846154
ANODE-p1,1,147,1.0,152.46153846153845
ANODE-p1,1,148,1.0,152.46153846153845
ANODE-p1,1,149,1.0,153.84615384615384
ANODE-p1,1,150,1.0,152.46153846153845
ANODE-p1,1,151,1.0,152.46153846153845
ANODE-p1,1,152,1.0,152.92307692307693
ANODE-p1,1,153,1.0,152.0
ANODE-p1,1,154,1.0,152.0
ANODE-p1,1,155,1.0,152.46153846153845
ANODE-p1,1,156,1.0,152.46153846153845
ANODE-p1,1,157,1.0,151.07692307692307
ANODE-p1,1,158,1.0,154.30769230769232
ANODE-p1,1,159,1.0,152.0
ANODE-p1,1,160,1.0,150.6153846153846
ANODE-p1,1,161,1.0,153.84615384615384
ANODE-p1,1,162,1.0,151.07692307692307
ANODE-p1,1,163,1.0,151.07692307692307
ANODE-p1,1,164,1.0,151.07692307692307
ANODE-p1,1,165,1.0,152.46153846153845
ANODE-p1,1,166,1.0,147.3846153846154
ANODE-p1,1,167,1.0,150.6153846153846
ANODE-p1,1,168,1.0,152.92307692307693
ANODE-p1,1,169,1.0,153.84615384615384
ANODE-p1,1,170,1.0,152.0
ANODE-p1,1,171,1.0,153.3846153846154
ANODE-p1,1,172,1.0,154.30769230769232
ANODE-p1,1,173,1.0,152.92307692307693
ANODE-p1,1,174,1.0,151.07692307692307
ANODE-p1,1,175,1.0,149.23076923076923
ANODE-p1,1,176,1.0,150.6153846153846
ANODE-p1,1,177,1.0,154.30769230769232
ANODE-p1,1,178,1.0,151.53846153846155
ANODE-p1,1,179,1.0,153.84615384615384
ANODE-p1,1,180,1.0,151.53846153846155
ANODE-p1,1,181,1.0,153.3846153846154
ANODE-p1,1,182,1.0,152.46153846153845
ANODE-p1,1,183,1.0,152.0
ANODE-p1,1,184,1.0,153.84615384615384
ANODE-p1,1,185,1.0,154.30769230769232
ANODE-p1,1,186,1.0,153.3846153846154
ANODE-p1,1,187,1.0,152.46153846153845
ANODE-p1,1,188,1.0,153.3846153846154
ANODE-p1,1,189,1.0,152.0
ANODE-p1,1,190,1.0,151.07692307692307
ANODE-p1,1,191,1.0,153.3846153846154
ANODE-p1,1,192,1.0,152.46153846153845
ANODE-p1,1,193,1.0,152.46153846153845
ANODE-p1,1,194,1.0,152.46153846153845
ANODE-p1,1,195,1.0,152.46153846153845
ANODE-p1,1,196,1.0,150.6153846153846
ANODE-p1,1,197,1.0,151.07692307692307
ANODE-p1,1,198,1.0,151.53846153846155
ANODE-p1,1,199,1.0,150.6153846153846
ANODE-p1,1,200,1.0,153.84615384615384
ANODE-p1,1,201,1.0,152.92307692307693
ANODE-p1,1,202,1.0,151.07692307692307
ANODE-p1,1,203,1.0,153.3846153846154
ANODE-p1,1,204,1.0,152.92307692307693
ANODE-p1,1,205,1.0,154.76923076923077
ANODE-p1,1,206,1.0,149.69230769230768
ANODE-p1,1,207,1.0,150.6153846153846
ANODE-p1,1,208,1.0,154.30769230769232
ANODE-p1,1,209,1.0,152.46153846153845
ANODE-p1,1,210,1.0,150.15384615384616
ANODE-p1,1,211,1.0,154.30769230769232
ANODE-p1,1,212,1.0,151.07692307692307
ANODE-p1,1,213,1.0,155.23076923076923
ANODE-p1,1,214,1.0,152.92307692307693
ANODE-p1,1,215,1.0,151.07692307692307
ANODE-p1,1,216,1.0,154.76923076923077
ANODE-p1,1,217,1.0,152.92307692307693
ANODE-p1,1,218,1.0,156.15384615384616
ANODE-p1,1,219,1.0,151.07692307692307
ANODE-p1,1,220,1.0,154.76923076923077
ANODE-p1,1,221,1.0,155.69230769230768
ANODE-p1,1,222,1.0,152.46153846153845
ANODE-p1,1,223,1.0,152.0
ANODE-p1,1,224,1.0,154.30769230769232
ANODE-p1,1,225,1.0,155.69230769230768
ANODE-p1,1,226,1.0,153.3846153846154
ANODE-p1,1,227,1.0,157.53846153846155
ANODE-p1,1,228,1.0,153.3846153846154
ANODE-p1,1,229,1.0,151.53846153846155
ANODE-p1,1,230,1.0,151.53846153846155
ANODE-p1,1,231,1.0,153.3846153846154
ANODE-p1,1,232,1.0,150.6153846153846
ANODE-p1,1,233,1.0,152.46153846153845
ANODE-p1,1,234,1.0,155.23076923076923
ANODE-p1,1,235,1.0,153.3846153846154
ANODE-p1,1,236,1.0,153.84615384615384
ANODE-p1,1,237,1.0,152.46153846153845
ANODE-p1,1,238,1.0,152.0
ANODE-p1,1,239,1.0,152.0
ANODE-p1,1,240,1.0,151.07692307692307
ANODE-p1,1,241,1.0,153.84615384615384
ANODE-p1,1,242,1.0,152.0
ANODE-p1,1,243,1.0,153.3846153846154
ANODE-p1,1,244,1.0,151.53846153846155
ANODE-p1,1,245,1.0,154.76923076923077
ANODE-p1,1,246,1.0,153.3846153846154
ANODE-p1,1,247,1.0,154.76923076923077
ANODE-p1,1,248,1.0,153.3846153846154
ANODE-p1,1,249,1.0,153.84615384615384
ANODE-p1,1,250,1.0,155.23076923076923
ANODE-p1,1,251,1.0,153.84615384615384
ANODE-p1,1,252,1.0,152.46153846153845
ANODE-p1,1,253,1.0,154.76923076923077
ANODE-p1,1,254,1.0,152.46153846153845
ANODE-p1,1,255,1.0,156.15384615384616
ANODE-p1,1,256,1.0,152.92307692307693
ANODE-p1,1,257,1.0,152.46153846153845
ANODE-p1,1,258,1.0,154.76923076923077
ANODE-p1,1,259,1.0,154.30769230769232
ANODE-p1,1,260,1.0,152.46153846153845
ANODE-p1,1,261,1.0,152.92307692307693
ANODE-p1,1,262,1.0,152.92307692307693
ANODE-p1,1,263,1.0,155.69230769230768
ANODE-p1,1,264,1.0,151.53846153846155
ANODE-p1,1,265,1.0,153.3846153846154
ANODE-p1,1,266,1.0,153.3846153846154
ANODE-p1,1,267,1.0,154.30769230769232
ANODE-p1,1,268,1.0,152.92307692307693
ANODE-p1,1,269,1.0,153.3846153846154
ANODE-p1,1,270,1.0,152.92307692307693
ANODE-p1,1,271,1.0,154.30769230769232
ANODE-p1,1,272,1.0,149.23076923076923
ANODE-p1,1,273,1.0,151.07692307692307
ANODE-p1,1,274,1.0,149.69230769230768
ANODE-p1,1,275,1.0,154.30769230769232
ANODE-p1,1,276,1.0,153.84615384615384
ANODE-p1,1,277,1.0,155.23076923076923
ANODE-p1,1,278,1.0,153.84615384615384
ANODE-p1,1,279,1.0,153.84615384615384
ANODE-p1,1,280,1.0,158.0
ANODE-p1,1,281,1.0,154.76923076923077
ANODE-p1,1,282,1.0,154.30769230769232
ANODE-p1,1,283,1.0,152.46153846153845
ANODE-p1,1,284,1.0,153.84615384615384
ANODE-p1,1,285,1.0,155.23076923076923
ANODE-p1,1,286,1.0,155.23076923076923
ANODE-p1,1,287,1.0,153.84615384615384
ANODE-p1,1,288,1.0,152.92307692307693
ANODE-p1,1,289,1.0,154.30769230769232
ANODE-p1,1,290,1.0,154.76923076923077
ANODE-p1,1,291,1.0,154.76923076923077
ANODE-p1,1,292,1.0,156.6153846153846
ANODE-p1,1,293,1.0,154.76923076923077
ANODE-p1,1,294,1.0,152.0
ANODE-p1,1,295,1.0,153.84615384615384
ANODE-p1,1,296,1.0,153.3846153846154
ANODE-p1,1,297,1.0,153.84615384615384
ANODE-p1,1,298,1.0,152.92307692307693
ANODE-p1,1,299,1.0,153.84615384615384
ANODE-p1,1,300,1.0,155.69230769230768
ANODE-p1,1,301,1.0,154.30769230769232
ANODE-p1,1,302,1.0,153.84615384615384
ANODE-p1,1,303,1.0,152.0
ANODE-p1,1,304,1.0,152.92307692307693
ANODE-p1,1,305,1.0,152.46153846153845
ANODE-p1,1,306,1.0,155.69230769230768
ANODE-p1,1,307,1.0,153.84615384615384
ANODE-p1,1,308,1.0,154.76923076923077
ANODE-p1,1,309,1.0,152.46153846153845
ANODE-p1,1,310,1.0,152.46153846153845
ANODE-p1,1,311,1.0,154.76923076923077
ANODE-p1,1,312,1.0,153.84615384615384
ANODE-p1,1,313,1.0,152.46153846153845
ANODE-p1,1,314,1.0,153.84615384615384
ANODE-p1,1,315,1.0,154.76923076923077
ANODE-p1,1,316,1.0,156.6153846153846
ANODE-p1,1,317,1.0,152.92307692307693
ANODE-p1,1,318,1.0,153.3846153846154
ANODE-p1,1,319,1.0,149.69230769230768
ANODE-p1,1,320,1.0,152.0
ANODE-p1,1,321,1.0,155.69230769230768
ANODE-p1,1,322,1.0,155.23076923076923
ANODE-p1,1,323,1.0,152.92307692307693
ANODE-p1,1,324,1.0,155.69230769230768
ANODE-p1,1,325,1.0,157.07692307692307
ANODE-p1,1,326,1.0,153.84615384615384
ANODE-p1,1,327,1.0,152.46153846153845
ANODE-p1,1,328,1.0,152.46153846153845
ANODE-p1,1,329,1.0,151.53846153846155
ANODE-p1,1,330,1.0,152.46153846153845
ANODE-p1,1,331,1.0,154.76923076923077
ANODE-p1,1,332,1.0,151.53846153846155
ANODE-p1,1,333,1.0,154.76923076923077
ANODE-p1,1,334,1.0,151.53846153846155
ANODE-p1,1,335,1.0,150.15384615384616
ANODE-p1,1,336,1.0,153.84615384615384
ANODE-p1,1,337,1.0,154.30769230769232
ANODE-p1,1,338,1.0,154.76923076923077
ANODE-p1,1,339,1.0,156.6153846153846
ANODE-p1,1,340,1.0,152.92307692307693
ANODE-p1,1,341,1.0,151.07692307692307
ANODE-p1,1,342,1.0,154.76923076923077
ANODE-p1,1,343,1.0,154.30769230769232
ANODE-p1,1,344,1.0,152.92307692307693
ANODE-p1,1,345,1.0,153.84615384615384
ANODE-p1,1,346,1.0,152.0
ANODE-p1,1,347,1.0,154.76923076923077
ANODE-p1,1,348,1.0,152.46153846153845
ANODE-p1,1,349,1.0,153.84615384615384
ANODE-p1,1,350,1.0,151.07692307692307
ANODE-p1,1,351,1.0,154.76923076923077
ANODE-p1,1,352,1.0,154.30769230769232
ANODE-p1,1,353,1.0,152.46153846153845
ANODE-p1,1,354,1.0,153.84615384615384
ANODE-p1,1,355,1.0,152.46153846153845
ANODE-p1,1,356,1.0,152.46153846153845
ANODE-p1,1,357,1.0,152.46153846153845
ANODE-p1,1,358,1.0,155.23076923076923
ANODE-p1,1,359,1.0,153.3846153846154
ANODE-p1,1,360,1.0,152.46153846153845
ANODE-p1,1,361,1.0,153.84615384615384
ANODE-p1,1,362,1.0,156.6153846153846
ANODE-p1,1,363,1.0,155.23076923076923
ANODE-p1,1,364,1.0,153.3846153846154
ANODE-p1,1,365,1.0,152.0
ANODE-p1,1,366,1.0,151.53846153846155
ANODE-p1,1,367,1.0,153.3846153846154
ANODE-p1,1,368,1.0,151.07692307692307
ANODE-p1,1,369,1.0,155.69230769230768
ANODE-p1,1,370,1.0,152.92307692307693
ANODE-p1,1,371,1.0,152.0
ANODE-p1,1,372,1.0,154.76923076923077
ANODE-p1,1,373,1.0,156.6153846153846
ANODE-p1,1,374,1.0,153.3846153846154
ANODE-p1,1,375,1.0,153.3846153846154
ANODE-p1,1,376,1.0,155.69230769230768
ANODE-p1,1,377,1.0,153.3846153846154
ANODE-p1,1,378,1.0,152.46153846153845
ANODE-p1,1,379,1.0,158.46153846153845
ANODE-p1,1,380,1.0,153.84615384615384
ANODE-p1,1,381,1.0,153.3846153846154
ANODE-p1,1,382,1.0,154.30769230769232
ANODE-p1,1,383,1.0,153.84615384615384
ANODE-p1,1,384,1.0,152.46153846153845
ANODE-p1,1,385,1.0,155.69230769230768
ANODE-p1,1,386,1.0,153.84615384615384
ANODE-p1,1,387,1.0,154.30769230769232
ANODE-p1,1,388,1.0,156.15384615384616
ANODE-p1,1,389,1.0,153.3846153846154
ANODE-p1,1,390,1.0,157.07692307692307
ANODE-p1,1,391,1.0,156.15384615384616
ANODE-p1,1,392,1.0,156.6153846153846
ANODE-p1,1,393,1.0,154.30769230769232
ANODE-p1,1,394,1.0,152.46153846153845
ANODE-p1,1,395,1.0,155.23076923076923
ANODE-p1,1,396,1.0,152.92307692307693
ANODE-p1,1,397,1.0,152.46153846153845
ANODE-p1,1,398,1.0,153.84615384615384
ANODE-p1,1,399,1.0,156.15384615384616
ANODE-p1,1,400,1.0,153.84615384615384
ANODE-p1,1,401,1.0,152.92307692307693
ANODE-p1,1,402,1.0,154.76923076923077
ANODE-p1,1,403,1.0,153.84615384615384
ANODE-p1,1,404,1.0,153.84615384615384
ANODE-p1,1,405,1.0,154.76923076923077
ANODE-p1,1,406,1.0,155.23076923076923
ANODE-p1,1,407,1.0,154.30769230769232
ANODE-p1,1,408,1.0,152.92307692307693
ANODE-p1,1,409,1.0,153.84615384615384
ANODE-p1,1,410,1.0,153.84615384615384
ANODE-p1,1,411,1.0,152.92307692307693
ANODE-p1,1,412,1.0,153.84615384615384
ANODE-p1,1,413,1.0,154.30769230769232
ANODE-p1,1,414,1.0,152.92307692307693
ANODE-p1,1,415,1.0,152.46153846153845
ANODE-p1,1,416,1.0,155.23076923076923
ANODE-p1,1,417,1.0,155.69230769230768
ANODE-p1,1,418,1.0,153.84615384615384
ANODE-p1,1,419,1.0,152.92307692307693
ANODE-p1,1,420,1.0,153.84615384615384
ANODE-p1,1,421,1.0,153.3846153846154
ANODE-p1,1,422,1.0,154.76923076923077
ANODE-p1,1,423,1.0,154.76923076923077
ANODE-p1,1,424,1.0,154.76923076923077
ANODE-p1,1,425,1.0,156.15384615384616
ANODE-p1,1,426,1.0,152.0
ANODE-p1,1,427,1.0,154.76923076923077
ANODE-p1,1,428,1.0,157.07692307692307
ANODE-p1,1,429,1.0,155.23076923076923
ANODE-p1,1,430,1.0,155.23076923076923
ANODE-p1,1,431,1.0,153.3846153846154
ANODE-p1,1,432,1.0,155.69230769230768
ANODE-p1,1,433,1.0,153.3846153846154
ANODE-p1,1,434,1.0,153.84615384615384
ANODE-p1,1,435,1.0,154.76923076923077
ANODE-p1,1,436,1.0,156.15384615384616
ANODE-p1,1,437,1.0,152.92307692307693
ANODE-p1,1,438,1.0,155.69230769230768
ANODE-p1,1,439,1.0,154.30769230769232
ANODE-p1,1,440,1.0,153.84615384615384
ANODE-p1,1,441,1.0,155.23076923076923
ANODE-p1,1,442,1.0,154.30769230769232
ANODE-p1,1,443,1.0,153.84615384615384
ANODE-p1,1,444,1.0,153.84615384615384
ANODE-p1,1,445,1.0,151.53846153846155
ANODE-p1,1,446,1.0,155.23076923076923
ANODE-p1,1,447,1.0,154.30769230769232
ANODE-p1,1,448,1.0,157.53846153846155
ANODE-p1,1,449,1.0,152.46153846153845
ANODE-p1,1,450,1.0,154.30769230769232
ANODE-p1,1,451,1.0,156.15384615384616
ANODE-p1,1,452,1.0,153.3846153846154
ANODE-p1,1,453,1.0,153.84615384615384
ANODE-p1,1,454,1.0,152.92307692307693
ANODE-p1,1,455,1.0,156.15384615384616
ANODE-p1,1,456,1.0,154.76923076923077
ANODE-p1,1,457,1.0,152.92307692307693
ANODE-p1,1,458,1.0,154.30769230769232
ANODE-p1,1,459,1.0,151.07692307692307
ANODE-p1,1,460,1.0,154.30769230769232
ANODE-p1,1,461,1.0,155.23076923076923
ANODE-p1,1,462,1.0,155.23076923076923
ANODE-p1,1,463,1.0,156.6153846153846
ANODE-p1,1,464,1.0,155.23076923076923
ANODE-p1,1,465,1.0,153.84615384615384
ANODE-p1,1,466,1.0,156.6153846153846
ANODE-p1,1,467,1.0,153.3846153846154
ANODE-p1,1,468,1.0,153.3846153846154
ANODE-p1,1,469,1.0,155.23076923076923
ANODE-p1,1,470,1.0,154.30769230769232
ANODE-p1,1,471,1.0,154.30769230769232
ANODE-p1,1,472,1.0,155.23076923076923
ANODE-p1,1,473,1.0,152.46153846153845
ANODE-p1,1,474,1.0,154.76923076923077
ANODE-p1,1,475,1.0,156.15384615384616
ANODE-p1,1,476,1.0,153.3846153846154
ANODE-p1,1,477,1.0,153.3846153846154
ANODE-p1,1,478,1.0,153.84615384615384
ANODE-p1,1,479,1.0,156.6153846153846
ANODE-p1,1,480,1.0,154.76923076923077
ANODE-p1,1,481,1.0,156.15384615384616
ANODE-p1,1,482,1.0,154.76923076923077
ANODE-p1,1,483,1.0,156.6153846153846
ANODE-p1,1,484,1.0,158.0
ANODE-p1,1,485,1.0,156.15384615384616
ANODE-p1,1,486,1.0,154.30769230769232
ANODE-p1,1,487,1.0,154.76923076923077
ANODE-p1,1,488,1.0,156.15384615384616
ANODE-p1,1,489,1.0,154.30769230769232
ANODE-p1,1,490,1.0,153.84615384615384
ANODE-p1,1,491,1.0,154.76923076923077
ANODE-p1,1,492,1.0,154.30769230769232
ANODE-p1,1,493,1.0,155.23076923076923
ANODE-p1,1,494,1.0,155.23076923076923
ANODE-p1,1,495,1.0,156.15384615384616
ANODE-p1,1,496,1.0,154.76923076923077
ANODE-p1,1,497,1.0,153.3846153846154
ANODE-p1,1,498,1.0,154.76923076923077
ANODE-p1,1,499,1.0,154.76923076923077
ANODE-p1,1,500,1.0,155.23076923076923
ANODE-p1,2,1,0.4675,44.0
ANODE-p1,2,2,0.515,44.92307692307692
ANODE-p1,2,3,0.81375,50.46153846153846
ANODE-p1,2,4,0.9625,61.07692307692308
ANODE-p1,2,5,0.9975,82.3076923076923
ANODE-p1,2,6,1.0,109.07692307692308
ANODE-p1,2,7,1.0,123.84615384615384
ANODE-p1,2,8,0.99875,129.84615384615384
ANODE-p1,2,9,0.98875,128.92307692307693
ANODE-p1,2,10,0.995,122.92307692307692
ANODE-p1,2,11,1.0,118.76923076923077
ANODE-p1,2,12,1.0,124.3076923076923
ANODE-p1,2,13,1.0,121.53846153846153
ANODE-p1,2,14,1.0,120.61538461538461
ANODE-p1,2,15,1.0,122.46153846153847
ANODE-p1,2,16,1.0,122.46153846153847
ANODE-p1,2,17,1.0,125.23076923076923
ANODE-p1,2,18,1.0,122.46153846153847
ANODE-p1,2,19,1.0,124.3076923076923
ANODE-p1,2,20,1.0,124.76923076923077
ANODE-p1,2,21,1.0,121.53846153846153
ANODE-p1,2,22,1.0,123.84615384615384
ANODE-p1,2,23,1.0,122.0
ANODE-p1,2,24,1.0,120.15384615384616
ANODE-p1,2,25,1.0,122.92307692307692
ANODE-p1,2,26,1.0,124.3076923076923
ANODE-p1,2,27,1.0,126.15384615384616
ANODE-p1,2,28,1.0,122.0
ANODE-p1,2,29,1.0,124.3076923076923
ANODE-p1,2,30,1.0,123.38461538461539
ANODE-p1,2,31,1.0,124.3076923076923
ANODE-p1,2,32,1.0,125.6923076923077
ANODE-p1,2,33,1.0,123.38461538461539
ANODE-p1,2,34,1.0,123.84615384615384
ANODE-p1,2,35,1.0,125.23076923076923
ANODE-p1,2,36,1.0,122.92307692307692
ANODE-p1,2,37,1.0,123.38461538461539
ANODE-p1,2,38,1.0,124.3076923076923
ANODE-p1,2,39,1.0,122.92307692307692
ANODE-p1,2,40,1.0,122.92307692307692
ANODE-p1,2,41,1.0,123.38461538461539
ANODE-p1,2,42,1.0,124.3076923076923
ANODE-p1,2,43,1.0,127.07692307692308
ANODE-p1,2,44,1.0,126.15384615384616
ANODE-p1,2,45,1.0,125.23076923076923
ANODE-p1,2,46,1.0,123.84615384615384
ANODE-p1,2,47,1.0,125.6923076923077
ANODE-p1,2,48,1.0,125.23076923076923
ANODE-p1,2,49,1.0,125.6923076923077
ANODE-p1,2,50,1.0,124.76923076923077
ANODE-p1,2,51,1.0,125.23076923076923
ANODE-p1,2,52,1.0,123.84615384615384
ANODE-p1,2,53,1.0,125.23076923076923
ANODE-p1,2,54,1.0,126.61538461538461
ANODE-p1,2,55,1.0,126.15384615384616
ANODE-p1,2,56,1.0,125.23076923076923
ANODE-p1,2,57,1.0,126.15384615384616
ANODE-p1,2,58,1.0,125.6923076923077
ANODE-p1,2,59,1.0,123.38461538461539
ANODE-p1,2,60,1.0,126.15384615384616
ANODE-p1,2,61,1.0,122.0
ANODE-p1,2,62,1.0,123.84615384615384
ANODE-p1,2,63,1.0,125.23076923076923
ANODE-p1,2,64,1.0,126.61538461538461
ANODE-p1,2,65,1.0,123.38461538461539
ANODE-p1,2,66,1.0,124.76923076923077
ANODE-p1,2,67,1.0,124.76923076923077
ANODE-p1,2,68,1.0,123.84615384615384
ANODE-p1,2,69,1.0,128.0
ANODE-p1,2,70,1.0,124.3076923076923
ANODE-p1,2,71,1.0,127.07692307692308
ANODE-p1,2,72,1.0,125.6923076923077
ANODE-p1,2,73,1.0,125.23076923076923
ANODE-p1,2,74,1.0,125.23076923076923
ANODE-p1,2,75,1.0,127.53846153846153
ANODE-p1,2,76,1.0,127.53846153846153
ANODE-p1,2,77,1.0,128.0
ANODE-p1,2,78,1.0,125.6923076923077
ANODE-p1,2,79,1.0,125.6923076923077
ANODE-p1,2,80,1.0,126.15384615384616
ANODE-p1,2,81,1.0,125.6923076923077
ANODE-p1,2,82,1.0,127.07692307692308
ANODE-p1,2,83,1.0,124.76923076923077
ANODE-p1,2,84,1.0,126.15384615384616
ANODE-p1,2,85,1.0,127.07692307692308
ANODE-p1,2,86,1.0,125.6923076923077
ANODE-p1,2,87,1.0,128.46153846153845
ANODE-p1,2,88,1.0,126.15384615384616
ANODE-p1,2,89,1.0,126.61538461538461
ANODE-p1,2,90,1.0,123.38461538461539
ANODE-p1,2,91,1.0,126.15384615384616
ANODE-p1,2,92,1.0,126.61538461538461
ANODE-p1,2,93,1.0,127.07692307692308
ANODE-p1,2,94,1.0,128.92307692307693
ANODE-p1,2,95,1.0,127.07692307692308
ANODE-p1,2,96,1.0,125.6923076923077
ANODE-p1,2,97,1.0,125.23076923076923
ANODE-p1,2,98,1.0,126.61538461538461
ANODE-p1,2,99,1.0,126.15384615384616
ANODE-p1,2,100,1.0,125.6923076923077
ANODE-p1,2,101,1.0,127.07692307692308
ANODE-p1,2,102,1.0,125.23076923076923
ANODE-p1,2,103,1.0,125.23076923076923
ANODE-p1,2,104,1.0,128.46153846153845
ANODE-p1,2,105,1.0,125.6923076923077
ANODE-p1,2,106,1.0,126.61538461538461
ANODE-p1,2,107,1.0,127.53846153846153
ANODE-p1,2,108,1.0,129.3846153846154
ANODE-p1,2,109,1.0,127.07692307692308
ANODE-p1,2,110,1.0,125.6923076923077
ANODE-p1,2,111,1.0,126.61538461538461
ANODE-p1,2,112,1.0,127.53846153846153
ANODE-p1,2,113,1.0,127.07692307692308
ANODE-p1,2,114,1.0,128.46153846153845
ANODE-p1,2,115,1.0,125.6923076923077
ANODE-p1,2,116,1.0,125.23076923076923
ANODE-p1,2,117,1.0,126.61538461538461
ANODE-p1,2,118,1.0,127.07692307692308
ANODE-p1,2,119,1.0,126.15384615384616
ANODE-p1,2,120,1.0,129.3846153846154
ANODE-p1,2,121,1.0,126.15384615384616
ANODE-p1,2,122,1.0,127.07692307692308
ANODE-p1,2,123,1.0,127.53846153846153
ANODE-p1,2,124,1.0,127.07692307692308
ANODE-p1,2,125,1.0,127.53846153846153
ANODE-p1,2,126,1.0,126.61538461538461
ANODE-p1,2,127,1.0,128.46153846153845
ANODE-p1,2,128,1.0,128.46153846153845
ANODE-p1,2,129,1.0,126.61538461538461
ANODE-p1,2,130,1.0,127.07692307692308
ANODE-p1,2,131,1.0,128.0
ANODE-p1,2,132,1.0,131.23076923076923
ANODE-p1,2,133,1.0,128.92307692307693
ANODE-p1,2,134,1.0,125.23076923076923
ANODE-p1,2,135,1.0,126.61538461538461
ANODE-p1,2,136,1.0,125.6923076923077
ANODE-p1,2,137,1.0,128.92307692307693
ANODE-p1,2,138,1.0,129.84615384615384
ANODE-p1,2,139,1.0,128.0
ANODE-p1,2,140,1.0,129.84615384615384
ANODE-p1,2,141,1.0,128.0
ANODE-p1,2,142,1.0,126.61538461538461
ANODE-p1,2,143,1.0,128.0
ANODE-p1,2,144,1.0,127.53846153846153
ANODE-p1,2,145,1.0,128.0
ANODE-p1,2,146,1.0,126.15384615384616
ANODE-p1,2,147,1.0,126.15384615384616
ANODE-p1,2,148,1.0,128.92307692307693
ANODE-p1,2,149,1.0,128.0
ANODE-p1,2,150,1.0,126.61538461538461
ANODE-p1,2,151,1.0,130.76923076923077
ANODE-p1,2,152,1.0,127.53846153846153
ANODE-p1,2,153,1.0,127.53846153846153
ANODE-p1,2,154,1.0,128.46153846153845
ANODE-p1,2,155,1.0,128.92307692307693
ANODE-p1,2,156,1.0,128.92307692307693
ANODE-p1,2,157,1.0,125.6923076923077
ANODE-p1,2,158,1.0,128.46153846153845
ANODE-p1,2,159,1.0,129.3846153846154
ANODE-p1,2,160,1.0,128.0
ANODE-p1,2,161,1.0,129.3846153846154
ANODE-p1,2,162,1.0,129.84615384615384
ANODE-p1,2,163,1.0,129.3846153846154
ANODE-p1,2,164,1.0,127.53846153846153
ANODE-p1,2,165,1.0,127.53846153846153
ANODE-p1,2,166,1.0,128.46153846153845
ANODE-p1,2,167,1.0,128.92307692307693
ANODE-p1,2,168,1.0,128.0
ANODE-p1,2,169,1.0,129.84615384615384
ANODE-p1,2,170,1.0,128.46153846153845
ANODE-p1,2,171,1.0,129.84615384615384
ANODE-p1,2,172,1.0,128.0
ANODE-p1,2,173,1.0,127.07692307692308
ANODE-p1,2,174,1.0,128.0
ANODE-p1,2,175,1.0,127.53846153846153
ANODE-p1,2,176,1.0,128.46153846153845
ANODE-p1,2,177,1.0,127.07692307692308
ANODE-p1,2,178,1.0,128.92307692307693
ANODE-p1,2,179,1.0,128.92307692307693
ANODE-p1,2,180,1.0,129.3846153846154
ANODE-p1,2,181,1.0,129.84615384615384
ANODE-p1,2,182,1.0,128.0
ANODE-p1,2,183,1.0,127.53846153846153
ANODE-p1,2,184,1.0,129.3846153846154
ANODE-p1,2,185,1.0,128.92307692307693
ANODE-p1,2,186,1.0,128.46153846153845
ANODE-p1,2,187,1.0,129.3846153846154
ANODE-p1,2,188,1.0,127.53846153846153
ANODE-p1,2,189,1.0,131.23076923076923
ANODE-p1,2,190,1.0,127.53846153846153
ANODE-p1,2,191,1.0,127.53846153846153
ANODE-p1,2,192,1.0,126.61538461538461
ANODE-p1,2,193,1.0,133.07692307692307
ANODE-p1,2,194,1.0,130.76923076923077
ANODE-p1,2,195,1.0,127.53846153846153
ANODE-p1,2,196,1.0,129.84615384615384
ANODE-p1,2,197,1.0,129.3846153846154
ANODE-p1,2,198,1.0,126.15384615384616
ANODE-p1,2,199,1.0,128.46153846153845
ANODE-p1,2,200,1.0,128.46153846153845
ANODE-p1,2,201,1.0,128.0
ANODE-p1,2,202,1.0,129.84615384615384
ANODE-p1,2,203,1.0,132.15384615384616
ANODE-p1,2,204,1.0,127.53846153846153
ANODE-p1,2,205,1.0,129.84615384615384
ANODE-p1,2,206,1.0,128.0
ANODE-p1,2,207,1.0,128.46153846153845
ANODE-p1,2,208,1.0,130.30769230769232
ANODE-p1,2,209,1.0,128.46153846153845
ANODE-p1,2,210,1.0,126.61538461538461
ANODE-p1,2,211,1.0,131.23076923076923
ANODE-p1,2,212,1.0,127.53846153846153
ANODE-p1,2,213,1.0,129.3846153846154
ANODE-p1,2,214,1.0,127.53846153846153
ANODE-p1,2,215,1.0,132.15384615384616
ANODE-p1,2,216,1.0,127.53846153846153
ANODE-p1,2,217,1.0,130.76923076923077
ANODE-p1,2,218,1.0,129.84615384615384
ANODE-p1,2,219,1.0,134.46153846153845
ANODE-p1,2,220,1.0,128.46153846153845
ANODE-p1,2,221,1.0,126.61538461538461
ANODE-p1,2,222,1.0,129.84615384615384
ANODE-p1,2,223,1.0,128.46153846153845
ANODE-p1,2,224,1.0,127.07692307692308
ANODE-p1,2,225,1.0,128.92307692307693
ANODE-p1,2,226,1.0,130.30769230769232
ANODE-p1,2,227,1.0,129.3846153846154
ANODE-p1,2,228,1.0,130.76923076923077
ANODE-p1,2,229,1.0,131.23076923076923
ANODE-p1,2,230,1.0,131.23076923076923
ANODE-p1,2,231,1.0,127.07692307692308
ANODE-p1,2,232,1.0,130.30769230769232
ANODE-p1,2,233,1.0,129.3846153846154
ANODE-p1,2,234,1.0,129.3846153846154
ANODE-p1,2,235,1.0,128.46153846153845
ANODE-p1,2,236,1.0,129.84615384615384
ANODE-p1,2,237,1.0,131.69230769230768
ANODE-p1,2,238,1.0,128.46153846153845
ANODE-p1,2,239,1.0,128.92307692307693
ANODE-p1,2,240,1.0,129.3846153846154
ANODE-p1,2,241,1.0,129.3846153846154
ANODE-p1,2,242,1.0,129.3846153846154
ANODE-p1,2,243,1.0,129.3846153846154
ANODE-p1,2,244,1.0,129.3846153846154
ANODE-p1,2,245,1.0,128.46153846153845
ANODE-p1,2,246,1.0,127.07692307692308
ANODE-p1,2,247,1.0,129.3846153846154
ANODE-p1,2,248,1.0,127.53846153846153
ANODE-p1,2,249,1.0,128.46153846153845
ANODE-p1,2,250,1.0,129.3846153846154
ANODE-p1,2,251,1.0,130.30769230769232
ANODE-p1,2,252,1.0,128.46153846153845
ANODE-p1,2,253,1.0,131.69230769230768
ANODE-p1,2,254,1.0,131.69230769230768
ANODE-p1,2,255,1.0,128.92307692307693
ANODE-p1,2,256,1.0,131.23076923076923
ANODE-p1,2,257,1.0,131.23076923076923
ANODE-p1,2,258,1.0,129.3846153846154
ANODE-p1,2,259,1.0,131.69230769230768
ANODE-p1,2,260,1.0,131.23076923076923
ANODE-p1,2,261,1.0,129.84615384615384
ANODE-p1,2,262,1.0,129.84615384615384
ANODE-p1,2,263,1.0,129.3846153846154
ANODE-p1,2,264,1.0,129.3846153846154
ANODE-p1,2,265,1.0,130.76923076923077
ANODE-p1,2,266,1.0,130.30769230769232
ANODE-p1,2,267,1.0,132.6153846153846
ANODE-p1,2,268,1.0,130.76923076923077
ANODE-p1,2,269,1.0,130.30769230769232
ANODE-p1,2,270,1.0,128.92307692307693
ANODE-p1,2,271,1.0,130.30769230769232
ANODE-p1,2,272,1.0,128.92307692307693
ANODE-p1,2,273,1.0,130.76923076923077
ANODE-p1,2,274,1.0,131.69230769230768
ANODE-p1,2,275,1.0,128.92307692307693
ANODE-p1,2,276,1.0,132.15384615384616
ANODE-p1,2,277,1.0,129.84615384615384
ANODE-p1,2,278,1.0,129.84615384615384
ANODE-p1,2,279,1.0,130.76923076923077
ANODE-p1,2,280,1.0,130.30769230769232
ANODE-p1,2,281,1.0,133.07692307692307
ANODE-p1,2,282,1.0,130.76923076923077
ANODE-p1,2,283,1.0,132.15384615384616
ANODE-p1,2,284,1.0,130.30769230769232
ANODE-p1,2,285,1.0,131.23076923076923
ANODE-p1,2,286,1.0,128.46153846153845
ANODE-p1,2,287,1.0,130.30769230769232
ANODE-p1,2,288,1.0,131.69230769230768
ANODE-p1,2,289,1.0,131.23076923076923
ANODE-p1,2,290,1.0,134.0
ANODE-p1,2,291,1.0,129.84615384615384
ANODE-p1,2,292,1.0,131.23076923076923
ANODE-p1,2,293,1.0,128.92307692307693
ANODE-p1,2,294,1.0,130.30769230769232
ANODE-p1,2,295,1.0,132.6153846153846
ANODE-p1,2,296,1.0,132.15384615384616
ANODE-p1,2,297,1.0,128.92307692307693
ANODE-p1,2,298,1.0,127.07692307692308
ANODE-p1,2,299,1.0,130.76923076923077
ANODE-p1,2,300,1.0,134.0
ANODE-p1,2,301,1.0,130.76923076923077
ANODE-p1,2,302,1.0,129.3846153846154
ANODE-p1,2,303,1.0,130.30769230769232
ANODE-p1,2,304,1.0,133.07692307692307
ANODE-p1,2,305,1.0,132.15384615384616
ANODE-p1,2,306,1.0,131.69230769230768
ANODE-p1,2,307,1.0,131.69230769230768
ANODE-p1,2,308,1.0,134.92307692307693
ANODE-p1,2,309,1.0,131.69230769230768
ANODE-p1,2,310,1.0,129.84615384615384
ANODE-p1,2,311,1.0,131.23076923076923
ANODE-p1,2,312,1.0,128.0
ANODE-p1,2,313,1.0,127.53846153846153
ANODE-p1,2,314,1.0,131.69230769230768
ANODE-p1,2,315,1.0,129.3846153846154
ANODE-p1,2,316,1.0,129.84615384615384
ANODE-p1,2,317,1.0,130.30769230769232
ANODE-p1,2,318,1.0,130.76923076923077
ANODE-p1,2,319,1.0,131.69230769230768
ANODE-p1,2,320,1.0,129.84615384615384
ANODE-p1,2,321,1.0,132.6153846153846
ANODE-p1,2,322,1.0,131.69230769230768
ANODE-p1,2,323,1.0,130.30769230769232
ANODE-p1,2,324,1.0,131.23076923076923
ANODE-p1,2,325,1.0,129.84615384615384
ANODE-p1,2,326,1.0,131.23076923076923
ANODE-p1,2,327,1.0,130.30769230769232
ANODE-p1,2,328,1.0,131.23076923076923
ANODE-p1,2,329,1.0,130.76923076923077
ANODE-p1,2,330,1.0,131.69230769230768
ANODE-p1,2,331,1.0,131.23076923076923
ANODE-p1,2,332,1.0,129.3846153846154
ANODE-p1,2,333,1.0,131.23076923076923
ANODE-p1,2,334,1.0,131.69230769230768
ANODE-p1,2,335,1.0,133.53846153846155
ANODE-p1,2,336,1.0,130.30769230769232
ANODE-p1,2,337,1.0,134.46153846153845
ANODE-p1,2,338,1.0,132.15384615384616
ANODE-p1,2,339,1.0,130.30769230769232
ANODE-p1,2,340,1.0,132.15384615384616
ANODE-p1,2,341,1.0,131.23076923076923
ANODE-p1,2,342,1.0,127.07692307692308
ANODE-p1,2,343,1.0,131.23076923076923
ANODE-p1,2,344,1.0,133.07692307692307
ANODE-p1,2,345,1.0,133.07692307692307
ANODE-p1,2,346,1.0,130.30769230769232
ANODE-p1,2,347,1.0,133.53846153846155
ANODE-p1,2,348,1.0,132.15384615384616
ANODE-p1,2,349,1.0,129.84615384615384
ANODE-p1,2,350,1.0,131.69230769230768
ANODE-p1,2,351,1.0,130.76923076923077
ANODE-p1,2,352,1.0,132.15384615384616
ANODE-p1,2,353,1.0,130.30769230769232
ANODE-p1,2,354,1.0,129.3846153846154
ANODE-p1,2,355,1.0,130.76923076923077
ANODE-p1,2,356,1.0,130.76923076923077
ANODE-p1,2,357,1.0,132.15384615384616
ANODE-p1,2,358,1.0,130.30769230769232
ANODE-p1,2,359,1.0,130.76923076923077
ANODE-p1,2,360,1.0,131.23076923076923
ANODE-p1,2,361,1.0,130.30769230769232
ANODE-p1,2,362,1.0,130.76923076923077
ANODE-p1,2,363,1.0,133.07692307692307
ANODE-p1,2,364,1.0,129.3846153846154
ANODE-p1,2,365,1.0,132.6153846153846
ANODE-p1,2,366,1.0,132.15384615384616
ANODE-p1,2,367,1.0,131.69230769230768
ANODE-p1,2,368,1.0,130.76923076923077
ANODE-p1,2,369,1.0,131.69230769230768
ANODE-p1,2,370,1.0,133.53846153846155
ANODE-p1,2,371,1.0,132.15384615384616
ANODE-p1,2,372,1.0,132.15384615384616
ANODE-p1,2,373,1.0,130.76923076923077
ANODE-p1,2,374,1.0,130.30769230769232
ANODE-p1,2,375,1.0,131.69230769230768
ANODE-p1,2,376,1.0,131.69230769230768
ANODE-p1,2,377,1.0,135.3846153846154
ANODE-p1,2,378,1.0,131.23076923076923
ANODE-p1,2,379,1.0,131.23076923076923
ANODE-p1,2,380,1.0,131.23076923076923
ANODE-p1,2,381,1.0,130.76923076923077
ANODE-p1,2,382,1.0,130.76923076923077
ANODE-p1,2,383,1.0,131.23076923076923
ANODE-p1,2,384,1.0,130.76923076923077
ANODE-p1,2,385,1.0,134.0
ANODE-p1,2,386,1.0,131.69230769230768
ANODE-p1,2,387,1.0,129.3846153846154
ANODE-p1,2,388,1.0,131.23076923076923
ANODE-p1,2,389,1.0,130.30769230769232
ANODE-p1,2,390,1.0,131.69230769230768
ANODE-p1,2,391,1.0,134.0
ANODE-p1,2,392,1.0,131.69230769230768
ANODE-p1,2,393,1.0,130.30769230769232
ANODE-p1,2,394,1.0,129.84615384615384
ANODE-p1,2,395,1.0,130.76923076923077
ANODE-p1,2,396,1.0,134.0
ANODE-p1,2,397,1.0,130.76923076923077
ANODE-p1,2,398,1.0,131.23076923076923
ANODE-p1,2,399,1.0,132.6153846153846
ANODE-p1,2,400,1.0,130.30769230769232
ANODE-p1,2,401,1.0,132.6153846153846
ANODE-p1,2,402,1.0,132.15384615384616
ANODE-p1,2,403,1.0,133.07692307692307
ANODE-p1,2,404,1.0,131.69230769230768
ANODE-p1,2,405,1.0,131.23076923076923
ANODE-p1,2,406,1.0,131.69230769230768
ANODE-p1,2,407,1.0,133.53846153846155
ANODE-p1,2,408,1.0,132.6153846153846
ANODE-p1,2,409,1.0,128.92307692307693
ANODE-p1,2,410,1.0,130.76923076923077
ANODE-p1,2,411,1.0,131.23076923076923
ANODE-p1,2,412,1.0,130.76923076923077
ANODE-p1,2,413,1.0,130.76923076923077
ANODE-p1,2,414,1.0,130.30769230769232
ANODE-p1,2,415,1.0,132.15384615384616
ANODE-p1,2,416,1.0,132.15384615384616
ANODE-p1,2,417,1.0,131.23076923076923
ANODE-p1,2,418,1.0,134.0
ANODE-p1,2,419,1.0,132.15384615384616
ANODE-p1,2,420,1.0,133.07692307692307
ANODE-p1,2,421,1.0,133.53846153846155
ANODE-p1,2,422,1.0,130.30769230769232
ANODE-p1,2,423,1.0,130.30769230769232
ANODE-p1,2,424,1.0,130.30769230769232
ANODE-p1,2,425,1.0,131.69230769230768
ANODE-p1,2,426,1.0,131.69230769230768
ANODE-p1,2,427,1.0,131.23076923076923
ANODE-p1,2,428,1.0,131.69230769230768
ANODE-p1,2,429,1.0,131.69230769230768
ANODE-p1,2,430,1.0,133.53846153846155
ANODE-p1,2,431,1.0,132.15384615384616
ANODE-p1,2,432,1.0,131.23076923076923
ANODE-p1,2,433,1.0,133.53846153846155
ANODE-p1,2,434,1.0,131.23076923076923
ANODE-p1,2,435,1.0,130.76923076923077
ANODE-p1,2,436,1.0,131.69230769230768
ANODE-p1,2,437,1.0,132.6153846153846
ANODE-p1,2,438,1.0,131.23076923076923
ANODE-p1,2,439,1.0,132.6153846153846
ANODE-p1,2,440,1.0,132.15384615384616
ANODE-p1,2,441,1.0,130.76923076923077
ANODE-p1,2,442,1.0,131.69230769230768
ANODE-p1,2,443,1.0,131.69230769230768
ANODE-p1,2,444,1.0,132.15384615384616
ANODE-p1,2,445,1.0,134.0
ANODE-p1,2,446,1.0,134.46153846153845
ANODE-p1,2,447,1.0,131.23076923076923
ANODE-p1,2,448,1.0,132.15384615384616
ANODE-p1,2,449,1.0,131.23076923076923
ANODE-p1,2,450,1.0,132.15384615384616
ANODE-p1,2,451,1.0,134.92307692307693
ANODE-p1,2,452,1.0,129.3846153846154
ANODE-p1,2,453,1.0,133.53846153846155
ANODE-p1,2,454,1.0,132.6153846153846
ANODE-p1,2,455,1.0,134.0
ANODE-p1,2,456,1.0,129.3846153846154
ANODE-p1,2,457,1.0,132.6153846153846
ANODE-p1,2,458,1.0,131.69230769230768
ANODE-p1,2,459,1.0,130.30769230769232
ANODE-p1,2,460,1.0,132.15384615384616
ANODE-p1,2,461,1.0,131.23076923076923
ANODE-p1,2,462,1.0,131.69230769230768
ANODE-p1,2,463,1.0,132.15384615384616
ANODE-p1,2,464,1.0,131.69230769230768
ANODE-p1,2,465,1.0,131.23076923076923
ANODE-p1,2,466,1.0,132.15384615384616
ANODE-p1,2,467,1.0,132.15384615384616
ANODE-p1,2,468,1.0,133.07692307692307
ANODE-p1,2,469,1.0,130.76923076923077
ANODE-p1,2,470,1.0,131.69230769230768
ANODE-p1,2,471,1.0,132.15384615384616
ANODE-p1,2,472,1.0,131.69230769230768
ANODE-p1,2,473,1.0,129.84615384615384
ANODE-p1,2,474,1.0,133.53846153846155
ANODE-p1,2,475,1.0,133.07692307692307
ANODE-p1,2,476,1.0,131.69230769230768
ANODE-p1,2,477,1.0,132.15384615384616
ANODE-p1,2,478,1.0,134.46153846153845
ANODE-p1,2,479,1.0,132.15384615384616
ANODE-p1,2,480,1.0,132.15384615384616
ANODE-p1,2,481,1.0,128.92307692307693
ANODE-p1,2,482,1.0,130.76923076923077
ANODE-p1,2,483,1.0,131.69230769230768
ANODE-p1,2,484,1.0,130.76923076923077
ANODE-p1,2,485,1.0,133.07692307692307
ANODE-p1,2,486,1.0,134.46153846153845
ANODE-p1,2,487,1.0,132.6153846153846
ANODE-p1,2,488,1.0,134.0
ANODE-p1,2,489,1.0,133.07692307692307
ANODE-p1,2,490,1.0,129.84615384615384
ANODE-p1,2,491,1.0,131.69230769230768
ANODE-p1,2,492,1.0,134.0
ANODE-p1,2,493,1.0,134.0
ANODE-p1,2,494,1.0,133.53846153846155
ANODE-p1,2,495,1.0,132.6153846153846
ANODE-p1,2,496,1.0,132.6153846153846
ANODE-p1,2,497,1.0,133.07692307692307
ANODE-p1,2,498,1.0,134.92307692307693
ANODE-p1,2,499,1.0,131.69230769230768
ANODE-p1,2,500,1.0,134.0
ANODE-p1,3,1,0.4425,44.0
ANODE-p1,3,2,0.54,46.76923076923077
ANODE-p1,3,3,0.7,56.46153846153846
ANODE-p1,3,4,0.85875,75.38461538461539
ANODE-p1,3,5,1.0,102.15384615384616
ANODE-p1,3,6,1.0,132.6153846153846
ANODE-p1,3,7,0.9975,155.69230769230768
ANODE-p1,3,8,0.97375,157.53846153846155
ANODE-p1,3,9,0.98625,151.53846153846155
ANODE-p1,3,10,1.0,154.76923076923077
ANODE-p1,3,11,0.99875,153.84615384615384
ANODE-p1,3,12,0.9975,153.3846153846154
ANODE-p1,3,13,1.0,151.53846153846155
ANODE-p1,3,14,1.0,150.15384615384616
ANODE-p1,3,15,1.0,151.07692307692307
ANODE-p1,3,16,1.0,152.46153846153845
ANODE-p1,3,17,1.0,150.15384615384616
ANODE-p1,3,18,1.0,149.23076923076923
ANODE-p1,3,19,1.0,150.6153846153846
ANODE-p1,3,20,1.0,150.6153846153846
ANODE-p1,3,21,1.0,152.0
ANODE-p1,3,22,1.0,150.6153846153846
ANODE-p1,3,23,1.0,151.07692307692307
ANODE-p1,3,24,1.0,150.6153846153846
ANODE-p1,3,25,1.0,151.07692307692307
ANODE-p1,3,26,1.0,151.53846153846155
ANODE-p1,3,27,1.0,152.46153846153845
ANODE-p1,3,28,1.0,152.92307692307693
ANODE-p1,3,29,1.0,153.84615384615384
ANODE-p1,3,30,1.0,152.0
ANODE-p1,3,31,1.0,153.3846153846154
ANODE-p1,3,32,1.0,152.46153846153845
ANODE-p1,3,33,1.0,151.53846153846155
ANODE-p1,3,34,1.0,152.92307692307693
ANODE-p1,3,35,1.0,151.53846153846155
ANODE-p1,3,36,1.0,152.92307692307693
ANODE-p1,3,37,1.0,152.46153846153845
ANODE-p1,3,38,1.0,151.53846153846155
ANODE-p1,3,39,1.0,153.84615384615384
ANODE-p1,3,40,1.0,152.0
ANODE-p1,3,41,1.0,154.76923076923077
ANODE-p1,3,42,1.0,152.0
ANODE-p1,3,43,1.0,153.84615384615384
ANODE-p1,3,44,1.0,153.3846153846154
ANODE-p1,3,45,1.0,153.84615384615384
ANODE-p1,3,46,1.0,153.84615384615384
ANODE-p1,3,47,1.0,155.69230769230768
ANODE-p1,3,48,1.0,153.84615384615384
ANODE-p1,3,49,1.0,155.69230769230768
ANODE-p1,3,50,1.0,154.76923076923077
ANODE-p1,3,51,1.0,155.69230769230768
ANODE-p1,3,52,1.0,153.3846153846154
ANODE-p1,3,53,1.0,154.30769230769232
ANODE-p1,3,54,1.0,151.07692307692307
ANODE-p1,3,55,1.0,153.3846153846154
ANODE-p1,3,56,1.0,153.84615384615384
ANODE-p1,3,57,1.0,155.69230769230768
ANODE-p1,3,58,1.0,153.3846153846154
ANODE-p1,3,59,1.0,153.3846153846154
ANODE-p1,3,60,1.0,154.30769230769232
ANODE-p1,3,61,1.0,152.92307692307693
ANODE-p1,3,62,1.0,157.53846153846155
ANODE-p1,3,63,1.0,155.69230769230768
ANODE-p1,3,64,1.0,153.84615384615384
ANODE-p1,3,65,1.0,152.0
ANODE-p1,3,66,1.0,152.46153846153845
ANODE-p1,3,67,1.0,153.3846153846154
ANODE-p1,3,68,1.0,152.46153846153845
ANODE-p1,3,69,1.0,153.3846153846154
ANODE-p1,3,70,1.0,152.46153846153845
ANODE-p1,3,71,1.0,153.84615384615384
ANODE-p1,3,72,1.0,155.23076923076923
ANODE-p1,3,73,1.0,155.69230769230768
ANODE-p1,3,74,1.0,153.84615384615384
ANODE-p1,3,75,1.0,155.69230769230768
ANODE-p1,3,76,1.0,156.15384615384616
ANODE-p1,3,77,1.0,153.3846153846154
ANODE-p1,3,78,1.0,153.84615384615384
ANODE-p1,3,79,1.0,155.69230769230768
ANODE-p1,3,80,1.0,155.23076923076923
ANODE-p1,3,81,1.0,155.69230769230768
ANODE-p1,3,82,1.0,155.69230769230768
ANODE-p1,3,83,1.0,154.76923076923077
ANODE-p1,3,84,1.0,152.92307692307693
ANODE-p1,3,85,1.0,158.0
ANODE-p1,3,86,1.0,153.84615384615384
ANODE-p1,3,87,1.0,154.76923076923077
ANODE-p1,3,88,1.0,156.15384615384616
ANODE-p1,3,89,1.0,156.15384615384616
ANODE-p1,3,90,1.0,155.23076923076923
ANODE-p1,3,91,1.0,156.15384615384616
ANODE-p1,3,92,1.0,153.84615384615384
ANODE-p1,3,93,1.0,154.76923076923077
ANODE-p1,3,94,1.0,157.53846153846155
ANODE-p1,3,95,1.0,155.23076923076923
ANODE-p1,3,96,1.0,154.76923076923077
ANODE-p1,3,97,1.0,154.76923076923077
ANODE-p1,3,98,1.0,154.76923076923077
ANODE-p1,3,99,1.0,152.46153846153845
ANODE-p1,3,100,1.0,154.30769230769232
ANODE-p1,3,101,1.0,152.92307692307693
ANODE-p1,3,102,1.0,153.3846153846154
ANODE-p1,3,103,1.0,154.30769230769232
ANODE-p1,3,104,1.0,152.0
ANODE-p1,3,105,1.0,154.76923076923077
ANODE-p1,3,106,1.0,154.30769230769232
ANODE-p1,3,107,1.0,152.92307692307693
ANODE-p1,3,108,1.0,152.92307692307693
ANODE-p1,3,109,1.0,157.07692307692307
ANODE-p1,3,110,1.0,154.76923076923077
ANODE-p1,3,111,1.0,152.46153846153845
ANODE-p1,3,112,1.0,153.84615384615384
ANODE-p1,3,113,1.0,155.23076923076923
ANODE-p1,3,114,1.0,156.15384615384616
ANODE-p1,3,115,1.0,152.92307692307693
ANODE-p1,3,116,1.0,156.15384615384616
ANODE-p1,3,117,1.0,152.46153846153845
ANODE-p1,3,118,1.0,153.3846153846154
ANODE-p1,3,119,1.0,155.23076923076923
ANODE-p1,3,120,1.0,153.84615384615384
ANODE-p1,3,121,1.0,151.07692307692307
ANODE-p1,3,122,1.0,155.69230769230768
ANODE-p1,3,123,1.0,153.3846153846154
ANODE-p1,3,124,1.0,152.92307692307693
ANODE-p1,3,125,1.0,155.23076923076923
ANODE-p1,3,126,1.0,155.23076923076923
ANODE-p1,3,127,1.0,154.76923076923077
ANODE-p1,3,128,1.0,156.15384615384616
ANODE-p1,3,129,1.0,156.15384615384616
ANODE-p1,3,130,1.0,153.3846153846154
ANODE-p1,3,131,1.0,153.84615384615384
ANODE-p1,3,132,1.0,156.15384615384616
ANODE-p1,3,133,1.0,153.84615384615384
ANODE-p1,3,134,1.0,154.76923076923077
ANODE-p1,3,135,1.0,152.92307692307693
ANODE-p1,3,136,1.0,156.15384615384616
ANODE-p1,3,137,1.0,156.15384615384616
ANODE-p1,3,138,1.0,152.0
ANODE-p1,3,139,1.0,153.84615384615384
ANODE-p1,3,140,1.0,153.84615384615384
ANODE-p1,3,141,1.0,153.3846153846154
ANODE-p1,3,142,1.0,154.30769230769232
ANODE-p1,3,143,1.0,155.23076923076923
ANODE-p1,3,144,1.0,156.15384615384616
ANODE-p1,3,145,1.0,156.15384615384616
ANODE-p1,3,146,1.0,156.6153846153846
ANODE-p1,3,147,1.0,154.76923076923077
ANODE-p1,3,148,1.0,157.07692307692307
ANODE-p1,3,149,1.0,156.15384615384616
ANODE-p1,3,150,1.0,154.30769230769232
ANODE-p1,3,151,1.0,156.6153846153846
ANODE-p1,3,152,1.0,153.84615384615384
ANODE-p1,3,153,1.0,154.76923076923077
ANODE-p1,3,154,1.0,157.53846153846155
ANODE-p1,3,155,1.0,154.30769230769232
ANODE-p1,3,156,1.0,155.69230769230768
ANODE-p1,3,157,1.0,152.92307692307693
ANODE-p1,3,158,1.0,153.3846153846154
ANODE-p1,3,159,1.0,152.92307692307693
ANODE-p1,3,160,1.0,154.76923076923077
ANODE-p1,3,161,1.0,154.76923076923077
ANODE-p1,3,162,1.0,153.3846153846154
ANODE-p1,3,163,1.0,156.6153846153846
ANODE-p1,3,164,1.0,154.76923076923077
ANODE-p1,3,165,1.0,155.69230769230768
ANODE-p1,3,166,1.0,154.76923076923077
ANODE-p1,3,167,1.0,157.07692307692307
ANODE-p1,3,168,1.0,155.23076923076923
ANODE-p1,3,169,1.0,156.15384615384616
ANODE-p1,3,170,1.0,153.84615384615384
ANODE-p1,3,171,1.0,153.84615384615384
ANODE-p1,3,172,1.0,155.23076923076923
ANODE-p1,3,173,1.0,154.76923076923077
ANODE-p1,3,174,1.0,156.6153846153846
ANODE-p1,3,175,1.0,154.30769230769232
ANODE-p1,3,176,1.0,156.15384615384616
ANODE-p1,3,177,1.0,156.15384615384616
ANODE-p1,3,178,1.0,157.07692307692307
ANODE-p1,3,179,1.0,154.30769230769232
ANODE-p1,3,180,1.0,157.53846153846155
ANODE-p1,3,181,1.0,155.69230769230768
ANODE-p1,3,182,1.0,153.3846153846154
ANODE-p1,3,183,1.0,152.92307692307693
ANODE-p1,3,184,1.0,156.15384615384616
ANODE-p1,3,185,1.0,156.15384615384616
ANODE-p1,3,186,1.0,155.23076923076923
ANODE-p1,3,187,1.0,153.84615384615384
ANODE-p1,3,188,1.0,153.84615384615384
ANODE-p1,3,189,1.0,157.07692307692307
ANODE-p1,3,190,1.0,155.69230769230768
ANODE-p1,3,191,1.0,153.84615384615384
ANODE-p1,3,192,1.0,152.92307692307693
ANODE-p1,3,193,1.0,153.84615384615384
ANODE-p1,3,194,1.0,153.84615384615384
ANODE-p1,3,195,1.0,156.6153846153846
ANODE-p1,3,196,1.0,157.07692307692307
ANODE-p1,3,197,1.0,156.15384615384616
ANODE-p1,3,198,1.0,156.15384615384616
ANODE-p1,3,199,1.0,156.15384615384616
ANODE-p1,3,200,1.0,154.30769230769232
ANODE-p1,3,201,1.0,157.07692307692307
ANODE-p1,3,202,1.0,154.76923076923077
ANODE-p1,3,203,1.0,156.6153846153846
ANODE-p1,3,204,1.0,158.0
ANODE-p1,3,205,1.0,158.0
ANODE-p1,3,206,1.0,155.23076923076923
ANODE-p1,3,207,1.0,154.30769230769232
ANODE-p1,3,208,1.0,157.53846153846155
ANODE-p1,3,209,1.0,156.15384615384616
ANODE-p1,3,210,1.0,155.69230769230768
ANODE-p1,3,211,1.0,155.23076923076923
ANODE-p1,3,212,1.0,156.6153846153846
ANODE-p1,3,213,1.0,154.30769230769232
ANODE-p1,3,214,1.0,154.76923076923077
ANODE-p1,3,215,1.0,156.15384615384616
ANODE-p1,3,216,1.0,154.76923076923077
ANODE-p1,3,217,1.0,153.84615384615384
ANODE-p1,3,218,1.0,155.69230769230768
ANODE-p1,3,219,1.0,154.30769230769232
ANODE-p1,3,220,1.0,156.6153846153846
ANODE-p1,3,221,1.0,156.6153846153846
ANODE-p1,3,222,1.0,155.23076923076923
ANODE-p1,3,223,1.0,157.07692307692307
ANODE-p1,3,224,1.0,156.15384615384616
ANODE-p1,3,225,1.0,152.92307692307693
ANODE-p1,3,226,1.0,158.0
ANODE-p1,3,227,1.0,156.15384615384616
ANODE-p1,3,228,1.0,157.07692307692307
ANODE-p1,3,229,1.0,155.69230769230768
ANODE-p1,3,230,1.0,155.69230769230768
ANODE-p1,3,231,1.0,155.23076923076923
ANODE-p1,3,232,1.0,154.76923076923077
ANODE-p1,3,233,1.0,154.30769230769232
ANODE-p1,3,234,1.0,155.23076923076923
ANODE-p1,3,235,1.0,154.30769230769232
ANODE-p1,3,236,1.0,153.3846153846154
ANODE-p1,3,237,1.0,155.23076923076923
ANODE-p1,3,238,1.0,156.15384615384616
ANODE-p1,3,239,1.0,157.53846153846155
ANODE-p1,3,240,1.0,155.23076923076923
ANODE-p1,3,241,1.0,155.23076923076923
ANODE-p1,3,242,1.0,154.30769230769232
ANODE-p1,3,243,1.0,157.53846153846155
ANODE-p1,3,244,1.0,154.76923076923077
ANODE-p1,3,245,1.0,157.07692307692307
ANODE-p1,3,246,1.0,154.30769230769232
ANODE-p1,3,247,1.0,156.6153846153846
ANODE-p1,3,248,1.0,154.30769230769232
ANODE-p1,3,249,1.0,157.07692307692307
ANODE-p1,3,250,1.0,156.6153846153846
ANODE-p1,3,251,1.0,157.53846153846155
ANODE-p1,3,252,1.0,153.3846153846154
ANODE-p1,3,253,1.0,155.69230769230768
ANODE-p1,3,254,1.0,154.30769230769232
ANODE-p1,3,255,1.0,156.15384615384616
ANODE-p1,3,256,1.0,154.76923076923077
ANODE-p1,3,257,1.0,155.69230769230768
ANODE-p1,3,258,1.0,157.07692307692307
ANODE-p1,3,259,1.0,153.84615384615384
ANODE-p1,3,260,1.0,155.69230769230768
ANODE-p1,3,261,1.0,156.15384615384616
ANODE-p1,3,262,1.0,153.84615384615384
ANODE-p1,3,263,1.0,158.92307692307693
ANODE-p1,3,264,1.0,155.23076923076923
ANODE-p1,3,265,1.0,158.0
ANODE-p1,3,266,1.0,157.53846153846155
ANODE-p1,3,267,1.0,158.0
ANODE-p1,3,268,1.0,156.15384615384616
ANODE-p1,3,269,1.0,155.23076923076923
ANODE-p1,3,270,1.0,155.23076923076923
ANODE-p1,3,271,1.0,155.23076923076923
ANODE-p1,3,272,1.0,156.15384615384616
ANODE-p1,3,273,1.0,153.3846153846154
ANODE-p1,3,274,1.0,155.69230769230768
ANODE-p1,3,275,1.0,155.69230769230768
ANODE-p1,3,276,1.0,158.0
ANODE-p1,3,277,1.0,155.23076923076923
ANODE-p1,3,278,1.0,157.07692307692307
ANODE-p1,3,279,1.0,158.46153846153845
ANODE-p1,3,280,1.0,156.6153846153846
ANODE-p1,3,281,1.0,160.30769230769232
ANODE-p1,3,282,1.0,157.53846153846155
ANODE-p1,3,283,1.0,157.07692307692307
ANODE-p1,3,284,1.0,155.69230769230768
ANODE-p1,3,285,1.0,154.30769230769232
ANODE-p1,3,286,1.0,156.6153846153846
ANODE-p1,3,287,1.0,154.30769230769232
ANODE-p1,3,288,1.0,158.0
ANODE-p1,3,289,1.0,155.69230769230768
ANODE-p1,3,290,1.0,159.3846153846154
ANODE-p1,3,291,1.0,156.6153846153846
ANODE-p1,3,292,1.0,155.23076923076923
ANODE-p1,3,293,1.0,155.69230769230768
ANODE-p1,3,294,1.0,154.30769230769232
ANODE-p1,3,295,1.0,153.3846153846154
ANODE-p1,3,296,1.0,156.6153846153846
ANODE-p1,3,297,1.0,155.23076923076923
ANODE-p1,3,298,1.0,155.69230769230768
ANODE-p1,3,299,1.0,156.6153846153846
ANODE-p1,3,300,1.0,155.69230769230768
ANODE-p1,3,301,1.0,154.30769230769232
ANODE-p1,3,302,1.0,155.23076923076923
ANODE-p1,3,303,1.0,157.53846153846155
ANODE-p1,3,304,1.0,154.76923076923077
ANODE-p1,3,305,1.0,156.15384615384616
ANODE-p1,3,306,1.0,154.76923076923077
ANODE-p1,3,307,1.0,154.76923076923077
ANODE-p1,3,308,1.0,154.76923076923077
ANODE-p1,3,309,1.0,158.0
ANODE-p1,3,310,1.0,153.84615384615384
ANODE-p1,3,311,1.0,153.84615384615384
ANODE-p1,3,312,1.0,155.23076923076923
ANODE-p1,3,313,1.0,152.46153846153845
ANODE-p1,3,314,1.0,157.07692307692307
ANODE-p1,3,315,1.0,157.07692307692307
ANODE-p1,3,316,1.0,156.15384615384616
ANODE-p1,3,317,1.0,157.07692307692307
ANODE-p1,3,318,1.0,153.84615384615384
ANODE-p1,3,319,1.0,154.30769230769232
ANODE-p1,3,320,1.0,154.30769230769232
ANODE-p1,3,321,1.0,157.07692307692307
ANODE-p1,3,322,1.0,154.76923076923077
ANODE-p1,3,323,1.0,155.23076923076923
ANODE-p1,3,324,1.0,155.23076923076923
ANODE-p1,3,325,1.0,156.6153846153846
ANODE-p1,3,326,1.0,156.15384615384616
ANODE-p1,3,327,1.0,156.15384615384616
ANODE-p1,3,328,1.0,155.69230769230768
ANODE-p1,3,329,1.0,156.6153846153846
ANODE-p1,3,330,1.0,157.07692307692307
ANODE-p1,3,331,1.0,155.69230769230768
ANODE-p1,3,332,1.0,154.76923076923077
ANODE-p1,3,333,1.0,156.15384615384616
ANODE-p1,3,334,1.0,157.07692307692307
ANODE-p1,3,335,1.0,156.15384615384616
ANODE-p1,3,336,1.0,155.23076923076923
ANODE-p1,3,337,1.0,152.92307692307693
ANODE-p1,3,338,1.0,156.6153846153846
ANODE-p1,3,339,1.0,155.69230769230768
ANODE-p1,3,340,1.0,157.53846153846155
ANODE-p1,3,341,1.0,155.69230769230768
ANODE-p1,3,342,1.0,153.3846153846154
ANODE-p1,3,343,1.0,154.30769230769232
ANODE-p1,3,344,1.0,154.76923076923077
ANODE-p1,3,345,1.0,156.6153846153846
ANODE-p1,3,346,1.0,154.30769230769232
ANODE-p1,3,347,1.0,154.76923076923077
ANODE-p1,3,348,1.0,155.23076923076923
ANODE-p1,3,349,1.0,157.07692307692307
ANODE-p1,3,350,1.0,159.3846153846154
ANODE-p1,3,351,1.0,155.23076923076923
ANODE-p1,3,352,1.0,155.23076923076923
ANODE-p1,3,353,1.0,158.92307692307693
ANODE-p1,3,354,1.0,155.69230769230768
ANODE-p1,3,355,1.0,156.6153846153846
ANODE-p1,3,356,1.0,156.15384615384616
ANODE-p1,3,357,1.0,155.69230769230768
ANODE-p1,3,358,1.0,154.30769230769232
ANODE-p1,3,359,1.0,156.15384615384616
ANODE-p1,3,360,1.0,156.15384615384616
ANODE-p1,3,361,1.0,155.69230769230768
ANODE-p1,3,362,1.0,152.92307692307693
ANODE-p1,3,363,1.0,157.07692307692307
ANODE-p1,3,364,1.0,154.76923076923077
ANODE-p1,3,365,1.0,155.23076923076923
ANODE-p1,3,366,1.0,155.23076923076923
ANODE-p1,3,367,1.0,154.76923076923077
ANODE-p1,3,368,1.0,156.6153846153846
ANODE-p1,3,369,1.0,158.92307692307693
ANODE-p1,3,370,1.0,154.76923076923077
ANODE-p1,3,371,1.0,155.69230769230768
ANODE-p1,3,372,1.0,156.15384615384616
ANODE-p1,3,373,1.0,156.6153846153846
ANODE-p1,3,374,1.0,156.15384615384616
ANODE-p1,3,375,1.0,158.46153846153845
ANODE-p1,3,376,1.0,153.84615384615384
ANODE-p1,3,377,1.0,158.0
ANODE-p1,3,378,1.0,157.07692307692307
ANODE-p1,3,379,1.0,157.07692307692307
ANODE-p1,3,380,1.0,157.07692307692307
ANODE-p1,3,381,1.0,156.15384615384616
ANODE-p1,3,382,1.0,156.6153846153846
ANODE-p1,3,383,1.0,158.0
ANODE-p1,3,384,1.0,153.84615384615384
ANODE-p1,3,385,1.0,158.46153846153845
ANODE-p1,3,386,1.0,159.84615384615384
ANODE-p1,3,387,1.0,153.84615384615384
ANODE-p1,3,388,1.0,154.76923076923077
ANODE-p1,3,389,1.0,154.76923076923077
ANODE-p1,3,390,1.0,155.23076923076923
ANODE-p1,3,391,1.0,156.15384615384616
ANODE-p1,3,392,1.0,154.76923076923077
ANODE-p1,3,393,1.0,155.23076923076923
ANODE-p1,3,394,1.0,156.15384615384616
ANODE-p1,3,395,1.0,158.46153846153845
ANODE-p1,3,396,1.0,153.84615384615384
ANODE-p1,3,397,1.0,158.0
ANODE-p1,3,398,1.0,155.23076923076923
ANODE-p1,3,399,1.0,155.23076923076923
ANODE-p1,3,400,1.0,155.23076923076923
ANODE-p1,3,401,1.0,157.07692307692307
ANODE-p1,3,402,1.0,157.07692307692307
ANODE-p1,3,403,1.0,155.23076923076923
ANODE-p1,3,404,1.0,155.69230769230768
ANODE-p1,3,405,1.0,155.69230769230768
ANODE-p1,3,406,1.0,158.0
ANODE-p1,3,407,1.0,156.15384615384616
ANODE-p1,3,408,1.0,156.15384615384616
ANODE-p1,3,409,1.0,157.07692307692307
ANODE-p1,3,410,1.0,158.0
ANODE-p1,3,411,1.0,157.07692307692307
ANODE-p1,3,412,1.0,157.07692307692307
ANODE-p1,3,413,1.0,157.07692307692307
ANODE-p1,3,414,1.0,156.15384615384616
ANODE-p1,3,415,1.0,158.92307692307693
ANODE-p1,3,416,1.0,157.53846153846155
ANODE-p1,3,417,1.0,157.53846153846155
ANODE-p1,3,418,1.0,156.6153846153846
ANODE-p1,3,419,1.0,157.53846153846155
ANODE-p1,3,420,1.0,155.23076923076923
ANODE-p1,3,421,1.0,154.76923076923077
ANODE-p1,3,422,1.0,159.3846153846154
ANODE-p1,3,423,1.0,156.6153846153846
ANODE-p1,3,424,1.0,158.0
ANODE-p1,3,425,1.0,158.46153846153845
ANODE-p1,3,426,1.0,158.46153846153845
ANODE-p1,3,427,1.0,156.15384615384616
ANODE-p1,3,428,1.0,156.6153846153846
ANODE-p1,3,429,1.0,153.3846153846154
ANODE-p1,3,430,1.0,157.07692307692307
ANODE-p1,3,431,1.0,156.6153846153846
ANODE-p1,3,432,1.0,155.69230769230768
ANODE-p1,3,433,1.0,158.46153846153845
ANODE-p1,3,434,1.0,156.6153846153846
ANODE-p1,3,435,1.0,157.53846153846155
ANODE-p1,3,436,1.0,155.69230769230768
ANODE-p1,3,437,1.0,159.3846153846154
ANODE-p1,3,438,1.0,157.07692307692307
ANODE-p1,3,439,1.0,157.53846153846155
ANODE-p1,3,440,1.0,158.92307692307693
ANODE-p1,3,441,1.0,155.23076923076923
ANODE-p1,3,442,1.0,154.76923076923077
ANODE-p1,3,443,1.0,157.07692307692307
ANODE-p1,3,444,1.0,157.07692307692307
ANODE-p1,3,445,1.0,157.07692307692307
ANODE-p1,3,446,1.0,157.53846153846155
ANODE-p1,3,447,1.0,156.15384615384616
ANODE-p1,3,448,1.0,156.6153846153846
ANODE-p1,3,449,1.0,153.84615384615384
ANODE-p1,3,450,1.0,155.69230769230768
ANODE-p1,3,451,1.0,154.76923076923077
ANODE-p1,3,452,1.0,155.23076923076923
ANODE-p1,3,453,1.0,155.69230769230768
ANODE-p1,3,454,1.0,157.07692307692307
ANODE-p1,3,455,1.0,157.07692307692307
ANODE-p1,3,456,1.0,156.6153846153846
ANODE-p1,3,457,1.0,156.6153846153846
ANODE-p1,3,458,1.0,158.92307692307693
ANODE-p1,3,459,1.0,156.15384615384616
ANODE-p1,3,460,1.0,156.6153846153846
ANODE-p1,3,461,1.0,158.0
ANODE-p1,3,462,1.0,156.15384615384616
ANODE-p1,3,463,1.0,158.46153846153845
ANODE-p1,3,464,1.0,156.6153846153846
ANODE-p1,3,465,1.0,157.53846153846155
ANODE-p1,3,466,1.0,157.07692307692307
ANODE-p1,3,467,1.0,158.92307692307693
ANODE-p1,3,468,1.0,155.23076923076923
ANODE-p1,3,469,1.0,156.6153846153846
ANODE-p1,3,470,1.0,156.15384615384616
ANODE-p1,3,471,1.0,160.30769230769232
ANODE-p1,3,472,1.0,157.07692307692307
ANODE-p1,3,473,1.0,156.15384615384616
ANODE-p1,3,474,1.0,158.46153846153845
ANODE-p1,3,475,1.0,158.0
ANODE-p1,3,476,1.0,156.6153846153846
ANODE-p1,3,477,1.0,158.0
ANODE-p1,3,478,1.0,156.6153846153846
ANODE-p1,3,479,1.0,158.92307692307693
ANODE-p1,3,480,1.0,154.76923076923077
ANODE-p1,3,481,1.0,155.69230769230768
ANODE-p1,3,482,1.0,157.07692307692307
ANODE-p1,3,483,1.0,155.23076923076923
ANODE-p1,3,484,1.0,158.92307692307693
ANODE-p1,3,485,1.0,157.53846153846155
ANODE-p1,3,486,1.0,158.0
ANODE-p1,3,487,1.0,157.07692307692307
ANODE-p1,3,488,1.0,156.6153846153846
ANODE-p1,3,489,1.0,158.92307692307693
ANODE-p1,3,490,1.0,158.92307692307693
ANODE-p1,3,491,1.0,156.6153846153846
ANODE-p1,3,492,1.0,159.3846153846154
ANODE-p1,3,493,1.0,155.23076923076923
ANODE-p1,3,494,1.0,157.53846153846155
ANODE-p1,3,495,1.0,158.0
ANODE-p1,3,496,1.0,153.84615384615384
ANODE-p1,3,497,1.0,158.0
ANODE-p1,3,498,1.0,154.76923076923077
ANODE-p1,3,499,1.0,154.76923076923077
ANODE-p1,3,500,1.0,155.69230769230768
ANODE-p1,4,1,0.50125,44.0
ANODE-p1,4,2,0.51375,45.38461538461539
ANODE-p1,4,3,0.55,50.92307692307692
ANODE-p1,4,4,0.68125,64.3076923076923
ANODE-p1,4,5,0.9025,92.0
ANODE-p1,4,6,0.99625,133.07692307692307
ANODE-p1,4,7,1.0,159.3846153846154
ANODE-p1,4,8,1.0,170.92307692307693
ANODE-p1,4,9,1.0,179.23076923076923
ANODE-p1,4,10,1.0,179.23076923076923
ANODE-p1,4,11,1.0,179.23076923076923
ANODE-p1,4,12,1.0,179.23076923076923
ANODE-p1,4,13,1.0,178.30769230769232
ANODE-p1,4,14,1.0,180.15384615384616
ANODE-p1,4,15,1.0,178.76923076923077
ANODE-p1,4,16,1.0,180.15384615384616
ANODE-p1,4,17,1.0,181.07692307692307
ANODE-p1,4,18,1.0,179.69230769230768
ANODE-p1,4,19,1.0,182.92307692307693
ANODE-p1,4,20,1.0,180.6153846153846
ANODE-p1,4,21,1.0,178.76923076923077
ANODE-p1,4,22,1.0,183.3846153846154
ANODE-p1,4,23,1.0,180.6153846153846
ANODE-p1,4,24,1.0,179.69230769230768
ANODE-p1,4,25,1.0,181.07692307692307
ANODE-p1,4,26,1.0,182.0
ANODE-p1,4,27,1.0,179.69230769230768
ANODE-p1,4,28,1.0,180.15384615384616
ANODE-p1,4,29,1.0,180.6153846153846
ANODE-p1,4,30,1.0,182.46153846153845
ANODE-p1,4,31,1.0,178.30769230769232
ANODE-p1,4,32,1.0,184.76923076923077
ANODE-p1,4,33,1.0,183.3846153846154
ANODE-p1,4,34,1.0,182.92307692307693
ANODE-p1,4,35,1.0,180.15384615384616
ANODE-p1,4,36,1.0,183.3846153846154
ANODE-p1,4,37,1.0,182.0
ANODE-p1,4,38,1.0,180.15384615384616
ANODE-p1,4,39,1.0,182.0
ANODE-p1,4,40,1.0,179.69230769230768
ANODE-p1,4,41,1.0,179.23076923076923
ANODE-p1,4,42,1.0,182.46153846153845
ANODE-p1,4,43,1.0,181.07692307692307
ANODE-p1,4,44,1.0,182.46153846153845
ANODE-p1,4,45,1.0,182.92307692307693
ANODE-p1,4,46,1.0,184.76923076923077
ANODE-p1,4,47,1.0,180.15384615384616
ANODE-p1,4,48,1.0,186.6153846153846
ANODE-p1,4,49,1.0,181.07692307692307
ANODE-p1,4,50,1.0,183.84615384615384
ANODE-p1,4,51,1.0,181.07692307692307
ANODE-p1,4,52,1.0,183.3846153846154
ANODE-p1,4,53,1.0,180.6153846153846
ANODE-p1,4,54,1.0,180.15384615384616
ANODE-p1,4,55,1.0,184.30769230769232
ANODE-p1,4,56,1.0,181.53846153846155
ANODE-p1,4,57,1.0,181.53846153846155
ANODE-p1,4,58,1.0,181.53846153846155
ANODE-p1,4,59,1.0,180.6153846153846
ANODE-p1,4,60,1.0,186.6153846153846
ANODE-p1,4,61,1.0,183.84615384615384
ANODE-p1,4,62,1.0,183.3846153846154
ANODE-p1,4,63,1.0,182.0
ANODE-p1,4,64,1.0,186.6153846153846
ANODE-p1,4,65,1.0,178.76923076923077
ANODE-p1,4,66,1.0,186.15384615384616
ANODE-p1,4,67,1.0,183.3846153846154
ANODE-p1,4,68,1.0,182.92307692307693
ANODE-p1,4,69,1.0,187.07692307692307
ANODE-p1,4,70,1.0,183.3846153846154
ANODE-p1,4,71,1.0,185.23076923076923
ANODE-p1,4,72,1.0,185.23076923076923
ANODE-p1,4,73,1.0,182.92307692307693
ANODE-p1,4,74,1.0,184.76923076923077
ANODE-p1,4,75,1.0,185.23076923076923
ANODE-p1,4,76,1.0,185.69230769230768
ANODE-p1,4,77,1.0,181.53846153846155
ANODE-p1,4,78,1.0,182.46153846153845
ANODE-p1,4,79,1.0,182.92307692307693
ANODE-p1,4,80,1.0,186.6153846153846
ANODE-p1,4,81,1.0,184.76923076923077
ANODE-p1,4,82,1.0,179.69230769230768
ANODE-p1,4,83,1.0,183.84615384615384
ANODE-p1,4,84,1.0,186.15384615384616
ANODE-p1,4,85,1.0,185.23076923076923
ANODE-p1,4,86,1.0,183.3846153846154
ANODE-p1,4,87,1.0,183.84615384615384
ANODE-p1,4,88,1.0,183.84615384615384
ANODE-p1,4,89,1.0,184.30769230769232
ANODE-p1,4,90,1.0,182.0
ANODE-p1,4,91,1.0,180.6153846153846
ANODE-p1,4,92,1.0,185.69230769230768
ANODE-p1,4,93,1.0,183.3846153846154
ANODE-p1,4,94,1.0,184.76923076923077
ANODE-p1,4,95,1.0,181.53846153846155
ANODE-p1,4,96,1.0,182.46153846153845
ANODE-p1,4,97,1.0,185.69230769230768
ANODE-p1,4,98,1.0,182.0
ANODE-p1,4,99,1.0,183.3846153846154
ANODE-p1,4,100,1.0,185.23076923076923
ANODE-p1,4,101,1.0,181.53846153846155
ANODE-p1,4,102,1.0,188.0
ANODE-p1,4,103,1.0,183.3846153846154
ANODE-p1,4,104,1.0,182.46153846153845
ANODE-p1,4,105,1.0,182.46153846153845
ANODE-p1,4,106,1.0,186.6153846153846
ANODE-p1,4,107,1.0,186.15384615384616
ANODE-p1,4,108,1.0,183.84615384615384
ANODE-p1,4,109,1.0,179.23076923076923
ANODE-p1,4,110,1.0,185.23076923076923
ANODE-p1,4,111,1.0,183.3846153846154
ANODE-p1,4,112,1.0,182.0
ANODE-p1,4,113,1.0,184.30769230769232
ANODE-p1,4,114,1.0,184.30769230769232
ANODE-p1,4,115,1.0,183.84615384615384
ANODE-p1,4,116,1.0,181.07692307692307
ANODE-p1,4,117,1.0,184.30769230769232
ANODE-p1,4,118,1.0,182.92307692307693
ANODE-p1,4,119,1.0,183.84615384615384
ANODE-p1,4,120,1.0,186.15384615384616
ANODE-p1,4,121,1.0,184.76923076923077
ANODE-p1,4,122,1.0,185.69230769230768
ANODE-p1,4,123,1.0,184.76923076923077
ANODE-p1,4,124,1.0,183.84615384615384
ANODE-p1,4,125,1.0,184.76923076923077
ANODE-p1,4,126,1.0,184.76923076923077
ANODE-p1,4,127,1.0,184.30769230769232
ANODE-p1,4,128,1.0,186.6153846153846
ANODE-p1,4,129,1.0,182.46153846153845
ANODE-p1,4,130,1.0,183.84615384615384
ANODE-p1,4,131,1.0,186.6153846153846
ANODE-p1,4,132,1.0,189.84615384615384
ANODE-p1,4,133,1.0,184.30769230769232
ANODE-p1,4,134,1.0,183.3846153846154
ANODE-p1,4,135,1.0,182.92307692307693
ANODE-p1,4,136,1.0,183.84615384615384
ANODE-p1,4,137,1.0,183.3846153846154
ANODE-p1,4,138,1.0,188.0
ANODE-p1,4,139,1.0,184.76923076923077
ANODE-p1,4,140,1.0,183.3846153846154
ANODE-p1,4,141,1.0,186.15384615384616
ANODE-p1,4,142,1.0,184.76923076923077
ANODE-p1,4,143,1.0,187.53846153846155
ANODE-p1,4,144,1.0,183.3846153846154
ANODE-p1,4,145,1.0,184.76923076923077
ANODE-p1,4,146,1.0,184.30769230769232
ANODE-p1,4,147,1.0,187.07692307692307
ANODE-p1,4,148,1.0,189.84615384615384
ANODE-p1,4,149,1.0,184.76923076923077
ANODE-p1,4,150,1.0,186.15384615384616
ANODE-p1,4,151,1.0,184.76923076923077
ANODE-p1,4,152,1.0,185.23076923076923
ANODE-p1,4,153,1.0,187.07692307692307
ANODE-p1,4,154,1.0,181.53846153846155
ANODE-p1,4,155,1.0,181.53846153846155
ANODE-p1,4,156,1.0,185.23076923076923
ANODE-p1,4,157,1.0,183.84615384615384
ANODE-p1,4,158,1.0,185.23076923076923
ANODE-p1,4,159,1.0,185.69230769230768
ANODE-p1,4,160,1.0,183.84615384615384
ANODE-p1,4,161,1.0,186.15384615384616
ANODE-p1,4,162,1.0,185.69230769230768
ANODE-p1,4,163,1.0,182.92307692307693
ANODE-p1,4,164,1.0,186.15384615384616
ANODE-p1,4,165,1.0,184.76923076923077
ANODE-p1,4,166,1.0,182.0
ANODE-p1,4,167,1.0,184.76923076923077
ANODE-p1,4,168,1.0,187.07692307692307
ANODE-p1,4,169,1.0,185.69230769230768
ANODE-p1,4,170,1.0,184.76923076923077
ANODE-p1,4,171,1.0,186.6153846153846
ANODE-p1,4,172,1.0,185.69230769230768
ANODE-p1,4,173,1.0,186.6153846153846
ANODE-p1,4,174,1.0,183.84615384615384
ANODE-p1,4,175,1.0,182.92307692307693
ANODE-p1,4,176,1.0,182.92307692307693
ANODE-p1,4,177,1.0,184.30769230769232
ANODE-p1,4,178,1.0,181.53846153846155
ANODE-p1,4,179,1.0,184.76923076923077
ANODE-p1,4,180,1.0,182.92307692307693
ANODE-p1,4,181,1.0,183.3846153846154
ANODE-p1,4,182,1.0,187.53846153846155
ANODE-p1,4,183,1.0,184.30769230769232
ANODE-p1,4,184,1.0,187.53846153846155
ANODE-p1,4,185,1.0,187.07692307692307
ANODE-p1,4,186,1.0,188.0
ANODE-p1,4,187,1.0,191.23076923076923
ANODE-p1,4,188,1.0,184.30769230769232
ANODE-p1,4,189,1.0,182.92307692307693
ANODE-p1,4,190,1.0,185.69230769230768
ANODE-p1,4,191,1.0,185.23076923076923
ANODE-p1,4,192,1.0,187.53846153846155
ANODE-p1,4,193,1.0,187.07692307692307
ANODE-p1,4,194,1.0,185.69230769230768
ANODE-p1,4,195,1.0,182.46153846153845
ANODE-p1,4,196,1.0,180.6153846153846
ANODE-p1,4,197,1.0,183.3846153846154
ANODE-p1,4,198,1.0,189.3846153846154
ANODE-p1,4,199,1.0,187.07692307692307
ANODE-p1,4,200,1.0,188.0
ANODE-p1,4,201,1.0,185.23076923076923
ANODE-p1,4,202,1.0,188.92307692307693
ANODE-p1,4,203,1.0,182.92307692307693
ANODE-p1,4,204,1.0,186.6153846153846
ANODE-p1,4,205,1.0,184.76923076923077
ANODE-p1,4,206,1.0,185.23076923076923
ANODE-p1,4,207,1.0,185.23076923076923
ANODE-p1,4,208,1.0,188.0
ANODE-p1,4,209,1.0,186.6153846153846
ANODE-p1,4,210,1.0,185.69230769230768
ANODE-p1,4,211,1.0,186.6153846153846
ANODE-p1,4,212,1.0,184.76923076923077
ANODE-p1,4,213,1.0,182.92307692307693
ANODE-p1,4,214,1.0,186.15384615384616
ANODE-p1,4,215,1.0,186.6153846153846
ANODE-p1,4,216,1.0,186.6153846153846
ANODE-p1,4,217,1.0,185.69230769230768
ANODE-p1,4,218,1.0,184.30769230769232
ANODE-p1,4,219,1.0,185.23076923076923
ANODE-p1,4,220,1.0,186.6153846153846
ANODE-p1,4,221,1.0,185.69230769230768
ANODE-p1,4,222,1.0,185.69230769230768
ANODE-p1,4,223,1.0,183.3846153846154
ANODE-p1,4,224,1.0,183.84615384615384
ANODE-p1,4,225,1.0,183.84615384615384
ANODE-p1,4,226,1.0,187.53846153846155
ANODE-p1,4,227,1.0,187.07692307692307
ANODE-p1,4,228,1.0,187.07692307692307
ANODE-p1,4,229,1.0,183.84615384615384
ANODE-p1,4,230,1.0,184.76923076923077
ANODE-p1,4,231,1.0,184.30769230769232
ANODE-p1,4,232,1.0,189.3846153846154
ANODE-p1,4,233,1.0,184.76923076923077
ANODE-p1,4,234,1.0,186.15384615384616
ANODE-p1,4,235,1.0,185.23076923076923
ANODE-p1,4,236,1.0,182.92307692307693
ANODE-p1,4,237,1.0,188.92307692307693
ANODE-p1,4,238,1.0,185.23076923076923
ANODE-p1,4,239,1.0,184.76923076923077
ANODE-p1,4,240,1.0,185.69230769230768
ANODE-p1,4,241,1.0,188.0
ANODE-p1,4,242,1.0,188.46153846153845
ANODE-p1,4,243,1.0,186.15384615384616
ANODE-p1,4,244,1.0,185.23076923076923
ANODE-p1,4,245,1.0,188.0
ANODE-p1,4,246,1.0,187.53846153846155
ANODE-p1,4,247,1.0,185.23076923076923
ANODE-p1,4,248,1.0,188.46153846153845
ANODE-p1,4,249,1.0,187.07692307692307
ANODE-p1,4,250,1.0,186.6153846153846
ANODE-p1,4,251,1.0,184.30769230769232
ANODE-p1,4,252,1.0,184.30769230769232
ANODE-p1,4,253,1.0,184.76923076923077
ANODE-p1,4,254,1.0,186.15384615384616
ANODE-p1,4,255,1.0,186.15384615384616
ANODE-p1,4,256,1.0,185.23076923076923
ANODE-p1,4,257,1.0,184.76923076923077
ANODE-p1,4,258,1.0,188.0
ANODE-p1,4,259,1.0,184.76923076923077
ANODE-p1,4,260,1.0,188.92307692307693
ANODE-p1,4,261,1.0,189.3846153846154
ANODE-p1,4,262,1.0,188.92307692307693
ANODE-p1,4,263,1.0,185.23076923076923
ANODE-p1,4,264,1.0,184.76923076923077
ANODE-p1,4,265,1.0,188.46153846153845
ANODE-p1,4,266,1.0,183.3846153846154
ANODE-p1,4,267,1.0,185.69230769230768
ANODE-p1,4,268,1.0,186.6153846153846
ANODE-p1,4,269,1.0,185.23076923076923
ANODE-p1,4,270,1.0,188.0
ANODE-p1,4,271,1.0,185.69230769230768
ANODE-p1,4,272,1.0,188.0
ANODE-p1,4,273,1.0,184.76923076923077
ANODE-p1,4,274,1.0,186.6153846153846
ANODE-p1,4,275,1.0,190.76923076923077
ANODE-p1,4,276,1.0,188.0
ANODE-p1,4,277,1.0,189.84615384615384
ANODE-p1,4,278,1.0,185.69230769230768
ANODE-p1,4,279,1.0,188.0
ANODE-p1,4,280,1.0,190.30769230769232
ANODE-p1,4,281,1.0,186.15384615384616
ANODE-p1,4,282,1.0,183.84615384615384
ANODE-p1,4,283,1.0,186.6153846153846
ANODE-p1,4,284,1.0,186.6153846153846
ANODE-p1,4,285,1.0,186.15384615384616
ANODE-p1,4,286,1.0,186.6153846153846
ANODE-p1,4,287,1.0,184.30769230769232
ANODE-p1,4,288,1.0,185.23076923076923
ANODE-p1,4,289,1.0,182.46153846153845
ANODE-p1,4,290,1.0,186.6153846153846
ANODE-p1,4,291,1.0,185.69230769230768
ANODE-p1,4,292,1.0,187.07692307692307
ANODE-p1,4,293,1.0,187.53846153846155
ANODE-p1,4,294,1.0,187.07692307692307
ANODE-p1,4,295,1.0,186.6153846153846
ANODE-p1,4,296,1.0,188.0
ANODE-p1,4,297,1.0,183.3846153846154
ANODE-p1,4,298,1.0,187.53846153846155
ANODE-p1,4,299,1.0,185.69230769230768
ANODE-p1,4,300,1.0,185.23076923076923
ANODE-p1,4,301,1.0,191.23076923076923
ANODE-p1,4,302,1.0,187.53846153846155
ANODE-p1,4,303,1.0,190.30769230769232
ANODE-p1,4,304,1.0,191.23076923076923
ANODE-p1,4,305,1.0,187.53846153846155
ANODE-p1,4,306,1.0,185.69230769230768
ANODE-p1,4,307,1.0,184.76923076923077
ANODE-p1,4,308,1.0,184.30769230769232
ANODE-p1,4,309,1.0,184.30769230769232
ANODE-p1,4,310,1.0,184.76923076923077
ANODE-p1,4,311,1.0,186.15384615384616
ANODE-p1,4,312,1.0,184.30769230769232
ANODE-p1,4,313,1.0,186.15384615384616
ANODE-p1,4,314,1.0,188.0
ANODE-p1,4,315,1.0,183.3846153846154
ANODE-p1,4,316,1.0,183.84615384615384
ANODE-p1,4,317,1.0,188.0
ANODE-p1,4,318,1.0,185.69230769230768
ANODE-p1,4,319,1.0,187.07692307692307
ANODE-p1,4,320,1.0,184.30769230769232
ANODE-p1,4,321,1.0,188.0
ANODE-p1,4,322,1.0,185.69230769230768
ANODE-p1,4,323,1.0,188.0
ANODE-p1,4,324,1.0,189.84615384615384
ANODE-p1,4,325,1.0,187.07692307692307
ANODE-p1,4,326,1.0,187.07692307692307
ANODE-p1,4,327,1.0,186.15384615384616
ANODE-p1,4,328,1.0,186.15384615384616
ANODE-p1,4,329,1.0,187.53846153846155
ANODE-p1,4,330,1.0,187.53846153846155
ANODE-p1,4,331,1.0,183.3846153846154
ANODE-p1,4,332,1.0,186.15384615384616
ANODE-p1,4,333,1.0,186.6153846153846
ANODE-p1,4,334,1.0,188.92307692307693
ANODE-p1,4,335,1.0,188.46153846153845
ANODE-p1,4,336,1.0,185.23076923076923
ANODE-p1,4,337,1.0,189.3846153846154
ANODE-p1,4,338,1.0,184.76923076923077
ANODE-p1,4,339,1.0,189.84615384615384
ANODE-p1,4,340,1.0,187.07692307692307
ANODE-p1,4,341,1.0,186.15384615384616
ANODE-p1,4,342,1.0,186.6153846153846
ANODE-p1,4,343,1.0,187.53846153846155
ANODE-p1,4,344,1.0,184.30769230769232
ANODE-p1,4,345,1.0,186.15384615384616
ANODE-p1,4,346,1.0,186.6153846153846
ANODE-p1,4,347,1.0,183.3846153846154
ANODE-p1,4,348,1.0,184.30769230769232
ANODE-p1,4,349,1.0,184.76923076923077
ANODE-p1,4,350,1.0,190.76923076923077
ANODE-p1,4,351,1.0,188.0
ANODE-p1,4,352,1.0,183.84615384615384
ANODE-p1,4,353,1.0,188.46153846153845
ANODE-p1,4,354,1.0,185.69230769230768
ANODE-p1,4,355,1.0,187.07692307692307
ANODE-p1,4,356,1.0,186.6153846153846
ANODE-p1,4,357,1.0,187.07692307692307
ANODE-p1,4,358,1.0,192.6153846153846
ANODE-p1,4,359,1.0,187.07692307692307
ANODE-p1,4,360,1.0,187.07692307692307
ANODE-p1,4,361,1.0,188.0
ANODE-p1,4,362,1.0,186.6153846153846
ANODE-p1,4,363,1.0,190.30769230769232
ANODE-p1,4,364,1.0,189.84615384615384
ANODE-p1,4,365,1.0,186.15384615384616
ANODE-p1,4,366,1.0,187.07692307692307
ANODE-p1,4,367,1.0,185.69230769230768
ANODE-p1,4,368,1.0,188.0
ANODE-p1,4,369,1.0,186.6153846153846
ANODE-p1,4,370,1.0,186.15384615384616
ANODE-p1,4,371,1.0,185.69230769230768
ANODE-p1,4,372,1.0,186.15384615384616
ANODE-p1,4,373,1.0,188.46153846153845
ANODE-p1,4,374,1.0,187.07692307692307
ANODE-p1,4,375,1.0,187.53846153846155
ANODE-p1,4,376,1.0,185.23076923076923
ANODE-p1,4,377,1.0,188.92307692307693
ANODE-p1,4,378,1.0,186.6153846153846
ANODE-p1,4,379,1.0,190.76923076923077
ANODE-p1,4,380,1.0,187.53846153846155
ANODE-p1,4,381,1.0,185.69230769230768
ANODE-p1,4,382,1.0,184.30769230769232
ANODE-p1,4,383,1.0,186.15384615384616
ANODE-p1,4,384,1.0,187.07692307692307
ANODE-p1,4,385,1.0,188.0
ANODE-p1,4,386,1.0,187.07692307692307
ANODE-p1,4,387,1.0,186.6153846153846
ANODE-p1,4,388,1.0,188.92307692307693
ANODE-p1,4,389,1.0,189.84615384615384
ANODE-p1,4,390,1.0,187.53846153846155
ANODE-p1,4,391,1.0,188.92307692307693
ANODE-p1,4,392,1.0,186.15384615384616
ANODE-p1,4,393,1.0,188.0
ANODE-p1,4,394,1.0,184.76923076923077
ANODE-p1,4,395,1.0,188.0
ANODE-p1,4,396,1.0,188.92307692307693
ANODE-p1,4,397,1.0,188.0
ANODE-p1,4,398,1.0,187.53846153846155
ANODE-p1,4,399,1.0,188.0
ANODE-p1,4,400,1.0,188.46153846153845
ANODE-p1,4,401,1.0,188.92307692307693
ANODE-p1,4,402,1.0,188.0
ANODE-p1,4,403,1.0,188.46153846153845
ANODE-p1,4,404,1.0,187.53846153846155
ANODE-p1,4,405,1.0,189.84615384615384
ANODE-p1,4,406,1.0,188.0
ANODE-p1,4,407,1.0,187.53846153846155
ANODE-p1,4,408,1.0,185.69230769230768
ANODE-p1,4,409,1.0,188.46153846153845
ANODE-p1,4,410,1.0,185.69230769230768
ANODE-p1,4,411,1.0,188.46153846153845
ANODE-p1,4,412,1.0,185.23076923076923
ANODE-p1,4,413,1.0,188.0
ANODE-p1,4,414,1.0,189.3846153846154
ANODE-p1,4,415,1.0,188.0
ANODE-p1,4,416,1.0,188.92307692307693
ANODE-p1,4,417,1.0,184.76923076923077
ANODE-p1,4,418,1.0,183.3846153846154
ANODE-p1,4,419,1.0,187.53846153846155
ANODE-p1,4,420,1.0,188.0
ANODE-p1,4,421,1.0,187.07692307692307
ANODE-p1,4,422,1.0,187.53846153846155
ANODE-p1,4,423,1.0,188.0
ANODE-p1,4,424,1.0,187.07692307692307
ANODE-p1,4,425,1.0,189.3846153846154
ANODE-p1,4,426,1.0,192.15384615384616
ANODE-p1,4,427,1.0,189.3846153846154
ANODE-p1,4,428,1.0,187.07692307692307
ANODE-p1,4,429,1.0,184.30769230769232
ANODE-p1,4,430,1.0,192.15384615384616
ANODE-p1,4,431,1.0,189.3846153846154
ANODE-p1,4,432,1.0,185.23076923076923
ANODE-p1,4,433,1.0,187.07692307692307
ANODE-p1,4,434,1.0,189.3846153846154
ANODE-p1,4,435,1.0,185.69230769230768
ANODE-p1,4,436,1.0,188.0
ANODE-p1,4,437,1.0,184.30769230769232
ANODE-p1,4,438,1.0,187.53846153846155
ANODE-p1,4,439,1.0,186.6153846153846
ANODE-p1,4,440,1.0,187.07692307692307
ANODE-p1,4,441,1.0,188.0
ANODE-p1,4,442,1.0,187.53846153846155
ANODE-p1,4,443,1.0,188.0
ANODE-p1,4,444,1.0,186.6153846153846
ANODE-p1,4,445,1.0,187.53846153846155
ANODE-p1,4,446,1.0,185.23076923076923
ANODE-p1,4,447,1.0,189.3846153846154
ANODE-p1,4,448,1.0,188.0
ANODE-p1,4,449,1.0,189.84615384615384
ANODE-p1,4,450,1.0,188.46153846153845
ANODE-p1,4,451,1.0,185.69230769230768
ANODE-p1,4,452,1.0,185.23076923076923
ANODE-p1,4,453,1.0,188.46153846153845
ANODE-p1,4,454,1.0,186.6153846153846
ANODE-p1,4,455,1.0,189.3846153846154
ANODE-p1,4,456,1.0,189.84615384615384
ANODE-p1,4,457,1.0,190.30769230769232
ANODE-p1,4,458,1.0,188.46153846153845
ANODE-p1,4,459,1.0,188.46153846153845
ANODE-p1,4,460,1.0,189.3846153846154
ANODE-p1,4,461,1.0,185.23076923076923
ANODE-p1,4,462,1.0,188.0
ANODE-p1,4,463,1.0,185.69230769230768
ANODE-p1,4,464,1.0,190.30769230769232
ANODE-p1,4,465,1.0,187.07692307692307
ANODE-p1,4,466,1.0,186.6153846153846
ANODE-p1,4,467,1.0,184.76923076923077
ANODE-p1,4,468,1.0,186.6153846153846
ANODE-p1,4,469,1.0,186.15384615384616
ANODE-p1,4,470,1.0,188.0
ANODE-p1,4,471,1.0,189.84615384615384
ANODE-p1,4,472,1.0,186.6153846153846
ANODE-p1,4,473,1.0,188.46153846153845
ANODE-p1,4,474,1.0,188.0
ANODE-p1,4,475,1.0,190.30769230769232
ANODE-p1,4,476,1.0,188.0
ANODE-p1,4,477,1.0,186.15384615384616
ANODE-p1,4,478,1.0,187.53846153846155
ANODE-p1,4,479,1.0,189.3846153846154
ANODE-p1,4,480,1.0,188.92307692307693
ANODE-p1,4,481,1.0,188.46153846153845
ANODE-p1,4,482,1.0,190.30769230769232
ANODE-p1,4,483,1.0,188.0
ANODE-p1,4,484,1.0,185.23076923076923
ANODE-p1,4,485,1.0,190.76923076923077
ANODE-p1,4,486,1.0,194.46153846153845
ANODE-p1,4,487,1.0,186.15384615384616
ANODE-p1,4,488,1.0,187.53846153846155
ANODE-p1,4,489,1.0,188.46153846153845
ANODE-p1,4,490,1.0,186.15384615384616
ANODE-p1,4,491,1.0,188.46153846153845
ANODE-p1,4,492,1.0,188.0
ANODE-p1,4,493,1.0,183.84615384615384
ANODE-p1,4,494,1.0,185.23076923076923
ANODE-p1,4,495,1.0,190.30769230769232
ANODE-p1,4,496,1.0,188.92307692307693
ANODE-p1,4,497,1.0,187.07692307692307
ANODE-p1,4,498,1.0,189.3846153846154
ANODE-p1,4,499,1.0,187.53846153846155
ANODE-p1,4,500,1.0,189.84615384615384
